model,layer,projection,alpha,aggregate,n_matrices,gini_base_mean,gini_alpha_mean,delta_gini_mean,delta_gini_max,top_sv_rel_mean,top_sv_rel_max,top_sv_abs_delta_mean,top_sv_abs_delta_max,top_to_geomean_base_mean,top_to_geomean_base_max
llama31_8b_instruct,0,down_proj,-0.2,dense,1,0.1797213852405548,0.14465393126010895,-0.03506745398044586,-0.03506745398044586,0.7152885783514455,0.7152885783514455,-1.9237895011901855,-1.9237895011901855,5.34064305376338,5.34064305376338
llama31_8b_instruct,0,down_proj,-0.15,dense,1,0.1797213852405548,0.15346522629261017,-0.02625615894794464,-0.02625615894794464,0.7777875242185921,0.7777875242185921,-1.5014853477478027,-1.5014853477478027,5.34064305376338,5.34064305376338
llama31_8b_instruct,0,down_proj,-0.1,dense,1,0.1797213852405548,0.16224703192710876,-0.017474353313446045,-0.017474353313446045,0.8457473546117034,0.8457473546117034,-1.0422821044921875,-1.0422821044921875,5.34064305376338,5.34064305376338
llama31_8b_instruct,0,down_proj,-0.05,dense,1,0.1797213852405548,0.17099909484386444,-0.008722290396690369,-0.008722290396690369,0.9196452609186111,0.9196452609186111,-0.5429553985595703,-0.5429553985595703,5.34064305376338,5.34064305376338
llama31_8b_instruct,0,down_proj,0.0,dense,1,0.1797213852405548,0.1797213852405548,0.0,0.0,1.0,1.0,0.0,0.0,5.34064305376338,5.34064305376338
llama31_8b_instruct,0,down_proj,0.05,dense,1,0.1797213852405548,0.1884137988090515,0.008692413568496704,0.008692413568496704,1.0873758460849594,1.0873758460849594,0.5903968811035156,0.5903968811035156,5.34064305376338,5.34064305376338
llama31_8b_instruct,0,down_proj,0.1,dense,1,0.1797213852405548,0.19707638025283813,0.017354995012283325,0.017354995012283325,1.1823861898187173,1.1823861898187173,1.2323799133300781,1.2323799133300781,5.34064305376338,5.34064305376338
llama31_8b_instruct,0,down_proj,0.15,dense,1,0.1797213852405548,0.20570909976959229,0.025987714529037476,0.025987714529037476,1.2856982664233898,1.2856982664233898,1.930457592010498,1.930457592010498,5.34064305376338,5.34064305376338
llama31_8b_instruct,0,down_proj,0.2,dense,1,0.1797213852405548,0.21431215107440948,0.034590765833854675,0.034590765833854675,1.398037107593532,1.398037107593532,2.6895289421081543,2.6895289421081543,5.34064305376338,5.34064305376338
llama31_8b_instruct,0,up_proj,-0.2,dense,1,0.18657641112804413,0.15022721886634827,-0.03634919226169586,-0.03634919226169586,0.7400244824545792,0.7400244824545792,-1.4655685424804688,-1.4655685424804688,4.5057768365713455,4.5057768365713455
llama31_8b_instruct,0,up_proj,-0.15,dense,1,0.18657641112804413,0.15936033427715302,-0.027216076850891113,-0.027216076850891113,0.7978744316693881,0.7978744316693881,-1.139449119567871,-1.139449119567871,4.5057768365713455,4.5057768365713455
llama31_8b_instruct,0,up_proj,-0.1,dense,1,0.18657641112804413,0.16846294701099396,-0.01811346411705017,-0.01811346411705017,0.8602467497139316,0.8602467497139316,-0.7878355979919434,-0.7878355979919434,4.5057768365713455,4.5057768365713455
llama31_8b_instruct,0,up_proj,-0.05,dense,1,0.18657641112804413,0.17753498256206512,-0.009041428565979004,-0.009041428565979004,0.9274949197891721,0.9274949197891721,-0.4087352752685547,-0.4087352752685547,4.5057768365713455,4.5057768365713455
llama31_8b_instruct,0,up_proj,0.0,dense,1,0.18657641112804413,0.18657641112804413,0.0,0.0,1.000000084585595,1.000000084585595,4.76837158203125e-07,4.76837158203125e-07,4.5057768365713455,4.5057768365713455
llama31_8b_instruct,0,up_proj,0.05,dense,1,0.18657641112804413,0.1955871433019638,0.009010732173919678,0.009010732173919678,1.0781731609230791,1.0781731609230791,0.4406881332397461,0.4406881332397461,4.5057768365713455,4.5057768365713455
llama31_8b_instruct,0,up_proj,0.1,dense,1,0.18657641112804413,0.20456711947917938,0.017990708351135254,0.017990708351135254,1.16245729273315,1.16245729273315,0.9158258438110352,0.9158258438110352,4.5057768365713455,4.5057768365713455
llama31_8b_instruct,0,up_proj,0.15,dense,1,0.18657641112804413,0.21351628005504608,0.026939868927001953,0.026939868927001953,1.2533301348700394,1.2533301348700394,1.4281063079833984,1.4281063079833984,4.5057768365713455,4.5057768365713455
llama31_8b_instruct,0,up_proj,0.2,dense,1,0.18657641112804413,0.2224346101284027,0.03585819900035858,0.03585819900035858,1.3513068981921013,1.3513068981921013,1.9804339408874512,1.9804339408874512,4.5057768365713455,4.5057768365713455
llama31_8b_instruct,1,down_proj,-0.2,dense,1,0.17121510207653046,0.13840679824352264,-0.03280830383300781,-0.03280830383300781,0.7607495119132208,0.7607495119132208,-1.2216804027557373,-1.2216804027557373,3.92456374033555,3.92456374033555
llama31_8b_instruct,1,down_proj,-0.15,dense,1,0.17121510207653046,0.14668172597885132,-0.024533376097679138,-0.024533376097679138,0.8145753960186761,0.8145753960186761,-0.9468302726745605,-0.9468302726745605,3.92456374033555,3.92456374033555
llama31_8b_instruct,1,down_proj,-0.1,dense,1,0.17121510207653046,0.15490838885307312,-0.016306713223457336,-0.016306713223457336,0.872209556966523,0.872209556966523,-0.652534008026123,-0.652534008026123,3.92456374033555,3.92456374033555
llama31_8b_instruct,1,down_proj,-0.05,dense,1,0.17121510207653046,0.16308633983135223,-0.008128762245178223,-0.008128762245178223,0.9339216366135448,0.9339216366135448,-0.3374147415161133,-0.3374147415161133,3.92456374033555,3.92456374033555
llama31_8b_instruct,1,down_proj,0.0,dense,1,0.17121510207653046,0.17121510207653046,0.0,0.0,1.0,1.0,0.0,0.0,3.92456374033555,3.92456374033555
llama31_8b_instruct,1,down_proj,0.05,dense,1,0.17121510207653046,0.17929430305957794,0.008079200983047485,0.008079200983047485,1.0707535563076165,1.0707535563076165,0.36128759384155273,0.36128759384155273,3.92456374033555,3.92456374033555
llama31_8b_instruct,1,down_proj,0.1,dense,1,0.17121510207653046,0.18732355535030365,0.016108453273773193,0.016108453273773193,1.146513439743893,1.146513439743893,0.7481389045715332,0.7481389045715332,3.92456374033555,3.92456374033555
llama31_8b_instruct,1,down_proj,0.15,dense,1,0.17121510207653046,0.19530262053012848,0.024087518453598022,0.024087518453598022,1.227633383071945,1.227633383071945,1.1623601913452148,1.1623601913452148,3.92456374033555,3.92456374033555
llama31_8b_instruct,1,down_proj,0.2,dense,1,0.17121510207653046,0.2032310664653778,0.03201596438884735,0.03201596438884735,1.3144929859966463,1.3144929859966463,1.6058897972106934,1.6058897972106934,3.92456374033555,3.92456374033555
llama31_8b_instruct,1,up_proj,-0.2,dense,1,0.1950879544019699,0.1575646549463272,-0.0375232994556427,-0.0375232994556427,0.8142716221508366,0.8142716221508366,-0.6580781936645508,-0.6580781936645508,2.7935313385938074,2.7935313385938074
llama31_8b_instruct,1,up_proj,-0.15,dense,1,0.1950879544019699,0.1670251190662384,-0.028062835335731506,-0.028062835335731506,0.8571897091656361,0.8571897091656361,-0.506009578704834,-0.506009578704834,2.7935313385938074,2.7935313385938074
llama31_8b_instruct,1,up_proj,-0.1,dense,1,0.1950879544019699,0.17643320560455322,-0.018654748797416687,-0.018654748797416687,0.902370035622533,0.902370035622533,-0.34592533111572266,-0.34592533111572266,2.7935313385938074,2.7935313385938074
llama31_8b_instruct,1,up_proj,-0.05,dense,1,0.1950879544019699,0.1857878565788269,-0.009300097823143005,-0.009300097823143005,0.9499315003048169,0.9499315003048169,-0.17740416526794434,-0.17740416526794434,2.7935313385938074,2.7935313385938074
llama31_8b_instruct,1,up_proj,0.0,dense,1,0.1950879544019699,0.1950879544019699,0.0,0.0,1.0,1.0,0.0,0.0,2.7935313385938074,2.7935313385938074
llama31_8b_instruct,1,up_proj,0.05,dense,1,0.1950879544019699,0.20433247089385986,0.009244516491889954,0.009244516491889954,1.0527074874607876,1.0527074874607876,0.18675470352172852,0.18675470352172852,2.7935313385938074,2.7935313385938074
llama31_8b_instruct,1,up_proj,0.1,dense,1,0.1950879544019699,0.21352042257785797,0.01843246817588806,0.01843246817588806,1.108192846155606,1.108192846155606,0.38335204124450684,0.38335204124450684,2.7935313385938074,2.7935313385938074
llama31_8b_instruct,1,up_proj,0.15,dense,1,0.1950879544019699,0.22265073657035828,0.027562782168388367,0.027562782168388367,1.1666028323076323,1.1666028323076323,0.5903120040893555,0.5903120040893555,2.7935313385938074,2.7935313385938074
llama31_8b_instruct,1,up_proj,0.2,dense,1,0.1950879544019699,0.23172248899936676,0.03663453459739685,0.03663453459739685,1.2280914692982752,1.2280914692982752,0.8081803321838379,0.8081803321838379,2.7935313385938074,2.7935313385938074
llama31_8b_instruct,2,down_proj,-0.2,dense,1,0.1913694590330124,0.15428562462329865,-0.037083834409713745,-0.037083834409713745,0.7580498797324663,0.7580498797324663,-1.230426549911499,-1.230426549911499,3.994947960660994,3.994947960660994
llama31_8b_instruct,2,down_proj,-0.15,dense,1,0.1913694590330124,0.16362322866916656,-0.027746230363845825,-0.027746230363845825,0.8124063698989206,0.8124063698989206,-0.9539990425109863,-0.9539990425109863,3.994947960660994,3.994947960660994
llama31_8b_instruct,2,down_proj,-0.1,dense,1,0.1913694590330124,0.17291711270809174,-0.018452346324920654,-0.018452346324920654,0.8706606195815029,0.8706606195815029,-0.6577496528625488,-0.6577496528625488,3.994947960660994,3.994947960660994
llama31_8b_instruct,2,down_proj,-0.05,dense,1,0.1913694590330124,0.182166188955307,-0.009203270077705383,-0.009203270077705383,0.9330920012643258,0.9330920012643258,-0.3402576446533203,-0.3402576446533203,3.994947960660994,3.994947960660994
llama31_8b_instruct,2,down_proj,0.0,dense,1,0.1913694590330124,0.1913694590330124,0.0,0.0,1.0,1.0,0.0,0.0,3.994947960660994,3.994947960660994
llama31_8b_instruct,2,down_proj,0.05,dense,1,0.1913694590330124,0.20052587985992432,0.009156420826911926,0.009156420826911926,1.071705760530289,1.071705760530289,0.3646564483642578,0.3646564483642578,3.994947960660994,3.994947960660994
llama31_8b_instruct,2,down_proj,0.1,dense,1,0.1913694590330124,0.20963461697101593,0.01826515793800354,0.01826515793800354,1.1485532124647666,1.1485532124647666,0.7554607391357422,0.7554607391357422,3.994947960660994,3.994947960660994
llama31_8b_instruct,2,down_proj,0.15,dense,1,0.1913694590330124,0.2186947613954544,0.027325302362442017,0.027325302362442017,1.2309111331083538,1.2309111331083538,1.174288272857666,1.174288272857666,3.994947960660994,3.994947960660994
llama31_8b_instruct,2,down_proj,0.2,dense,1,0.1913694590330124,0.2277054488658905,0.03633598983287811,0.03633598983287811,1.319174553934642,1.319174553934642,1.623147964477539,1.623147964477539,3.994947960660994,3.994947960660994
llama31_8b_instruct,2,up_proj,-0.2,dense,1,0.18262755870819092,0.14834977686405182,-0.0342777818441391,-0.0342777818441391,0.825813320524907,0.825813320524907,-0.5803365707397461,-0.5803365707397461,2.6036974422281056,2.6036974422281056
llama31_8b_instruct,2,up_proj,-0.15,dense,1,0.18262755870819092,0.1570257544517517,-0.02560180425643921,-0.02560180425643921,0.8662861684309024,0.8662861684309024,-0.4454934597015381,-0.4454934597015381,2.6036974422281056,2.6036974422281056
llama31_8b_instruct,2,up_proj,-0.1,dense,1,0.18262755870819092,0.16563086211681366,-0.01699669659137726,-0.01699669659137726,0.908742752860392,0.908742752860392,-0.30404114723205566,-0.30404114723205566,2.6036974422281056,2.6036974422281056
llama31_8b_instruct,2,up_proj,-0.05,dense,1,0.18262755870819092,0.17416484653949738,-0.008462712168693542,-0.008462712168693542,0.953279895555603,0.953279895555603,-0.15565705299377441,-0.15565705299377441,2.6036974422281056,2.6036974422281056
llama31_8b_instruct,2,up_proj,0.0,dense,1,0.18262755870819092,0.18262755870819092,0.0,0.0,1.0,1.0,0.0,0.0,2.6036974422281056,2.6036974422281056
llama31_8b_instruct,2,up_proj,0.05,dense,1,0.18262755870819092,0.191018745303154,0.008391186594963074,0.008391186594963074,1.049009763324153,1.049009763324153,0.163285493850708,0.163285493850708,2.6036974422281056,2.6036974422281056
llama31_8b_instruct,2,up_proj,0.1,dense,1,0.18262755870819092,0.19933828711509705,0.016710728406906128,0.016710728406906128,1.100421392839084,1.100421392839084,0.33457326889038086,0.33457326889038086,2.6036974422281056,2.6036974422281056
llama31_8b_instruct,2,up_proj,0.15,dense,1,0.18262755870819092,0.2075858861207962,0.024958327412605286,0.024958327412605286,1.154352820718622,1.154352820718622,0.5142562389373779,0.5142562389373779,2.6036974422281056,2.6036974422281056
llama31_8b_instruct,2,up_proj,0.2,dense,1,0.18262755870819092,0.2157614678144455,0.03313390910625458,0.03313390910625458,1.2109272746346929,1.2109272746346929,0.7027449607849121,0.7027449607849121,2.6036974422281056,2.6036974422281056
llama31_8b_instruct,3,down_proj,-0.2,dense,1,0.20047686994075775,0.16229604184627533,-0.03818082809448242,-0.03818082809448242,0.7732435430381002,0.7732435430381002,-1.0102555751800537,-1.0102555751800537,3.617584027586068,3.617584027586068
llama31_8b_instruct,3,down_proj,-0.15,dense,1,0.20047686994075775,0.17194080352783203,-0.02853606641292572,-0.02853606641292572,0.8245883746323311,0.8245883746323311,-0.7815017700195312,-0.7815017700195312,3.617584027586068,3.617584027586068
llama31_8b_instruct,3,down_proj,-0.1,dense,1,0.20047686994075775,0.1815197467803955,-0.018957123160362244,-0.018957123160362244,0.8793426452207704,0.8793426452207704,-0.5375580787658691,-0.5375580787658691,3.617584027586068,3.617584027586068
llama31_8b_instruct,3,down_proj,-0.05,dense,1,0.20047686994075775,0.19103208184242249,-0.009444788098335266,-0.009444788098335266,0.9377327731045668,0.9377327731045668,-0.27741575241088867,-0.27741575241088867,3.617584027586068,3.617584027586068
llama31_8b_instruct,3,down_proj,0.0,dense,1,0.20047686994075775,0.20047686994075775,0.0,0.0,1.0,1.0,0.0,0.0,3.617584027586068,3.617584027586068
llama31_8b_instruct,3,down_proj,0.05,dense,1,0.20047686994075775,0.20985335111618042,0.009376481175422668,0.009376481175422668,1.0664019429483675,1.0664019429483675,0.2958369255065918,0.2958369255065918,3.617584027586068,3.617584027586068
llama31_8b_instruct,3,down_proj,0.1,dense,1,0.20047686994075775,0.21916063129901886,0.01868376135826111,0.01868376135826111,1.137213236485594,1.137213236485594,0.6113185882568359,0.6113185882568359,3.617584027586068,3.617584027586068
llama31_8b_instruct,3,down_proj,0.15,dense,1,0.20047686994075775,0.2283981442451477,0.027921274304389954,0.027921274304389954,1.212726388868375,1.212726388868375,0.9477481842041016,0.9477481842041016,3.617584027586068,3.617584027586068
llama31_8b_instruct,3,down_proj,0.2,dense,1,0.20047686994075775,0.23756523430347443,0.037088364362716675,0.037088364362716675,1.2932537085830036,1.2932537085830036,1.3065171241760254,1.3065171241760254,3.617584027586068,3.617584027586068
llama31_8b_instruct,3,up_proj,-0.2,dense,1,0.17636968195438385,0.1431482434272766,-0.03322143852710724,-0.03322143852710724,0.8371577050078453,0.8371577050078453,-0.5027270317077637,-0.5027270317077637,2.4320001247115695,2.4320001247115695
llama31_8b_instruct,3,up_proj,-0.15,dense,1,0.17636968195438385,0.15155267715454102,-0.024817004799842834,-0.024817004799842834,0.8751962268228002,0.8751962268228002,-0.38529443740844727,-0.38529443740844727,2.4320001247115695,2.4320001247115695
llama31_8b_instruct,3,up_proj,-0.1,dense,1,0.17636968195438385,0.1598912477493286,-0.016478434205055237,-0.016478434205055237,0.9149632668639226,0.9149632668639226,-0.2625255584716797,-0.2625255584716797,2.4320001247115695,2.4320001247115695
llama31_8b_instruct,3,up_proj,-0.05,dense,1,0.17636968195438385,0.1681637018918991,-0.008205980062484741,-0.008205980062484741,0.9565370571463633,0.9565370571463633,-0.13417887687683105,-0.13417887687683105,2.4320001247115695,2.4320001247115695
llama31_8b_instruct,3,up_proj,0.0,dense,1,0.17636968195438385,0.17636968195438385,0.0,0.0,1.0,1.0,0.0,0.0,2.4320001247115695,2.4320001247115695
llama31_8b_instruct,3,up_proj,0.05,dense,1,0.17636968195438385,0.18450890481472015,0.008139222860336304,0.008139222860336304,1.045437741332831,1.045437741332831,0.1402754783630371,0.1402754783630371,2.4320001247115695,2.4320001247115695
llama31_8b_instruct,3,up_proj,0.1,dense,1,0.17636968195438385,0.19258108735084534,0.016211405396461487,0.016211405396461487,1.092940020139531,1.092940020139531,0.2869246006011963,0.2869246006011963,2.4320001247115695,2.4320001247115695
llama31_8b_instruct,3,up_proj,0.15,dense,1,0.17636968195438385,0.20058593153953552,0.024216249585151672,0.024216249585151672,1.1426008229575517,1.1426008229575517,0.44023752212524414,0.44023752212524414,2.4320001247115695,2.4320001247115695
llama31_8b_instruct,3,up_proj,0.2,dense,1,0.17636968195438385,0.20852316915988922,0.03215348720550537,0.03215348720550537,1.19451807495492,1.19451807495492,0.6005165576934814,0.6005165576934814,2.4320001247115695,2.4320001247115695
llama31_8b_instruct,4,down_proj,-0.2,dense,1,0.19315123558044434,0.15626922249794006,-0.03688201308250427,-0.03688201308250427,0.7587477103262203,0.7587477103262203,-1.1663079261779785,-1.1663079261779785,3.9766105106988223,3.9766105106988223
llama31_8b_instruct,4,down_proj,-0.15,dense,1,0.19315123558044434,0.16557995975017548,-0.02757127583026886,-0.02757127583026886,0.8129672248813502,0.8129672248813502,-0.9041895866394043,-0.9041895866394043,3.9766105106988223,3.9766105106988223
llama31_8b_instruct,4,down_proj,-0.1,dense,1,0.19315123558044434,0.17483097314834595,-0.01832026243209839,-0.01832026243209839,0.8710611964172443,0.8710611964172443,-0.6233406066894531,-0.6233406066894531,3.9766105106988223,3.9766105106988223
llama31_8b_instruct,4,down_proj,-0.05,dense,1,0.19315123558044434,0.18402165174484253,-0.009129583835601807,-0.009129583835601807,0.9333066889001704,0.9333066889001704,-0.3224215507507324,-0.3224215507507324,3.9766105106988223,3.9766105106988223
llama31_8b_instruct,4,down_proj,0.0,dense,1,0.19315123558044434,0.19315123558044434,0.0,0.0,1.0000000986343776,1.0000000986343776,4.76837158203125e-07,4.76837158203125e-07,3.9766105106988223,3.9766105106988223
llama31_8b_instruct,4,down_proj,0.05,dense,1,0.19315123558044434,0.2022191286087036,0.009067893028259277,0.009067893028259277,1.0714592255840216,1.0714592255840216,0.3454618453979492,0.3454618453979492,3.9766105106988223,3.9766105106988223
llama31_8b_instruct,4,down_proj,0.1,dense,1,0.19315123558044434,0.21122483909130096,0.01807360351085663,0.01807360351085663,1.1480250487919608,1.1480250487919608,0.7156109809875488,0.7156109809875488,3.9766105106988223,3.9766105106988223
llama31_8b_instruct,4,down_proj,0.15,dense,1,0.19315123558044434,0.2201678603887558,0.027016624808311462,0.027016624808311462,1.2300620222828869,1.2300620222828869,1.1122097969055176,1.1122097969055176,3.9766105106988223,3.9766105106988223
llama31_8b_instruct,4,down_proj,0.2,dense,1,0.19315123558044434,0.22904767096042633,0.035896435379981995,0.035896435379981995,1.3179612313634042,1.3179612313634042,1.5371489524841309,1.5371489524841309,3.9766105106988223,3.9766105106988223
llama31_8b_instruct,4,up_proj,-0.2,dense,1,0.1706448197364807,0.13808944821357727,-0.03255537152290344,-0.03255537152290344,0.8292944485331988,0.8292944485331988,-0.5452568531036377,-0.5452568531036377,2.5495077320105075,2.5495077320105075
llama31_8b_instruct,4,up_proj,-0.15,dense,1,0.1706448197364807,0.146309956908226,-0.0243348628282547,-0.0243348628282547,0.8690236303460878,0.8690236303460878,-0.41835641860961914,-0.41835641860961914,2.5495077320105075,2.5495077320105075
llama31_8b_instruct,4,up_proj,-0.1,dense,1,0.1706448197364807,0.15447652339935303,-0.016168296337127686,-0.016168296337127686,0.9106560485117017,0.9106560485117017,-0.28537678718566895,-0.28537678718566895,2.5495077320105075,2.5495077320105075
llama31_8b_instruct,4,up_proj,-0.05,dense,1,0.1706448197364807,0.16258838772773743,-0.008056432008743286,-0.008056432008743286,0.9542830655406586,0.9542830655406586,-0.1460261344909668,-0.1460261344909668,2.5495077320105075,2.5495077320105075
llama31_8b_instruct,4,up_proj,0.0,dense,1,0.1706448197364807,0.1706448197364807,0.0,0.0,1.0000000746425741,1.0000000746425741,2.384185791015625e-07,2.384185791015625e-07,2.5495077320105075,2.5495077320105075
llama31_8b_instruct,4,up_proj,0.05,dense,1,0.1706448197364807,0.1786450743675232,0.00800025463104248,0.00800025463104248,1.0479072461518022,1.0479072461518022,0.15302228927612305,0.15302228927612305,2.5495077320105075,2.5495077320105075
llama31_8b_instruct,4,up_proj,0.1,dense,1,0.1706448197364807,0.18658851087093353,0.01594369113445282,0.01594369113445282,1.0981095275274348,1.0981095275274348,0.31337523460388184,0.31337523460388184,2.5495077320105075,2.5495077320105075
llama31_8b_instruct,4,up_proj,0.15,dense,1,0.1706448197364807,0.19447442889213562,0.023829609155654907,0.023829609155654907,1.1507168672810248,1.1507168672810248,0.48141026496887207,0.48141026496887207,2.5495077320105075,2.5495077320105075
llama31_8b_instruct,4,up_proj,0.2,dense,1,0.1706448197364807,0.20230233669281006,0.031657516956329346,0.031657516956329346,1.2058444389043068,1.2058444389043068,0.6574952602386475,0.6574952602386475,2.5495077320105075,2.5495077320105075
llama31_8b_instruct,5,down_proj,-0.2,dense,1,0.19805355370044708,0.16036295890808105,-0.03769059479236603,-0.03769059479236603,0.7616590525531146,0.7616590525531146,-1.127027988433838,-1.127027988433838,3.90118736999464,3.90118736999464
llama31_8b_instruct,5,down_proj,-0.15,dense,1,0.19805355370044708,0.1698804646730423,-0.028173089027404785,-0.028173089027404785,0.8153056791633322,0.8153056791633322,-0.8733525276184082,-0.8733525276184082,3.90118736999464,3.90118736999464
llama31_8b_instruct,5,down_proj,-0.1,dense,1,0.19805355370044708,0.17933502793312073,-0.018718525767326355,-0.018718525767326355,0.8727308919766631,0.8727308919766631,-0.6018095016479492,-0.6018095016479492,3.90118736999464,3.90118736999464
llama31_8b_instruct,5,down_proj,-0.05,dense,1,0.19805355370044708,0.18872621655464172,-0.009327337145805359,-0.009327337145805359,0.9342006068164803,0.9342006068164803,-0.3111414909362793,-0.3111414909362793,3.90118736999464,3.90118736999464
llama31_8b_instruct,5,down_proj,0.0,dense,1,0.19805355370044708,0.19805355370044708,0.0,0.0,1.0,1.0,0.0,0.0,3.90118736999464,3.90118736999464
llama31_8b_instruct,5,down_proj,0.05,dense,1,0.19805355370044708,0.20731671154499054,0.009263157844543457,0.009263157844543457,1.0704339116994088,1.0704339116994088,0.3330564498901367,0.3330564498901367,3.90118736999464,3.90118736999464
llama31_8b_instruct,5,down_proj,0.1,dense,1,0.19805355370044708,0.21651533246040344,0.01846177875995636,0.01846177875995636,1.1458286610669386,1.1458286610669386,0.6895709037780762,0.6895709037780762,3.90118736999464,3.90118736999464
llama31_8b_instruct,5,down_proj,0.15,dense,1,0.19805355370044708,0.22564898431301117,0.027595430612564087,0.027595430612564087,1.2265338613599401,1.2265338613599401,1.0711965560913086,1.0711965560913086,3.90118736999464,3.90118736999464
llama31_8b_instruct,5,down_proj,0.2,dense,1,0.19805355370044708,0.2347175031900406,0.036663949489593506,0.036663949489593506,1.3129234283437023,1.3129234283437023,1.4797015190124512,1.4797015190124512,3.90118736999464,3.90118736999464
llama31_8b_instruct,5,up_proj,-0.2,dense,1,0.1771155595779419,0.14343027770519257,-0.03368528187274933,-0.03368528187274933,0.8112785943553443,0.8112785943553443,-0.6717491149902344,-0.6717491149902344,2.8454432468294586,2.8454432468294586
llama31_8b_instruct,5,up_proj,-0.15,dense,1,0.1771155595779419,0.15194106101989746,-0.025174498558044434,-0.025174498558044434,0.8548255402718908,0.8548255402718908,-0.51674485206604,-0.51674485206604,2.8454432468294586,2.8454432468294586
llama31_8b_instruct,5,up_proj,-0.1,dense,1,0.1771155595779419,0.16039273142814636,-0.016722828149795532,-0.016722828149795532,0.9007100027328407,0.9007100027328407,-0.3534202575683594,-0.3534202575683594,2.8454432468294586,2.8454432468294586
llama31_8b_instruct,5,up_proj,-0.05,dense,1,0.1771155595779419,0.1687844693660736,-0.008331090211868286,-0.008331090211868286,0.949057437881459,0.949057437881459,-0.18132877349853516,-0.18132877349853516,2.8454432468294586,2.8454432468294586
llama31_8b_instruct,5,up_proj,0.0,dense,1,0.1771155595779419,0.1771155595779419,0.0,0.0,1.0,1.0,0.0,0.0,2.8454432468294586,2.8454432468294586
llama31_8b_instruct,5,up_proj,0.05,dense,1,0.1771155595779419,0.18538536131381989,0.00826980173587799,0.00826980173587799,1.0536769433980462,1.0536769433980462,0.19106173515319824,0.19106173515319824,2.8454432468294586,2.8454432468294586
llama31_8b_instruct,5,up_proj,0.1,dense,1,0.1771155595779419,0.19359320402145386,0.016477644443511963,0.016477644443511963,1.1102352252450178,1.1102352252450178,0.3923795223236084,0.3923795223236084,2.8454432468294586,2.8454432468294586
llama31_8b_instruct,5,up_proj,0.15,dense,1,0.1771155595779419,0.20173849165439606,0.024622932076454163,0.024622932076454163,1.1698293046260027,1.1698293046260027,0.6045031547546387,0.6045031547546387,2.8454432468294586,2.8454432468294586
llama31_8b_instruct,5,up_proj,0.2,dense,1,0.1771155595779419,0.20982065796852112,0.032705098390579224,0.032705098390579224,1.2326222142439944,1.2326222142439944,0.8280129432678223,0.8280129432678223,2.8454432468294586,2.8454432468294586
llama31_8b_instruct,6,down_proj,-0.2,dense,1,0.20256422460079193,0.16389639675617218,-0.03866782784461975,-0.03866782784461975,0.7399844447904281,0.7399844447904281,-1.411123275756836,-1.411123275756836,4.506995827085247,4.506995827085247
llama31_8b_instruct,6,down_proj,-0.15,dense,1,0.20256422460079193,0.1736564189195633,-0.028907805681228638,-0.028907805681228638,0.7978420221913024,0.7978420221913024,-1.0971260070800781,-1.0971260070800781,4.506995827085247,4.506995827085247
llama31_8b_instruct,6,down_proj,-0.1,dense,1,0.20256422460079193,0.18335478007793427,-0.019209444522857666,-0.019209444522857666,0.8602233856022583,0.8602233856022583,-0.758577823638916,-0.758577823638916,4.506995827085247,4.506995827085247
llama31_8b_instruct,6,down_proj,-0.05,dense,1,0.20256422460079193,0.19299088418483734,-0.00957334041595459,-0.00957334041595459,0.9274823580516837,0.9274823580516837,-0.3935585021972656,-0.3935585021972656,4.506995827085247,4.506995827085247
llama31_8b_instruct,6,down_proj,0.0,dense,1,0.20256422460079193,0.20256422460079193,0.0,0.0,0.999999912137316,0.999999912137316,-4.76837158203125e-07,-4.76837158203125e-07,4.506995827085247,4.506995827085247
llama31_8b_instruct,6,down_proj,0.05,dense,1,0.20256422460079193,0.21207420527935028,0.00950998067855835,0.00950998067855835,1.078187596670918,1.078187596670918,0.4243297576904297,0.4243297576904297,4.506995827085247,4.506995827085247
llama31_8b_instruct,6,down_proj,0.1,dense,1,0.20256422460079193,0.22152045369148254,0.018956229090690613,0.018956229090690613,1.1624885910304852,1.1624885910304852,0.8818373680114746,0.8818373680114746,4.506995827085247,4.506995827085247
llama31_8b_instruct,6,down_proj,0.15,dense,1,0.20256422460079193,0.23090241849422455,0.028338193893432617,0.028338193893432617,1.253380868216869,1.253380868216869,1.3751163482666016,1.3751163482666016,4.506995827085247,4.506995827085247
llama31_8b_instruct,6,down_proj,0.2,dense,1,0.20256422460079193,0.24021972715854645,0.03765550255775452,0.03765550255775452,1.3513797428716126,1.3513797428716126,1.9069633483886719,1.9069633483886719,4.506995827085247,4.506995827085247
llama31_8b_instruct,6,up_proj,-0.2,dense,1,0.18095235526561737,0.1463850438594818,-0.03456731140613556,-0.03456731140613556,0.8065404321139363,0.8065404321139363,-0.705653190612793,-0.705653190612793,2.930010736464796,2.930010736464796
llama31_8b_instruct,6,up_proj,-0.15,dense,1,0.18095235526561737,0.155111625790596,-0.025840729475021362,-0.025840729475021362,0.8510784546472798,0.8510784546472798,-0.5431985855102539,-0.5431985855102539,2.930010736464796,2.930010736464796
llama31_8b_instruct,6,up_proj,-0.1,dense,1,0.18095235526561737,0.1637822687625885,-0.01717008650302887,-0.01717008650302887,0.8980759305488594,0.8980759305488594,-0.37177300453186035,-0.37177300453186035,2.930010736464796,2.930010736464796
llama31_8b_instruct,6,up_proj,-0.05,dense,1,0.18095235526561737,0.17239610850811005,-0.008556246757507324,-0.008556246757507324,0.9476687516929291,0.9476687516929291,-0.19088077545166016,-0.19088077545166016,2.930010736464796,2.930010736464796
llama31_8b_instruct,6,up_proj,0.0,dense,1,0.18095235526561737,0.18095235526561737,0.0,0.0,1.0,1.0,0.0,0.0,2.930010736464796,2.930010736464796
llama31_8b_instruct,6,up_proj,0.05,dense,1,0.18095235526561737,0.189450204372406,0.008497849106788635,0.008497849106788635,1.055221058625807,1.055221058625807,0.20142149925231934,0.20142149925231934,2.930010736464796,2.930010736464796
llama31_8b_instruct,6,up_proj,0.1,dense,1,0.18095235526561737,0.19788895547389984,0.01693660020828247,0.01693660020828247,1.1134916119613087,1.1134916119613087,0.41396617889404297,0.41396617889404297,2.930010736464796,2.930010736464796
llama31_8b_instruct,6,up_proj,0.15,dense,1,0.18095235526561737,0.20626786351203918,0.025315508246421814,0.025315508246421814,1.174979841724858,1.174979841724858,0.6382474899291992,0.6382474899291992,2.930010736464796,2.930010736464796
llama31_8b_instruct,6,up_proj,0.2,dense,1,0.18095235526561737,0.21458639204502106,0.033634036779403687,0.033634036779403687,1.239863472787113,1.239863472787113,0.8749136924743652,0.8749136924743652,2.930010736464796,2.930010736464796
llama31_8b_instruct,7,down_proj,-0.2,dense,1,0.21254216134548187,0.17154990136623383,-0.04099225997924805,-0.04099225997924805,0.7147647511253226,0.7147647511253226,-1.8371601104736328,-1.8371601104736328,5.3602423634183385,5.3602423634183385
llama31_8b_instruct,7,down_proj,-0.15,dense,1,0.21254216134548187,0.18187734484672546,-0.03066481649875641,-0.03066481649875641,0.7773602307643162,0.7773602307643162,-1.4339914321899414,-1.4339914321899414,5.3602423634183385,5.3602423634183385
llama31_8b_instruct,7,down_proj,-0.1,dense,1,0.21254216134548187,0.19215236604213715,-0.020389795303344727,-0.020389795303344727,0.8454375696513209,0.8454375696513209,-0.9955148696899414,-0.9955148696899414,5.3602423634183385,5.3602423634183385
llama31_8b_instruct,7,down_proj,-0.05,dense,1,0.21254216134548187,0.20237420499324799,-0.010167956352233887,-0.010167956352233887,0.9194768728186593,0.9194768728186593,-0.5186381340026855,-0.5186381340026855,5.3602423634183385,5.3602423634183385
llama31_8b_instruct,7,down_proj,0.0,dense,1,0.21254216134548187,0.21254216134548187,0.0,0.0,1.0,1.0,0.0,0.0,5.3602423634183385,5.3602423634183385
llama31_8b_instruct,7,down_proj,0.05,dense,1,0.21254216134548187,0.2226555049419403,0.010113343596458435,0.010113343596458435,1.0875749335867044,1.0875749335867044,0.5640578269958496,0.5640578269958496,5.3602423634183385,5.3602423634183385
llama31_8b_instruct,7,down_proj,0.1,dense,1,0.21254216134548187,0.23271358013153076,0.02017141878604889,0.02017141878604889,1.1828194062525887,1.1828194062525887,1.1775140762329102,1.1775140762329102,5.3602423634183385,5.3602423634183385
llama31_8b_instruct,7,down_proj,0.15,dense,1,0.21254216134548187,0.24271582067012787,0.030173659324645996,0.030173659324645996,1.2864048987444792,1.2864048987444792,1.844693660736084,1.844693660736084,5.3602423634183385,5.3602423634183385
llama31_8b_instruct,7,down_proj,0.2,dense,1,0.21254216134548187,0.2526615858078003,0.04011942446231842,0.04011942446231842,1.3990618962364578,1.3990618962364578,2.5703015327453613,2.5703015327453613,5.3602423634183385,5.3602423634183385
llama31_8b_instruct,7,up_proj,-0.2,dense,1,0.18169042468070984,0.1467088758945465,-0.03498154878616333,-0.03498154878616333,0.8008889974989538,0.8008889974989538,-0.7611095905303955,-0.7611095905303955,3.034858041387394,3.034858041387394
llama31_8b_instruct,7,up_proj,-0.15,dense,1,0.18169042468070984,0.1555279791355133,-0.026162445545196533,-0.026162445545196533,0.8466018386827429,0.8466018386827429,-0.5863704681396484,-0.5863704681396484,3.034858041387394,3.034858041387394
llama31_8b_instruct,7,up_proj,-0.1,dense,1,0.18169042468070984,0.16429860889911652,-0.017391815781593323,-0.017391815781593323,0.8949239410409514,0.8949239410409514,-0.4016573429107666,-0.4016573429107666,3.034858041387394,3.034858041387394
llama31_8b_instruct,7,up_proj,-0.05,dense,1,0.18169042468070984,0.17301973700523376,-0.008670687675476074,-0.008670687675476074,0.9460041860198514,0.9460041860198514,-0.20640110969543457,-0.20640110969543457,3.034858041387394,3.034858041387394
llama31_8b_instruct,7,up_proj,0.0,dense,1,0.18169042468070984,0.18169042468070984,0.0,0.0,0.9999999376282169,0.9999999376282169,-2.384185791015625e-07,-2.384185791015625e-07,3.034858041387394,3.034858041387394
llama31_8b_instruct,7,up_proj,0.05,dense,1,0.18169042468070984,0.1903098076581955,0.008619382977485657,0.008619382977485657,1.0570777285269388,1.0570777285269388,0.21818184852600098,0.21818184852600098,3.034858041387394,3.034858041387394
llama31_8b_instruct,7,up_proj,0.1,dense,1,0.18169042468070984,0.19887696206569672,0.017186537384986877,0.017186537384986877,1.1174133224008072,1.1174133224008072,0.44881701469421387,0.44881701469421387,3.034858041387394,3.034858041387394
llama31_8b_instruct,7,up_proj,0.15,dense,1,0.18169042468070984,0.2073911428451538,0.02570071816444397,0.02570071816444397,1.1811927119070416,1.1811927119070416,0.6926162242889404,0.6926162242889404,3.034858041387394,3.034858041387394
llama31_8b_instruct,7,up_proj,0.2,dense,1,0.18169042468070984,0.21585150063037872,0.034161075949668884,0.034161075949668884,1.248612368162423,1.248612368162423,0.9503304958343506,0.9503304958343506,3.034858041387394,3.034858041387394
llama31_8b_instruct,8,down_proj,-0.2,dense,1,0.21763600409030914,0.17630544304847717,-0.04133056104183197,-0.04133056104183197,0.7172226716250681,0.7172226716250681,-1.7704014778137207,-1.7704014778137207,5.269018738352801,5.269018738352801
llama31_8b_instruct,8,down_proj,-0.15,dense,1,0.21763600409030914,0.18674121797084808,-0.03089478611946106,-0.03089478611946106,0.7793642827988825,0.7793642827988825,-1.38134765625,-1.38134765625,5.269018738352801,5.269018738352801
llama31_8b_instruct,8,down_proj,-0.1,dense,1,0.21763600409030914,0.19710825383663177,-0.020527750253677368,-0.020527750253677368,0.8468899947897027,0.8468899947897027,-0.958585262298584,-0.958585262298584,5.269018738352801,5.269018738352801
llama31_8b_instruct,8,down_proj,-0.05,dense,1,0.21763600409030914,0.20740652084350586,-0.010229483246803284,-0.010229483246803284,0.9202662285985381,0.9202662285985381,-0.4991941452026367,-0.4991941452026367,5.269018738352801,5.269018738352801
llama31_8b_instruct,8,down_proj,0.0,dense,1,0.21763600409030914,0.21763600409030914,0.0,0.0,1.0,1.0,0.0,0.0,5.269018738352801,5.269018738352801
llama31_8b_instruct,8,down_proj,0.05,dense,1,0.21763600409030914,0.227796733379364,0.01016072928905487,0.01016072928905487,1.0866419660543913,1.0866419660543913,0.5424447059631348,0.5424447059631348,5.269018738352801,5.269018738352801
llama31_8b_instruct,8,down_proj,0.1,dense,1,0.21763600409030914,0.23788873851299286,0.020252734422683716,0.020252734422683716,1.180790690224634,1.180790690224634,1.131887435913086,1.131887435913086,5.269018738352801,5.269018738352801
llama31_8b_instruct,8,down_proj,0.15,dense,1,0.21763600409030914,0.2479119896888733,0.030275985598564148,0.030275985598564148,1.283096755167589,1.283096755167589,1.7724013328552246,1.7724013328552246,5.269018738352801,5.269018738352801
llama31_8b_instruct,8,down_proj,0.2,dense,1,0.21763600409030914,0.2578665316104889,0.04023052752017975,0.04023052752017975,1.3942668755253804,1.3942668755253804,2.4684109687805176,2.4684109687805176,5.269018738352801,5.269018738352801
llama31_8b_instruct,8,up_proj,-0.2,dense,1,0.19033655524253845,0.1537332683801651,-0.03660328686237335,-0.03660328686237335,0.8019879245798341,0.8019879245798341,-0.7411928176879883,-0.7411928176879883,3.0141220328401244,3.0141220328401244
llama31_8b_instruct,8,up_proj,-0.15,dense,1,0.19033655524253845,0.16296321153640747,-0.02737334370613098,-0.02737334370613098,0.847473106992666,0.847473106992666,-0.5709340572357178,-0.5709340572357178,3.0141220328401244,3.0141220328401244
llama31_8b_instruct,8,up_proj,-0.1,dense,1,0.19033655524253845,0.17214107513427734,-0.01819548010826111,-0.01819548010826111,0.8955378448600483,0.8955378448600483,-0.3910195827484131,-0.3910195827484131,3.0141220328401244,3.0141220328401244
llama31_8b_instruct,8,up_proj,-0.05,dense,1,0.19033655524253845,0.18126587569713593,-0.009070679545402527,-0.009070679545402527,0.946328635071916,0.946328635071916,-0.20090103149414062,-0.20090103149414062,3.0141220328401244,3.0141220328401244
llama31_8b_instruct,8,up_proj,0.0,dense,1,0.19033655524253845,0.19033655524253845,0.0,0.0,1.0,1.0,0.0,0.0,3.0141220328401244,3.0141220328401244
llama31_8b_instruct,8,up_proj,0.05,dense,1,0.19033655524253845,0.19935229420661926,0.00901573896408081,0.00901573896408081,1.0567154429123276,1.0567154429123276,0.2122955322265625,0.2122955322265625,3.0141220328401244,3.0141220328401244
llama31_8b_instruct,8,up_proj,0.1,dense,1,0.19033655524253845,0.2083120346069336,0.01797547936439514,0.01797547936439514,1.1166474479732218,1.1166474479732218,0.4366312026977539,0.4366312026977539,3.0141220328401244,3.0141220328401244
llama31_8b_instruct,8,up_proj,0.15,dense,1,0.19033655524253845,0.21721512079238892,0.026878565549850464,0.026878565549850464,1.1799785630464015,1.1799785630464015,0.6736903190612793,0.6736903190612793,3.0141220328401244,3.0141220328401244
llama31_8b_instruct,8,up_proj,0.2,dense,1,0.19033655524253845,0.22606061398983002,0.035724058747291565,0.035724058747291565,1.2469016544721807,1.2469016544721807,0.9241948127746582,0.9241948127746582,3.0141220328401244,3.0141220328401244
llama31_8b_instruct,9,down_proj,-0.2,dense,1,0.21879716217517853,0.17712590098381042,-0.0416712611913681,-0.0416712611913681,0.7130178011581689,0.7130178011581689,-1.858109951019287,-1.858109951019287,5.426226463520473,5.426226463520473
llama31_8b_instruct,9,down_proj,-0.15,dense,1,0.21879716217517853,0.18764813244342804,-0.03114902973175049,-0.03114902973175049,0.7759348903731166,0.7759348903731166,-1.4507436752319336,-1.4507436752319336,5.426226463520473,5.426226463520473
llama31_8b_instruct,9,down_proj,-0.1,dense,1,0.21879716217517853,0.19810108840465546,-0.02069607377052307,-0.02069607377052307,0.8444038405311993,0.8444038405311993,-1.0074310302734375,-1.0074310302734375,5.426226463520473,5.426226463520473
llama31_8b_instruct,9,down_proj,-0.05,dense,1,0.21879716217517853,0.20848426222801208,-0.010312899947166443,-0.010312899947166443,0.9189144762279309,0.9189144762279309,-0.5250005722045898,-0.5250005722045898,5.426226463520473,5.426226463520473
llama31_8b_instruct,9,down_proj,0.0,dense,1,0.21879716217517853,0.21879716217517853,0.0,0.0,1.0,1.0,0.0,0.0,5.426226463520473,5.426226463520473
llama31_8b_instruct,9,down_proj,0.05,dense,1,0.21879716217517853,0.22903944551944733,0.010242283344268799,0.010242283344268799,1.0882405273697133,1.0882405273697133,0.571326732635498,0.571326732635498,5.426226463520473,5.426226463520473
llama31_8b_instruct,9,down_proj,0.1,dense,1,0.21879716217517853,0.23921062052249908,0.020413458347320557,0.020413458347320557,1.1842673583570291,1.1842673583570291,1.1930670738220215,1.1930670738220215,5.426226463520473,5.426226463520473
llama31_8b_instruct,9,down_proj,0.15,dense,1,0.21879716217517853,0.24931040406227112,0.03051324188709259,0.03051324188709259,1.2887679118124247,1.2887679118124247,1.8696718215942383,1.8696718215942383,5.426226463520473,5.426226463520473
llama31_8b_instruct,9,down_proj,0.2,dense,1,0.21879716217517853,0.2593385577201843,0.0405413955450058,0.0405413955450058,1.402489260461338,1.402489260461338,2.605978012084961,2.605978012084961,5.426226463520473,5.426226463520473
llama31_8b_instruct,9,up_proj,-0.2,dense,1,0.19527854025363922,0.15776075422763824,-0.03751778602600098,-0.03751778602600098,0.801404507434577,0.801404507434577,-0.7489473819732666,-0.7489473819732666,3.0251087943844706,3.0251087943844706
llama31_8b_instruct,9,up_proj,-0.15,dense,1,0.19527854025363922,0.16722330451011658,-0.028055235743522644,-0.028055235743522644,0.8470106011356305,0.8470106011356305,-0.5769567489624023,-0.5769567489624023,3.0251087943844706,3.0251087943844706
llama31_8b_instruct,9,up_proj,-0.1,dense,1,0.19527854025363922,0.17663122713565826,-0.018647313117980957,-0.018647313117980957,0.8952120242931233,0.8952120242931233,-0.39517855644226074,-0.39517855644226074,3.0251087943844706,3.0251087943844706
llama31_8b_instruct,9,up_proj,-0.05,dense,1,0.19527854025363922,0.185983344912529,-0.00929519534111023,-0.00929519534111023,0.9461564600798665,0.9461564600798665,-0.20305585861206055,-0.20305585861206055,3.0251087943844706,3.0251087943844706
llama31_8b_instruct,9,up_proj,0.0,dense,1,0.19527854025363922,0.19527854025363922,0.0,0.0,1.0,1.0,0.0,0.0,3.0251087943844706,3.0251087943844706
llama31_8b_instruct,9,up_proj,0.05,dense,1,0.19527854025363922,0.20451581478118896,0.009237274527549744,0.009237274527549744,1.0569076496532828,1.0569076496532828,0.21461129188537598,0.21461129188537598,3.0251087943844706,3.0251087943844706
llama31_8b_instruct,9,up_proj,0.1,dense,1,0.19527854025363922,0.2136942446231842,0.018415704369544983,0.018415704369544983,1.117053771278847,1.117053771278847,0.4414355754852295,0.4414355754852295,3.0251087943844706,3.0251087943844706
llama31_8b_instruct,9,up_proj,0.15,dense,1,0.19527854025363922,0.22281280159950256,0.027534261345863342,0.027534261345863342,1.1806227791810981,1.1806227791810981,0.6811683177947998,0.6811683177947998,3.0251087943844706,3.0251087943844706
llama31_8b_instruct,9,up_proj,0.2,dense,1,0.19527854025363922,0.231870636343956,0.03659209609031677,0.03659209609031677,1.2478092661707858,1.2478092661707858,0.9345433712005615,0.9345433712005615,3.0251087943844706,3.0251087943844706
llama31_8b_instruct,10,down_proj,-0.2,dense,1,0.22718125581741333,0.18445487320423126,-0.04272638261318207,-0.04272638261318207,0.7163626826117072,0.7163626826117072,-1.7908949851989746,-1.7908949851989746,5.300723924081645,5.300723924081645
llama31_8b_instruct,10,down_proj,-0.15,dense,1,0.22718125581741333,0.195261150598526,-0.03192010521888733,-0.03192010521888733,0.7786633280680625,0.7786633280680625,-1.397526741027832,-1.397526741027832,5.300723924081645,5.300723924081645
llama31_8b_instruct,10,down_proj,-0.1,dense,1,0.22718125581741333,0.20598413050174713,-0.0211971253156662,-0.0211971253156662,0.8463821728742791,0.8463821728742791,-0.9699478149414062,-0.9699478149414062,5.300723924081645,5.300723924081645
llama31_8b_instruct,10,down_proj,-0.05,dense,1,0.22718125581741333,0.21662411093711853,-0.0105571448802948,-0.0105571448802948,0.9199903122640937,0.9199903122640937,-0.5051836967468262,-0.5051836967468262,5.300723924081645,5.300723924081645
llama31_8b_instruct,10,down_proj,0.0,dense,1,0.22718125581741333,0.22718125581741333,0.0,0.0,1.0,1.0,0.0,0.0,5.300723924081645,5.300723924081645
llama31_8b_instruct,10,down_proj,0.05,dense,1,0.22718125581741333,0.23765581846237183,0.010474562644958496,0.010474562644958496,1.086967971263644,1.086967971263644,0.5491185188293457,0.5491185188293457,5.300723924081645,5.300723924081645
llama31_8b_instruct,10,down_proj,0.1,dense,1,0.22718125581741333,0.24804797768592834,0.020866721868515015,0.020866721868515015,1.1814993697081082,1.1814993697081082,1.1459927558898926,1.1459927558898926,5.300723924081645,5.300723924081645
llama31_8b_instruct,10,down_proj,0.15,dense,1,0.22718125581741333,0.258357971906662,0.031176716089248657,0.031176716089248657,1.2842519765911433,1.2842519765911433,1.7947759628295898,1.7947759628295898,5.300723924081645,5.300723924081645
llama31_8b_instruct,10,down_proj,0.2,dense,1,0.22718125581741333,0.2685859799385071,0.04140472412109375,0.04140472412109375,1.3959408175095782,1.3959408175095782,2.4999828338623047,2.4999828338623047,5.300723924081645,5.300723924081645
llama31_8b_instruct,10,up_proj,-0.2,dense,1,0.2005126178264618,0.16219215095043182,-0.03832046687602997,-0.03832046687602997,0.8021352025595251,0.8021352025595251,-0.7484171390533447,-0.7484171390533447,3.0113564460992808,3.0113564460992808
llama31_8b_instruct,10,up_proj,-0.15,dense,1,0.2005126178264618,0.17186656594276428,-0.02864605188369751,-0.02864605188369751,0.8475897422838383,0.8475897422838383,-0.5764868259429932,-0.5764868259429932,3.0113564460992808,3.0113564460992808
llama31_8b_instruct,10,up_proj,-0.1,dense,1,0.2005126178264618,0.18147879838943481,-0.019033819437026978,-0.019033819437026978,0.8956199812692462,0.8956199812692462,-0.39481401443481445,-0.39481401443481445,3.0113564460992808,3.0113564460992808
llama31_8b_instruct,10,up_proj,-0.05,dense,1,0.2005126178264618,0.19102783501148224,-0.009484782814979553,-0.009484782814979553,0.9463720289763173,0.9463720289763173,-0.20284605026245117,-0.20284605026245117,3.0113564460992808,3.0113564460992808
llama31_8b_instruct,10,up_proj,0.0,dense,1,0.2005126178264618,0.2005126178264618,0.0,0.0,0.9999999369674458,0.9999999369674458,-2.384185791015625e-07,-2.384185791015625e-07,3.0113564460992808,3.0113564460992808
llama31_8b_instruct,10,up_proj,0.05,dense,1,0.2005126178264618,0.20993225276470184,0.009419634938240051,0.009419634938240051,1.0566668334928266,1.0566668334928266,0.2143404483795166,0.2143404483795166,3.0113564460992808,3.0113564460992808
llama31_8b_instruct,10,up_proj,0.1,dense,1,0.2005126178264618,0.21928590536117554,0.018773287534713745,0.018773287534713745,1.1165449234904554,1.1165449234904554,0.4408273696899414,0.4408273696899414,3.0113564460992808,3.0113564460992808
llama31_8b_instruct,10,up_proj,0.15,dense,1,0.2005126178264618,0.22857271134853363,0.02806009352207184,0.02806009352207184,1.1798159928465615,1.1798159928465615,0.6801481246948242,0.6801481246948242,3.0113564460992808,3.0113564460992808
llama31_8b_instruct,10,up_proj,0.2,dense,1,0.2005126178264618,0.23779192566871643,0.03727930784225464,0.03727930784225464,1.2466724799490294,1.2466724799490294,0.9330306053161621,0.9330306053161621,3.0113564460992808,3.0113564460992808
llama31_8b_instruct,11,down_proj,-0.2,dense,1,0.22770416736602783,0.18407030403614044,-0.04363386332988739,-0.04363386332988739,0.6984497774856159,0.6984497774856159,-2.176877498626709,-2.176877498626709,6.016223550793821,6.016223550793821
llama31_8b_instruct,11,down_proj,-0.15,dense,1,0.22770416736602783,0.19507527351379395,-0.03262889385223389,-0.03262889385223389,0.7640141391453709,0.7640141391453709,-1.7035713195800781,-1.7035713195800781,6.016223550793821,6.016223550793821
llama31_8b_instruct,11,down_proj,-0.1,dense,1,0.22770416736602783,0.20601634681224823,-0.021687820553779602,-0.021687820553779602,0.8357331005784568,0.8357331005784568,-1.185835361480713,-1.185835361480713,6.016223550793821,6.016223550793821
llama31_8b_instruct,11,down_proj,-0.05,dense,1,0.22770416736602783,0.21689283847808838,-0.010811328887939453,-0.010811328887939453,0.9141843655886165,0.9141843655886165,-0.6194992065429688,-0.6194992065429688,6.016223550793821,6.016223550793821
llama31_8b_instruct,11,down_proj,0.0,dense,1,0.22770416736602783,0.22770416736602783,0.0,0.0,1.0,1.0,0.0,0.0,6.016223550793821,6.016223550793821
llama31_8b_instruct,11,down_proj,0.05,dense,1,0.22770416736602783,0.23844970762729645,0.010745540261268616,0.010745540261268616,1.0938711875082814,1.0938711875082814,0.6776518821716309,0.6776518821716309,6.016223550793821,6.016223550793821
llama31_8b_instruct,11,down_proj,0.1,dense,1,0.22770416736602783,0.2491288036108017,0.021424636244773865,0.021424636244773865,1.1965541744945554,1.1965541744945554,1.4189157485961914,1.4189157485961914,6.016223550793821,6.016223550793821
llama31_8b_instruct,11,down_proj,0.15,dense,1,0.22770416736602783,0.25974106788635254,0.03203690052032471,0.03203690052032471,1.3088762808927208,1.3088762808927208,2.229763984680176,2.229763984680176,6.016223550793821,6.016223550793821
llama31_8b_instruct,11,down_proj,0.2,dense,1,0.22770416736602783,0.2702859044075012,0.04258173704147339,0.04258173704147339,1.4317419771103528,1.4317419771103528,3.1167259216308594,3.1167259216308594,6.016223550793821,6.016223550793821
llama31_8b_instruct,11,up_proj,-0.2,dense,1,0.1969653218984604,0.15918654203414917,-0.03777877986431122,-0.03777877986431122,0.8007273606390105,0.8007273606390105,-0.7687888145446777,-0.7687888145446777,3.037921738429266,3.037921738429266
llama31_8b_instruct,11,up_proj,-0.15,dense,1,0.1969653218984604,0.16871897876262665,-0.02824634313583374,-0.02824634313583374,0.8464737457589736,0.8464737457589736,-0.5923004150390625,-0.5923004150390625,3.037921738429266,3.037921738429266
llama31_8b_instruct,11,up_proj,-0.1,dense,1,0.1969653218984604,0.17819370329380035,-0.018771618604660034,-0.018771618604660034,0.8948337297629475,0.8948337297629475,-0.405728816986084,-0.405728816986084,3.037921738429266,3.037921738429266
llama31_8b_instruct,11,up_proj,-0.05,dense,1,0.1969653218984604,0.1876095086336136,-0.009355813264846802,-0.009355813264846802,0.9459564951844138,0.9459564951844138,-0.20849847793579102,-0.20849847793579102,3.037921738429266,3.037921738429266
llama31_8b_instruct,11,up_proj,0.0,dense,1,0.1969653218984604,0.1969653218984604,0.0,0.0,1.0,1.0,0.0,0.0,3.037921738429266,3.037921738429266
llama31_8b_instruct,11,up_proj,0.05,dense,1,0.1969653218984604,0.2062600702047348,0.009294748306274414,0.009294748306274414,1.057131039428375,1.057131039428375,0.22041010856628418,0.22041010856628418,3.037921738429266,3.037921738429266
llama31_8b_instruct,11,up_proj,0.1,dense,1,0.1969653218984604,0.21549272537231445,0.018527403473854065,0.018527403473854065,1.1175259875169938,1.1175259875169938,0.4534122943878174,0.4534122943878174,3.037921738429266,3.037921738429266
llama31_8b_instruct,11,up_proj,0.15,dense,1,0.1969653218984604,0.2246623933315277,0.027697071433067322,0.027697071433067322,1.1813714151310517,1.1813714151310517,0.6997263431549072,0.6997263431549072,3.037921738429266,3.037921738429266
llama31_8b_instruct,11,up_proj,0.2,dense,1,0.1969653218984604,0.23376816511154175,0.03680284321308136,0.03680284321308136,1.2488644607468558,1.2488644607468558,0.9601128101348877,0.9601128101348877,3.037921738429266,3.037921738429266
llama31_8b_instruct,12,down_proj,-0.2,dense,1,0.2106155902147293,0.1700768768787384,-0.040538713335990906,-0.040538713335990906,0.7140632539974536,0.7140632539974536,-1.9266858100891113,-1.9266858100891113,5.386621533341815,5.386621533341815
llama31_8b_instruct,12,down_proj,-0.15,dense,1,0.2106155902147293,0.1802959442138672,-0.03031964600086212,-0.03031964600086212,0.7767880578019866,0.7767880578019866,-1.5040364265441895,-1.5040364265441895,5.386621533341815,5.386621533341815
llama31_8b_instruct,12,down_proj,-0.1,dense,1,0.2106155902147293,0.19045932590961456,-0.020156264305114746,-0.020156264305114746,0.8450226888769482,0.8450226888769482,-1.0442609786987305,-1.0442609786987305,5.386621533341815,5.386621533341815
llama31_8b_instruct,12,down_proj,-0.05,dense,1,0.2106155902147293,0.20056618750095367,-0.010049402713775635,-0.010049402713775635,0.9192511209274009,0.9192511209274009,-0.5440983772277832,-0.5440983772277832,5.386621533341815,5.386621533341815
llama31_8b_instruct,12,down_proj,0.0,dense,1,0.2106155902147293,0.2106155902147293,0.0,0.0,1.0,1.0,0.0,0.0,5.386621533341815,5.386621533341815
llama31_8b_instruct,12,down_proj,0.05,dense,1,0.2106155902147293,0.2206067591905594,0.009991168975830078,0.009991168975830078,1.08784211205304,1.08784211205304,0.5918936729431152,0.5918936729431152,5.386621533341815,5.386621533341815
llama31_8b_instruct,12,down_proj,0.1,dense,1,0.2106155902147293,0.23053891956806183,0.01992332935333252,0.01992332935333252,1.1834002043601792,1.1834002043601792,1.23577880859375,1.23577880859375,5.386621533341815,5.386621533341815
llama31_8b_instruct,12,down_proj,0.15,dense,1,0.2106155902147293,0.2404114305973053,0.02979584038257599,0.02979584038257599,1.287352363782349,1.287352363782349,1.9362244606018066,1.9362244606018066,5.386621533341815,5.386621533341815
llama31_8b_instruct,12,down_proj,0.2,dense,1,0.2106155902147293,0.2502236068248749,0.03960801661014557,0.03960801661014557,1.4004361920051565,1.4004361920051565,2.6982007026672363,2.6982007026672363,5.386621533341815,5.386621533341815
llama31_8b_instruct,12,up_proj,-0.2,dense,1,0.1906667798757553,0.1536547690629959,-0.0370120108127594,-0.0370120108127594,0.7898139419582554,0.7898139419582554,-0.8914775848388672,-0.8914775848388672,3.253688760746302,3.253688760746302
llama31_8b_instruct,12,up_proj,-0.15,dense,1,0.1906667798757553,0.16297301650047302,-0.027693763375282288,-0.027693763375282288,0.8378062250943107,0.8378062250943107,-0.6879243850708008,-0.6879243850708008,3.253688760746302,3.253688760746302
llama31_8b_instruct,12,up_proj,-0.1,dense,1,0.1906667798757553,0.17224867641925812,-0.018418103456497192,-0.018418103456497192,0.8887147610318608,0.8887147610318608,-0.4720022678375244,-0.4720022678375244,3.253688760746302,3.253688760746302
llama31_8b_instruct,12,up_proj,-0.05,dense,1,0.1906667798757553,0.1814803183078766,-0.009186461567878723,-0.009186461567878723,0.9427166194199873,0.9427166194199873,-0.24296021461486816,-0.24296021461486816,3.253688760746302,3.253688760746302
llama31_8b_instruct,12,up_proj,0.0,dense,1,0.1906667798757553,0.1906667798757553,0.0,0.0,1.0,1.0,0.0,0.0,3.253688760746302,3.253688760746302
llama31_8b_instruct,12,up_proj,0.05,dense,1,0.1906667798757553,0.19980685412883759,0.009140074253082275,0.009140074253082275,1.0607641201802624,1.0607641201802624,0.257723331451416,0.257723331451416,3.253688760746302,3.253688760746302
llama31_8b_instruct,12,up_proj,0.1,dense,1,0.1906667798757553,0.2088993787765503,0.018232598900794983,0.018232598900794983,1.1252203955005198,1.1252203955005198,0.5311064720153809,0.5311064720153809,3.253688760746302,3.253688760746302
llama31_8b_instruct,12,up_proj,0.15,dense,1,0.1906667798757553,0.21794331073760986,0.027276530861854553,0.027276530861854553,1.1935934514584636,1.1935934514584636,0.8211021423339844,0.8211021423339844,3.253688760746302,3.253688760746302
llama31_8b_instruct,12,up_proj,0.2,dense,1,0.1906667798757553,0.22693756222724915,0.036270782351493835,0.036270782351493835,1.266120954871973,1.266120954871973,1.128718376159668,1.128718376159668,3.253688760746302,3.253688760746302
llama31_8b_instruct,13,down_proj,-0.2,dense,1,0.21064677834510803,0.1704060435295105,-0.040240734815597534,-0.040240734815597534,0.7436469887789586,0.7436469887789586,-1.4107012748718262,-1.4107012748718262,4.397096378493434,4.397096378493434
llama31_8b_instruct,13,down_proj,-0.15,dense,1,0.21064677834510803,0.18056313693523407,-0.030083641409873962,-0.030083641409873962,0.8008018854559024,0.8008018854559024,-1.0961799621582031,-1.0961799621582031,4.397096378493434,4.397096378493434
llama31_8b_instruct,13,down_proj,-0.1,dense,1,0.21064677834510803,0.19065605103969574,-0.019990727305412292,-0.019990727305412292,0.8623496399781951,0.8623496399781951,-0.7574849128723145,-0.7574849128723145,4.397096378493434,4.397096378493434
llama31_8b_instruct,13,down_proj,-0.05,dense,1,0.21064677834510803,0.20068415999412537,-0.009962618350982666,-0.009962618350982666,0.928627844545724,0.928627844545724,-0.3927583694458008,-0.3927583694458008,4.397096378493434,4.397096378493434
llama31_8b_instruct,13,down_proj,0.0,dense,1,0.21064677834510803,0.21064677834510803,0.0,0.0,1.0,1.0,0.0,0.0,4.397096378493434,4.397096378493434
llama31_8b_instruct,13,down_proj,0.05,dense,1,0.21064677834510803,0.22054331004619598,0.009896531701087952,0.009896531701087952,1.0768575954475657,1.0768575954475657,0.4229445457458496,0.4229445457458496,4.397096378493434,4.397096378493434
llama31_8b_instruct,13,down_proj,0.1,dense,1,0.21064677834510803,0.23037324845790863,0.019726470112800598,0.019726470112800598,1.1596223611853542,1.1596223611853542,0.8783960342407227,0.8783960342407227,4.397096378493434,4.397096378493434
llama31_8b_instruct,13,down_proj,0.15,dense,1,0.21064677834510803,0.2401360124349594,0.02948923408985138,0.02948923408985138,1.2487481750221459,1.2487481750221459,1.368852138519287,1.368852138519287,4.397096378493434,4.397096378493434
llama31_8b_instruct,13,down_proj,0.2,dense,1,0.21064677834510803,0.24983130395412445,0.03918452560901642,0.03918452560901642,1.34472400841173,1.34472400841173,1.8970036506652832,1.8970036506652832,4.397096378493434,4.397096378493434
llama31_8b_instruct,13,up_proj,-0.2,dense,1,0.19644467532634735,0.15871666371822357,-0.03772801160812378,-0.03772801160812378,0.7973350481542194,0.7973350481542194,-0.8169174194335938,-0.8169174194335938,3.1030982670672294,3.1030982670672294
llama31_8b_instruct,13,up_proj,-0.15,dense,1,0.19644467532634735,0.16823260486125946,-0.02821207046508789,-0.02821207046508789,0.843782786515328,0.843782786515328,-0.6296923160552979,-0.6296923160552979,3.1030982670672294,3.1030982670672294
llama31_8b_instruct,13,up_proj,-0.1,dense,1,0.19644467532634735,0.17769332230091095,-0.0187513530254364,-0.0187513530254364,0.8929361942545693,0.8929361942545693,-0.4315609931945801,-0.4315609931945801,3.1030982670672294,3.1030982670672294
llama31_8b_instruct,13,up_proj,-0.05,dense,1,0.19644467532634735,0.1870976686477661,-0.009347006678581238,-0.009347006678581238,0.9449530192783675,0.9449530192783675,-0.22188758850097656,-0.22188758850097656,3.1030982670672294,3.1030982670672294
llama31_8b_instruct,13,up_proj,0.0,dense,1,0.19644467532634735,0.19644467532634735,0.0,0.0,1.0,1.0,0.0,0.0,3.1030982670672294,3.1030982670672294
llama31_8b_instruct,13,up_proj,0.05,dense,1,0.19644467532634735,0.20573340356349945,0.0092887282371521,0.0092887282371521,1.0582535159683824,1.0582535159683824,0.23481273651123047,0.23481273651123047,3.1030982670672294,3.1030982670672294
llama31_8b_instruct,13,up_proj,0.1,dense,1,0.19644467532634735,0.2149628847837448,0.01851820945739746,0.01851820945739746,1.1199008299775675,1.1199008299775675,0.4833054542541504,0.4833054542541504,3.1030982670672294,3.1030982670672294
llama31_8b_instruct,13,up_proj,0.15,dense,1,0.19644467532634735,0.2241322249174118,0.027687549591064453,0.027687549591064453,1.1851390234014612,1.1851390234014612,0.7462725639343262,0.7462725639343262,3.1030982670672294,3.1030982670672294
llama31_8b_instruct,13,up_proj,0.2,dense,1,0.19644467532634735,0.23324060440063477,0.036795929074287415,0.036795929074287415,1.2541778353012487,1.2541778353012487,1.024559497833252,1.024559497833252,3.1030982670672294,3.1030982670672294
llama31_8b_instruct,14,down_proj,-0.2,dense,1,0.20415900647640228,0.16528771817684174,-0.03887128829956055,-0.03887128829956055,0.7518947079961306,0.7518947079961306,-1.2998943328857422,-1.2998943328857422,4.161163428524684,4.161163428524684
llama31_8b_instruct,14,down_proj,-0.15,dense,1,0.20415900647640228,0.17510029673576355,-0.029058709740638733,-0.029058709740638733,0.8074540000948344,0.8074540000948344,-1.008803367614746,-1.008803367614746,4.161163428524684,4.161163428524684
llama31_8b_instruct,14,down_proj,-0.1,dense,1,0.20415900647640228,0.18484987318515778,-0.019309133291244507,-0.019309133291244507,0.8671186559147663,0.8671186559147663,-0.6962032318115234,-0.6962032318115234,4.161163428524684,4.161163428524684
llama31_8b_instruct,14,down_proj,-0.05,dense,1,0.20415900647640228,0.19453617930412292,-0.009622827172279358,-0.009622827172279358,0.9311920180400101,0.9311920180400101,-0.3605046272277832,-0.3605046272277832,4.161163428524684,4.161163428524684
llama31_8b_instruct,14,down_proj,0.0,dense,1,0.20415900647640228,0.20415900647640228,0.0,0.0,1.0,1.0,0.0,0.0,4.161163428524684,4.161163428524684
llama31_8b_instruct,14,down_proj,0.05,dense,1,0.20415900647640228,0.2137182205915451,0.009559214115142822,0.009559214115142822,1.0738923604357904,1.0738923604357904,0.3871431350708008,0.3871431350708008,4.161163428524684,4.161163428524684
llama31_8b_instruct,14,down_proj,0.1,dense,1,0.20415900647640228,0.22321370244026184,0.019054695963859558,0.019054695963859558,1.1532447053613366,1.1532447053613366,0.8028926849365234,0.8028926849365234,4.161163428524684,4.161163428524684
llama31_8b_instruct,14,down_proj,0.15,dense,1,0.20415900647640228,0.23264534771442413,0.02848634123802185,0.02848634123802185,1.2384606724485299,1.2384606724485299,1.2493634223937988,1.2493634223937988,4.161163428524684,4.161163428524684
llama31_8b_instruct,14,down_proj,0.2,dense,1,0.20415900647640228,0.2420131266117096,0.03785412013530731,0.03785412013530731,1.3299734782290946,1.3299734782290946,1.7288250923156738,1.7288250923156738,4.161163428524684,4.161163428524684
llama31_8b_instruct,14,up_proj,-0.2,dense,1,0.18865416944026947,0.1525307148694992,-0.036123454570770264,-0.036123454570770264,0.8009159341769988,0.8009159341769988,-0.7908625602722168,-0.7908625602722168,3.034347693579962,3.034347693579962
llama31_8b_instruct,14,up_proj,-0.15,dense,1,0.18865416944026947,0.16164670884609222,-0.027007460594177246,-0.027007460594177246,0.8466232774469364,0.8466232774469364,-0.6092898845672607,-0.6092898845672607,3.034347693579962,3.034347693579962
llama31_8b_instruct,14,up_proj,-0.1,dense,1,0.18865416944026947,0.17070657014846802,-0.017947599291801453,-0.017947599291801453,0.8949390273471879,0.8949390273471879,-0.4173552989959717,-0.4173552989959717,3.034347693579962,3.034347693579962
llama31_8b_instruct,14,up_proj,-0.05,dense,1,0.18865416944026947,0.17970934510231018,-0.00894482433795929,-0.00894482433795929,0.9460122065339983,0.9460122065339983,-0.21446681022644043,-0.21446681022644043,3.034347693579962,3.034347693579962
llama31_8b_instruct,14,up_proj,0.0,dense,1,0.18865416944026947,0.18865416944026947,0.0,0.0,1.0,1.0,0.0,0.0,3.034347693579962,3.034347693579962
llama31_8b_instruct,14,up_proj,0.05,dense,1,0.18865416944026947,0.19754011929035187,0.008885949850082397,0.008885949850082397,1.0570687753662609,1.0570687753662609,0.22670602798461914,0.22670602798461914,3.034347693579962,3.034347693579962
llama31_8b_instruct,14,up_proj,0.1,dense,1,0.18865416944026947,0.20636644959449768,0.01771228015422821,0.01771228015422821,1.1173945630197188,1.1173945630197188,0.4663505554199219,0.4663505554199219,3.034347693579962,3.034347693579962
llama31_8b_instruct,14,up_proj,0.15,dense,1,0.18865416944026947,0.21513235569000244,0.02647818624973297,0.02647818624973297,1.1811629360788232,1.1811629360788232,0.7196707725524902,0.7196707725524902,3.034347693579962,3.034347693579962
llama31_8b_instruct,14,up_proj,0.2,dense,1,0.18865416944026947,0.22383716702461243,0.03518299758434296,0.03518299758434296,1.248570510823018,1.248570510823018,0.9874477386474609,0.9874477386474609,3.034347693579962,3.034347693579962
llama31_8b_instruct,15,down_proj,-0.2,dense,1,0.19725513458251953,0.160002201795578,-0.03725293278694153,-0.03725293278694153,0.757820540513366,0.757820540513366,-1.231229543685913,-1.231229543685913,4.000997451114623,4.000997451114623
llama31_8b_instruct,15,down_proj,-0.15,dense,1,0.19725513458251953,0.16942499577999115,-0.02783013880252838,-0.02783013880252838,0.8122220516239853,0.8122220516239853,-0.9546546936035156,-0.9546546936035156,4.000997451114623,4.000997451114623
llama31_8b_instruct,15,down_proj,-0.1,dense,1,0.19725513458251953,0.17877505719661713,-0.018480077385902405,-0.018480077385902405,0.8705288502617797,0.8705288502617797,-0.6582255363464355,-0.6582255363464355,4.000997451114623,4.000997451114623
llama31_8b_instruct,15,down_proj,-0.05,dense,1,0.19725513458251953,0.18805189430713654,-0.009203240275382996,-0.009203240275382996,0.9330213292712403,0.9330213292712403,-0.3405165672302246,-0.3405165672302246,4.000997451114623,4.000997451114623
llama31_8b_instruct,15,down_proj,0.0,dense,1,0.19725513458251953,0.19725513458251953,0.0,0.0,1.0,1.0,0.0,0.0,4.000997451114623,4.000997451114623
llama31_8b_instruct,15,down_proj,0.05,dense,1,0.19725513458251953,0.20638442039489746,0.00912928581237793,0.00912928581237793,1.0717868522908878,1.0717868522908878,0.3649611473083496,0.3649611473083496,4.000997451114623,4.000997451114623
llama31_8b_instruct,15,down_proj,0.1,dense,1,0.19725513458251953,0.21543949842453003,0.018184363842010498,0.018184363842010498,1.1487269489553713,1.1487269489553713,0.7561211585998535,0.7561211585998535,4.000997451114623,4.000997451114623
llama31_8b_instruct,15,down_proj,0.15,dense,1,0.19725513458251953,0.22442010045051575,0.027164965867996216,0.027164965867996216,1.2311904892097763,1.2311904892097763,1.1753621101379395,1.1753621101379395,4.000997451114623,4.000997451114623
llama31_8b_instruct,15,down_proj,0.2,dense,1,0.19725513458251953,0.23332606256008148,0.03607092797756195,0.03607092797756195,1.319573652808285,1.319573652808285,1.6246981620788574,1.6246981620788574,4.000997451114623,4.000997451114623
llama31_8b_instruct,15,up_proj,-0.2,dense,1,0.19139409065246582,0.155148446559906,-0.036245644092559814,-0.036245644092559814,0.7987668200326191,0.7987668200326191,-0.8021421432495117,-0.8021421432495117,3.0753880690250393,3.0753880690250393
llama31_8b_instruct,15,up_proj,-0.15,dense,1,0.19139409065246582,0.1643119603395462,-0.027082130312919617,-0.027082130312919617,0.8449188985117099,0.8449188985117099,-0.6181738376617432,-0.6181738376617432,3.0753880690250393,3.0753880690250393
llama31_8b_instruct,15,up_proj,-0.1,dense,1,0.19139409065246582,0.17340779304504395,-0.017986297607421875,-0.017986297607421875,0.8937375157395288,0.8937375157395288,-0.42357635498046875,-0.42357635498046875,3.0753880690250393,3.0753880690250393
llama31_8b_instruct,15,up_proj,-0.05,dense,1,0.19139409065246582,0.18243536353111267,-0.00895872712135315,-0.00895872712135315,0.9453769268736051,0.9453769268736051,-0.21773481369018555,-0.21773481369018555,3.0753880690250393,3.0753880690250393
llama31_8b_instruct,15,up_proj,0.0,dense,1,0.19139409065246582,0.19139409065246582,0.0,0.0,0.9999999401879963,0.9999999401879963,-2.384185791015625e-07,-2.384185791015625e-07,3.0753880690250393,3.0753880690250393
llama31_8b_instruct,15,up_proj,0.05,dense,1,0.19139409065246582,0.20028351247310638,0.008889421820640564,0.008889421820640564,1.0577791133133625,1.0577791133133625,0.2303152084350586,0.2303152084350586,3.0753880690250393,3.0753880690250393
llama31_8b_instruct,15,up_proj,0.1,dense,1,0.19139409065246582,0.20910312235355377,0.01770903170108795,0.01770903170108795,1.1188965738009546,1.1188965738009546,0.4739375114440918,0.4739375114440918,3.0753880690250393,3.0753880690250393
llama31_8b_instruct,15,up_proj,0.15,dense,1,0.19139409065246582,0.21785250306129456,0.026458412408828735,0.026458412408828735,1.183545454610704,1.183545454610704,0.7316365242004395,0.7316365242004395,3.0753880690250393,3.0753880690250393
llama31_8b_instruct,15,up_proj,0.2,dense,1,0.19139409065246582,0.22653131186962128,0.03513722121715546,0.03513722121715546,1.25192971467521,1.25192971467521,1.004225254058838,1.004225254058838,3.0753880690250393,3.0753880690250393
llama31_8b_instruct,16,down_proj,-0.2,dense,1,0.19815431535243988,0.16085974872112274,-0.03729456663131714,-0.03729456663131714,0.7739338231032131,0.7739338231032131,-1.0228629112243652,-1.0228629112243652,3.601477132401627,3.601477132401627
llama31_8b_instruct,16,down_proj,-0.15,dense,1,0.19815431535243988,0.1703016310930252,-0.027852684259414673,-0.027852684259414673,0.8251404549147892,0.8251404549147892,-0.7911725044250488,-0.7911725044250488,3.601477132401627,3.601477132401627
llama31_8b_instruct,16,down_proj,-0.1,dense,1,0.19815431535243988,0.17966510355472565,-0.018489211797714233,-0.018489211797714233,0.8797351301164213,0.8797351301164213,-0.5441524982452393,-0.5441524982452393,3.601477132401627,3.601477132401627
llama31_8b_instruct,16,down_proj,-0.05,dense,1,0.19815431535243988,0.18894954025745392,-0.009204775094985962,-0.009204775094985962,0.9379418493994505,0.9379418493994505,-0.2807893753051758,-0.2807893753051758,3.601477132401627,3.601477132401627
llama31_8b_instruct,16,down_proj,0.0,dense,1,0.19815431535243988,0.19815431535243988,0.0,0.0,1.0,1.0,0.0,0.0,3.601477132401627,3.601477132401627
llama31_8b_instruct,16,down_proj,0.05,dense,1,0.19815431535243988,0.20727892220020294,0.009124606847763062,0.009124606847763062,1.0661640395370968,1.0661640395370968,0.29936695098876953,0.29936695098876953,3.601477132401627,3.601477132401627
llama31_8b_instruct,16,down_proj,0.1,dense,1,0.19815431535243988,0.21632282435894012,0.018168509006500244,0.018168509006500244,1.136705656452179,1.136705656452179,0.6185407638549805,0.6185407638549805,3.601477132401627,3.601477132401627
llama31_8b_instruct,16,down_proj,0.15,dense,1,0.19815431535243988,0.22528566420078278,0.027131348848342896,0.027131348848342896,1.2119147711883786,1.2119147711883786,0.9588332176208496,0.9588332176208496,3.601477132401627,3.601477132401627
llama31_8b_instruct,16,down_proj,0.2,dense,1,0.19815431535243988,0.2341672033071518,0.036012887954711914,0.036012887954711914,1.2921000631269886,1.2921000631269886,1.321640968322754,1.321640968322754,3.601477132401627,3.601477132401627
llama31_8b_instruct,16,up_proj,-0.2,dense,1,0.19134174287319183,0.15530262887477875,-0.036039113998413086,-0.036039113998413086,0.7879076311166794,0.7879076311166794,-0.8941638469696045,-0.8941638469696045,3.2932402844284625,3.2932402844284625
llama31_8b_instruct,16,up_proj,-0.15,dense,1,0.19134174287319183,0.1644224226474762,-0.026919320225715637,-0.026919320225715637,0.836289174848517,0.836289174848517,-0.6901912689208984,-0.6901912689208984,3.2932402844284625,3.2932402844284625
llama31_8b_instruct,16,up_proj,-0.1,dense,1,0.19134174287319183,0.1734691858291626,-0.017872557044029236,-0.017872557044029236,0.8876415086763788,0.8876415086763788,-0.4736940860748291,-0.4736940860748291,3.2932402844284625,3.2932402844284625
llama31_8b_instruct,16,up_proj,-0.05,dense,1,0.19134174287319183,0.18244238197803497,-0.00889936089515686,-0.00889936089515686,0.9421473521388365,0.9421473521388365,-0.24390196800231934,-0.24390196800231934,3.2932402844284625,3.2932402844284625
llama31_8b_instruct,16,up_proj,0.0,dense,1,0.19134174287319183,0.19134174287319183,0.0,0.0,0.9999998868959835,0.9999998868959835,-4.76837158203125e-07,-4.76837158203125e-07,3.2932402844284625,3.2932402844284625
llama31_8b_instruct,16,up_proj,0.05,dense,1,0.19134174287319183,0.2001667469739914,0.00882500410079956,0.00882500410079956,1.0614049622577553,1.0614049622577553,0.258878231048584,0.258878231048584,3.2932402844284625,3.2932402844284625
llama31_8b_instruct,16,up_proj,0.1,dense,1,0.19134174287319183,0.20891717076301575,0.017575427889823914,0.017575427889823914,1.126580812423888,1.126580812423888,0.5336542129516602,0.5336542129516602,3.2932402844284625,3.2932402844284625
llama31_8b_instruct,16,up_proj,0.15,dense,1,0.19134174287319183,0.21759267151355743,0.0262509286403656,0.0262509286403656,1.1957585088999854,1.1957585088999854,0.8253016471862793,0.8253016471862793,3.2932402844284625,3.2932402844284625
llama31_8b_instruct,16,up_proj,0.2,dense,1,0.19134174287319183,0.22619298100471497,0.03485123813152313,0.03485123813152313,1.269184166025838,1.269184166025838,1.1348581314086914,1.1348581314086914,3.2932402844284625,3.2932402844284625
llama31_8b_instruct,17,down_proj,-0.2,dense,1,0.1907205581665039,0.1547914445400238,-0.0359291136264801,-0.0359291136264801,0.7716853563872483,0.7716853563872483,-1.0576577186584473,-1.0576577186584473,3.65425372702742,3.65425372702742
llama31_8b_instruct,17,down_proj,-0.15,dense,1,0.1907205581665039,0.1638856828212738,-0.026834875345230103,-0.026834875345230103,0.8233418933221176,0.8233418933221176,-0.8183610439300537,-0.8183610439300537,3.65425372702742,3.65425372702742
llama31_8b_instruct,17,down_proj,-0.1,dense,1,0.1907205581665039,0.17290571331977844,-0.017814844846725464,-0.017814844846725464,0.8784562910462065,0.8784562910462065,-0.5630459785461426,-0.5630459785461426,3.65425372702742,3.65425372702742
llama31_8b_instruct,17,down_proj,-0.05,dense,1,0.1907205581665039,0.1818508505821228,-0.008869707584381104,-0.008869707584381104,0.9372599965867097,0.9372599965867097,-0.29064035415649414,-0.29064035415649414,3.65425372702742,3.65425372702742
llama31_8b_instruct,17,down_proj,0.0,dense,1,0.1907205581665039,0.1907205581665039,0.0,0.0,1.0,1.0,0.0,0.0,3.65425372702742,3.65425372702742
llama31_8b_instruct,17,down_proj,0.05,dense,1,0.1907205581665039,0.19951429963111877,0.008793741464614868,0.008793741464614868,1.066939812244325,1.066939812244325,0.31009578704833984,0.31009578704833984,3.65425372702742,3.65425372702742
llama31_8b_instruct,17,down_proj,0.1,dense,1,0.1907205581665039,0.208231583237648,0.017511025071144104,0.017511025071144104,1.1383606489204388,1.1383606489204388,0.6409497261047363,0.6409497261047363,3.65425372702742,3.65425372702742
llama31_8b_instruct,17,down_proj,0.15,dense,1,0.1907205581665039,0.21687205135822296,0.026151493191719055,0.026151493191719055,1.2145622537433483,1.2145622537433483,0.993950366973877,0.993950366973877,3.65425372702742,3.65425372702742
llama31_8b_instruct,17,down_proj,0.2,dense,1,0.1907205581665039,0.22543542087078094,0.03471486270427704,0.03471486270427704,1.2958649572216723,1.2958649572216723,1.3705816268920898,1.3705816268920898,3.65425372702742,3.65425372702742
llama31_8b_instruct,17,up_proj,-0.2,dense,1,0.1904064416885376,0.15468533337116241,-0.03572110831737518,-0.03572110831737518,0.7885491889331447,0.7885491889331447,-0.8854942321777344,-0.8854942321777344,3.27986622485764,3.27986622485764
llama31_8b_instruct,17,up_proj,-0.15,dense,1,0.1904064416885376,0.16372932493686676,-0.026677116751670837,-0.026677116751670837,0.8367998100716671,0.8367998100716671,-0.6834347248077393,-0.6834347248077393,3.27986622485764,3.27986622485764
llama31_8b_instruct,17,up_proj,-0.1,dense,1,0.1904064416885376,0.17269761860370636,-0.017708823084831238,-0.017708823084831238,0.8880029741774896,0.8880029741774896,-0.4690108299255371,-0.4690108299255371,3.27986622485764,3.27986622485764
llama31_8b_instruct,17,up_proj,-0.05,dense,1,0.1904064416885376,0.18159009516239166,-0.008816346526145935,-0.008816346526145935,0.9423390448472261,0.9423390448472261,-0.24146723747253418,-0.24146723747253418,3.27986622485764,3.27986622485764
llama31_8b_instruct,17,up_proj,0.0,dense,1,0.1904064416885376,0.1904064416885376,0.0,0.0,1.0,1.0,0.0,0.0,3.27986622485764,3.27986622485764
llama31_8b_instruct,17,up_proj,0.05,dense,1,0.1904064416885376,0.1991465985774994,0.008740156888961792,0.008740156888961792,1.0611892610785834,1.0611892610785834,0.2562427520751953,0.2562427520751953,3.27986622485764,3.27986622485764
llama31_8b_instruct,17,up_proj,0.1,dense,1,0.1904064416885376,0.20781047642230988,0.017404034733772278,0.017404034733772278,1.1261224331777926,1.1261224331777926,0.5281639099121094,0.5281639099121094,3.27986622485764,3.27986622485764
llama31_8b_instruct,17,up_proj,0.15,dense,1,0.1904064416885376,0.2163979411125183,0.025991499423980713,0.025991499423980713,1.195029069966045,1.195029069966045,0.8167247772216797,0.8167247772216797,3.27986622485764,3.27986622485764
llama31_8b_instruct,17,up_proj,0.2,dense,1,0.1904064416885376,0.2249089777469635,0.0345025360584259,0.0345025360584259,1.268151819691059,1.268151819691059,1.122941493988037,1.122941493988037,3.27986622485764,3.27986622485764
llama31_8b_instruct,18,down_proj,-0.2,dense,1,0.19432318210601807,0.15775029361248016,-0.0365728884935379,-0.0365728884935379,0.7697933583399883,0.7697933583399883,-1.0724267959594727,-1.0724267959594727,3.6993811181979424,3.6993811181979424
llama31_8b_instruct,18,down_proj,-0.15,dense,1,0.19432318210601807,0.16700969636440277,-0.027313485741615295,-0.027313485741615295,0.8218274299244211,0.8218274299244211,-0.830024003982544,-0.830024003982544,3.6993811181979424,3.6993811181979424
llama31_8b_instruct,18,down_proj,-0.1,dense,1,0.19432318210601807,0.17619210481643677,-0.0181310772895813,-0.0181310772895813,0.8773786125339392,0.8773786125339392,-0.5712366104125977,-0.5712366104125977,3.6993811181979424,3.6993811181979424
llama31_8b_instruct,18,down_proj,-0.05,dense,1,0.19432318210601807,0.18529678881168365,-0.009026393294334412,-0.009026393294334412,0.9366849388709911,0.9366849388709911,-0.2949557304382324,-0.2949557304382324,3.6993811181979424,3.6993811181979424
llama31_8b_instruct,18,down_proj,0.0,dense,1,0.19432318210601807,0.19432318210601807,0.0,0.0,1.0,1.0,0.0,0.0,3.6993811181979424,3.6993811181979424
llama31_8b_instruct,18,down_proj,0.05,dense,1,0.19432318210601807,0.20327067375183105,0.008947491645812988,0.008947491645812988,1.067594736606144,1.067594736606144,0.3148927688598633,0.3148927688598633,3.6993811181979424,3.6993811181979424
llama31_8b_instruct,18,down_proj,0.1,dense,1,0.19432318210601807,0.212138831615448,0.01781564950942993,0.01781564950942993,1.1397586161082682,1.1397586161082682,0.6510710716247559,0.6510710716247559,3.6993811181979424,3.6993811181979424
llama31_8b_instruct,18,down_proj,0.15,dense,1,0.19432318210601807,0.22092722356319427,0.02660404145717621,0.02660404145717621,1.216800349162397,1.216800349162397,1.0099730491638184,1.0099730491638184,3.6993811181979424,3.6993811181979424
llama31_8b_instruct,18,down_proj,0.2,dense,1,0.19432318210601807,0.22963552176952362,0.035312339663505554,0.035312339663505554,1.2990498344569814,1.2990498344569814,1.3931355476379395,1.3931355476379395,3.6993811181979424,3.6993811181979424
llama31_8b_instruct,18,up_proj,-0.2,dense,1,0.19035033881664276,0.1546788513660431,-0.03567148745059967,-0.03567148745059967,0.7902038002994831,0.7902038002994831,-0.8658924102783203,-0.8658924102783203,3.2456714629758614,3.2456714629758614
llama31_8b_instruct,18,up_proj,-0.15,dense,1,0.19035033881664276,0.16371279954910278,-0.026637539267539978,-0.026637539267539978,0.83811641298256,0.83811641298256,-0.668142557144165,-0.668142557144165,3.2456714629758614,3.2456714629758614
llama31_8b_instruct,18,up_proj,-0.1,dense,1,0.19035033881664276,0.17266957461833954,-0.017680764198303223,-0.017680764198303223,0.8889341454952591,0.8889341454952591,-0.4584023952484131,-0.4584023952484131,3.2456714629758614,3.2456714629758614
llama31_8b_instruct,18,up_proj,-0.05,dense,1,0.19035033881664276,0.1815488338470459,-0.008801504969596863,-0.008801504969596863,0.9428330114408264,0.9428330114408264,-0.235945463180542,-0.235945463180542,3.2456714629758614,3.2456714629758614
llama31_8b_instruct,18,up_proj,0.0,dense,1,0.19035033881664276,0.19035033881664276,0.0,0.0,1.0,1.0,0.0,0.0,3.2456714629758614,3.2456714629758614
llama31_8b_instruct,18,up_proj,0.05,dense,1,0.19035033881664276,0.1990738809108734,0.008723542094230652,0.008723542094230652,1.0606332492296011,1.0606332492296011,0.25025177001953125,0.25025177001953125,3.2456714629758614,3.2456714629758614
llama31_8b_instruct,18,up_proj,0.1,dense,1,0.19035033881664276,0.20771925151348114,0.01736891269683838,0.01736891269683838,1.1249428547892972,1.1249428547892972,0.5156769752502441,0.5156769752502441,3.2456714629758614,3.2456714629758614
llama31_8b_instruct,18,up_proj,0.15,dense,1,0.19035033881664276,0.21628646552562714,0.025936126708984375,0.025936126708984375,1.193151794200759,1.193151794200759,0.7971959114074707,0.7971959114074707,3.2456714629758614,3.2456714629758614
llama31_8b_instruct,18,up_proj,0.2,dense,1,0.19035033881664276,0.22477515041828156,0.034424811601638794,0.034424811601638794,1.2654964467434364,1.2654964467434364,1.0957841873168945,1.0957841873168945,3.2456714629758614,3.2456714629758614
llama31_8b_instruct,19,down_proj,-0.2,dense,1,0.1930406391620636,0.1566907912492752,-0.03634984791278839,-0.03634984791278839,0.7908673734884306,0.7908673734884306,-0.8510551452636719,-0.8510551452636719,3.2320770312300287,3.2320770312300287
llama31_8b_instruct,19,down_proj,-0.15,dense,1,0.1930406391620636,0.1658918708562851,-0.027148768305778503,-0.027148768305778503,0.8386441634827347,0.8386441634827347,-0.6566298007965088,-0.6566298007965088,3.2320770312300287,3.2320770312300287
llama31_8b_instruct,19,down_proj,-0.1,dense,1,0.1930406391620636,0.1750176101922989,-0.01802302896976471,-0.01802302896976471,0.8893072028866243,0.8893072028866243,-0.45045900344848633,-0.45045900344848633,3.2320770312300287,3.2320770312300287
llama31_8b_instruct,19,down_proj,-0.05,dense,1,0.1930406391620636,0.18406739830970764,-0.008973240852355957,-0.008973240852355957,0.9430309063739453,0.9430309063739453,-0.23183298110961914,-0.23183298110961914,3.2320770312300287,3.2320770312300287
llama31_8b_instruct,19,down_proj,0.0,dense,1,0.1930406391620636,0.1930406391620636,0.0,0.0,1.0,1.0,0.0,0.0,3.2320770312300287,3.2320770312300287
llama31_8b_instruct,19,down_proj,0.05,dense,1,0.1930406391620636,0.20193687081336975,0.008896231651306152,0.008896231651306152,1.0604106343620459,1.0604106343620459,0.24583816528320312,0.24583816528320312,3.2320770312300287,3.2320770312300287
llama31_8b_instruct,19,down_proj,0.1,dense,1,0.1930406391620636,0.21075555682182312,0.01771491765975952,0.01771491765975952,1.1244707947110582,1.1244707947110582,0.5065279006958008,0.5065279006958008,3.2320770312300287,3.2320770312300287
llama31_8b_instruct,19,down_proj,0.15,dense,1,0.1930406391620636,0.2194964587688446,0.026455819606781006,0.026455819606781006,1.1924007696508858,1.1924007696508858,0.7829656600952148,0.7829656600952148,3.2320770312300287,3.2320770312300287
llama31_8b_instruct,19,down_proj,0.2,dense,1,0.1930406391620636,0.2281591147184372,0.035118475556373596,0.035118475556373596,1.264434557235725,1.264434557235725,1.076103687286377,1.076103687286377,3.2320770312300287,3.2320770312300287
llama31_8b_instruct,19,up_proj,-0.2,dense,1,0.19095784425735474,0.1552562415599823,-0.035701602697372437,-0.035701602697372437,0.796714790867843,0.796714790867843,-0.8020455837249756,-0.8020455837249756,3.115198372023196,3.115198372023196
llama31_8b_instruct,19,up_proj,-0.15,dense,1,0.19095784425735474,0.16430164873600006,-0.026656195521354675,-0.026656195521354675,0.8432904132946167,0.8432904132946167,-0.6182851791381836,-0.6182851791381836,3.115198372023196,3.115198372023196
llama31_8b_instruct,19,up_proj,-0.1,dense,1,0.19095784425735474,0.1732672154903412,-0.01769062876701355,-0.01769062876701355,0.8925887336288241,0.8925887336288241,-0.4237825870513916,-0.4237825870513916,3.115198372023196,3.115198372023196
llama31_8b_instruct,19,up_proj,-0.05,dense,1,0.19095784425735474,0.182152658700943,-0.008805185556411743,-0.008805185556411743,0.9447691640925843,0.9447691640925843,-0.2179088592529297,-0.2179088592529297,3.115198372023196,3.115198372023196
llama31_8b_instruct,19,up_proj,0.0,dense,1,0.19095784425735474,0.19095784425735474,0.0,0.0,1.0,1.0,0.0,0.0,3.115198372023196,3.115198372023196
llama31_8b_instruct,19,up_proj,0.05,dense,1,0.19095784425735474,0.1996825635433197,0.008724719285964966,0.008724719285964966,1.0584596887702973,1.0584596887702973,0.23064804077148438,0.23064804077148438,3.115198372023196,3.115198372023196
llama31_8b_instruct,19,up_proj,0.1,dense,1,0.19095784425735474,0.20832668244838715,0.01736883819103241,0.01736883819103241,1.1203367694986286,1.1203367694986286,0.4747791290283203,0.4747791290283203,3.115198372023196,3.115198372023196
llama31_8b_instruct,19,up_proj,0.15,dense,1,0.19095784425735474,0.2168901413679123,0.025932297110557556,0.025932297110557556,1.1858311419692136,1.1858311419692136,0.7331819534301758,0.7331819534301758,3.115198372023196,3.115198372023196
llama31_8b_instruct,19,up_proj,0.2,dense,1,0.19095784425735474,0.2253728061914444,0.03441496193408966,0.03441496193408966,1.2551544292305212,1.2551544292305212,1.0066914558410645,1.0066914558410645,3.115198372023196,3.115198372023196
llama31_8b_instruct,20,down_proj,-0.2,dense,1,0.19093404710292816,0.1549079269170761,-0.03602612018585205,-0.03602612018585205,0.7933503648452183,0.7933503648452183,-0.8330552577972412,-0.8330552577972412,3.1818142642320812,3.1818142642320812
llama31_8b_instruct,20,down_proj,-0.15,dense,1,0.19093404710292816,0.16402287781238556,-0.026911169290542603,-0.026911169290542603,0.8406181331663459,0.8406181331663459,-0.6425073146820068,-0.6425073146820068,3.1818142642320812,3.1818142642320812
llama31_8b_instruct,20,down_proj,-0.1,dense,1,0.19093404710292816,0.1730659306049347,-0.01786811649799347,-0.01786811649799347,0.8907020980152548,0.8907020980152548,-0.44060659408569336,-0.44060659408569336,3.1818142642320812,3.1818142642320812
llama31_8b_instruct,20,down_proj,-0.05,dense,1,0.19093404710292816,0.18203651905059814,-0.008897528052330017,-0.008897528052330017,0.9437702245753645,0.9437702245753645,-0.22667598724365234,-0.22667598724365234,3.1818142642320812,3.1818142642320812
llama31_8b_instruct,20,down_proj,0.0,dense,1,0.19093404710292816,0.19093404710292816,0.0,0.0,1.0,1.0,0.0,0.0,3.1818142642320812,3.1818142642320812
llama31_8b_instruct,20,down_proj,0.05,dense,1,0.19093404710292816,0.19975808262825012,0.00882403552532196,0.00882403552532196,1.0595798528364766,1.0595798528364766,0.24018096923828125,0.24018096923828125,3.1818142642320812,3.1818142642320812
llama31_8b_instruct,20,down_proj,0.1,dense,1,0.19093404710292816,0.20850813388824463,0.017574086785316467,0.017574086785316467,1.1227096853101317,1.1227096853101317,0.4946727752685547,0.4946727752685547,3.1818142642320812,3.1818142642320812
llama31_8b_instruct,20,down_proj,0.15,dense,1,0.19093404710292816,0.21718385815620422,0.026249811053276062,0.026249811053276062,1.1896006367536447,1.1896006367536447,0.7643265724182129,0.7643265724182129,3.1818142642320812,3.1818142642320812
llama31_8b_instruct,20,down_proj,0.2,dense,1,0.19093404710292816,0.22578489780426025,0.03485085070133209,0.03485085070133209,1.2604769761724828,1.2604769761724828,1.050046443939209,1.050046443939209,3.1818142642320812,3.1818142642320812
llama31_8b_instruct,20,up_proj,-0.2,dense,1,0.1902281939983368,0.15466468036174774,-0.03556351363658905,-0.03556351363658905,0.7941626971625645,0.7941626971625645,-0.8287408351898193,-0.8287408351898193,3.165575675777003,3.165575675777003
llama31_8b_instruct,20,up_proj,-0.15,dense,1,0.1902281939983368,0.16367489099502563,-0.026553303003311157,-0.026553303003311157,0.84126361691897,0.84126361691897,-0.6391034126281738,-0.6391034126281738,3.165575675777003,3.165575675777003
llama31_8b_instruct,20,up_proj,-0.1,dense,1,0.1902281939983368,0.1726056933403015,-0.01762250065803528,-0.01762250065803528,0.8911580332419814,0.8911580332419814,-0.4382188320159912,-0.4382188320159912,3.165575675777003,3.165575675777003
llama31_8b_instruct,20,up_proj,-0.05,dense,1,0.1902281939983368,0.18145684897899628,-0.008771345019340515,-0.008771345019340515,0.9440116941472415,0.9440116941472415,-0.2254197597503662,-0.2254197597503662,3.165575675777003,3.165575675777003
llama31_8b_instruct,20,up_proj,0.0,dense,1,0.1902281939983368,0.1902281939983368,0.0,0.0,1.0,1.0,0.0,0.0,3.165575675777003,3.165575675777003
llama31_8b_instruct,20,up_proj,0.05,dense,1,0.1902281939983368,0.19891950488090515,0.00869131088256836,0.00869131088256836,1.0593088917681446,1.0593088917681446,0.23878908157348633,0.23878908157348633,3.165575675777003,3.165575675777003
llama31_8b_instruct,20,up_proj,0.1,dense,1,0.1902281939983368,0.207530677318573,0.017302483320236206,0.017302483320236206,1.122135502407758,1.122135502407758,0.4917411804199219,0.4917411804199219,3.165575675777003,3.165575675777003
llama31_8b_instruct,20,up_proj,0.15,dense,1,0.1902281939983368,0.21606159210205078,0.02583339810371399,0.02583339810371399,1.1886881568631167,1.1886881568631167,0.7596950531005859,0.7596950531005859,3.165575675777003,3.165575675777003
llama31_8b_instruct,20,up_proj,0.2,dense,1,0.1902281939983368,0.2245122492313385,0.03428405523300171,0.03428405523300171,1.2591878524884113,1.2591878524884113,1.0435404777526855,1.0435404777526855,3.165575675777003,3.165575675777003
llama31_8b_instruct,21,down_proj,-0.2,dense,1,0.1869162619113922,0.15171130001544952,-0.03520496189594269,-0.03520496189594269,0.7989042748610513,0.7989042748610513,-0.7893824577331543,-0.7893824577331543,3.0727423337735003,3.0727423337735003
llama31_8b_instruct,21,down_proj,-0.15,dense,1,0.1869162619113922,0.16062164306640625,-0.026294618844985962,-0.026294618844985962,0.845027935512539,0.845027935512539,-0.6083283424377441,-0.6083283424377441,3.0727423337735003,3.0727423337735003
llama31_8b_instruct,21,down_proj,-0.1,dense,1,0.1869162619113922,0.16945964097976685,-0.017456620931625366,-0.017456620931625366,0.8938145014913436,0.8938145014913436,-0.4168212413787842,-0.4168212413787842,3.0727423337735003,3.0727423337735003
llama31_8b_instruct,21,down_proj,-0.05,dense,1,0.1869162619113922,0.17822465300559998,-0.008691608905792236,-0.008691608905792236,0.9454176381597377,0.9454176381597377,-0.21425795555114746,-0.21425795555114746,3.0727423337735003,3.0727423337735003
llama31_8b_instruct,21,down_proj,0.0,dense,1,0.1869162619113922,0.1869162619113922,0.0,0.0,1.0,1.0,0.0,0.0,3.0727423337735003,3.0727423337735003
llama31_8b_instruct,21,down_proj,0.05,dense,1,0.1869162619113922,0.1955338716506958,0.008617609739303589,0.008617609739303589,1.0577335950382,1.0577335950382,0.22662782669067383,0.22662782669067383,3.0727423337735003,3.0727423337735003
llama31_8b_instruct,21,down_proj,0.1,dense,1,0.1869162619113922,0.2040770798921585,0.017160817980766296,0.017160817980766296,1.118800331479874,1.118800331479874,0.4663395881652832,0.4663395881652832,3.0727423337735003,3.0727423337735003
llama31_8b_instruct,21,down_proj,0.15,dense,1,0.1869162619113922,0.2125455141067505,0.025629252195358276,0.025629252195358276,1.1833928680321868,1.1833928680321868,0.7198915481567383,0.7198915481567383,3.0727423337735003,3.0727423337735003
llama31_8b_instruct,21,down_proj,0.2,dense,1,0.1869162619113922,0.2209388166666031,0.034022554755210876,0.034022554755210876,1.2517144316920414,1.2517144316920414,0.9880814552307129,0.9880814552307129,3.0727423337735003,3.0727423337735003
llama31_8b_instruct,21,up_proj,-0.2,dense,1,0.18991495668888092,0.15441130101680756,-0.035503655672073364,-0.035503655672073364,0.7901131665150963,0.7901131665150963,-0.8701648712158203,-0.8701648712158203,3.247532611068686,3.247532611068686
llama31_8b_instruct,21,up_proj,-0.15,dense,1,0.18991495668888092,0.1634068787097931,-0.02650807797908783,-0.02650807797908783,0.8380442629868677,0.8380442629868677,-0.6714484691619873,-0.6714484691619873,3.247532611068686,3.247532611068686
llama31_8b_instruct,21,up_proj,-0.1,dense,1,0.18991495668888092,0.1723228543996811,-0.01759210228919983,-0.01759210228919983,0.888883163707585,0.888883163707585,-0.4606766700744629,-0.4606766700744629,3.247532611068686,3.247532611068686
llama31_8b_instruct,21,up_proj,-0.05,dense,1,0.18991495668888092,0.18115894496440887,-0.008756011724472046,-0.008756011724472046,0.9428060138480123,0.9428060138480123,-0.23711919784545898,-0.23711919784545898,3.247532611068686,3.247532611068686
llama31_8b_instruct,21,up_proj,0.0,dense,1,0.18991495668888092,0.18991495668888092,0.0,0.0,1.0,1.0,0.0,0.0,3.247532611068686,3.247532611068686
llama31_8b_instruct,21,up_proj,0.05,dense,1,0.18991495668888092,0.1985906958580017,0.008675739169120789,0.008675739169120789,1.060663637713492,1.060663637713492,0.25150394439697266,0.25150394439697266,3.247532611068686,3.247532611068686
llama31_8b_instruct,21,up_proj,0.1,dense,1,0.18991495668888092,0.20718596875667572,0.0172710120677948,0.0172710120677948,1.1250072890631388,1.1250072890631388,0.5182647705078125,0.5182647705078125,3.247532611068686,3.247532611068686
llama31_8b_instruct,21,up_proj,0.15,dense,1,0.18991495668888092,0.21570062637329102,0.025785669684410095,0.025785669684410095,1.1932544278111314,1.1932544278111314,0.8012089729309082,0.8012089729309082,3.247532611068686,3.247532611068686
llama31_8b_instruct,21,up_proj,0.2,dense,1,0.18991495668888092,0.22413469851016998,0.03421974182128906,0.03421974182128906,1.2656416394071999,1.2656416394071999,1.1013174057006836,1.1013174057006836,3.247532611068686,3.247532611068686
llama31_8b_instruct,22,down_proj,-0.2,dense,1,0.18985415995121002,0.15438595414161682,-0.0354682058095932,-0.0354682058095932,0.8173567484970878,0.8173567484970878,-0.6390602588653564,-0.6390602588653564,2.7412064321154874,2.7412064321154874
llama31_8b_instruct,22,down_proj,-0.15,dense,1,0.18985415995121002,0.16337533295154572,-0.026478826999664307,-0.026478826999664307,0.8596243784357449,0.8596243784357449,-0.4911677837371826,-0.4911677837371826,2.7412064321154874,2.7412064321154874
llama31_8b_instruct,22,down_proj,-0.1,dense,1,0.18985415995121002,0.17228341102600098,-0.017570748925209045,-0.017570748925209045,0.9040778022135268,0.9040778022135268,-0.33562731742858887,-0.33562731742858887,2.7412064321154874,2.7412064321154874
llama31_8b_instruct,22,down_proj,-0.05,dense,1,0.18985415995121002,0.18110978603363037,-0.008744373917579651,-0.008744373917579651,0.9508300640345333,0.9508300640345333,-0.1720433235168457,-0.1720433235168457,2.7412064321154874,2.7412064321154874
llama31_8b_instruct,22,down_proj,0.0,dense,1,0.18985415995121002,0.18985415995121002,0.0,0.0,1.0,1.0,0.0,0.0,2.7412064321154874,2.7412064321154874
llama31_8b_instruct,22,down_proj,0.05,dense,1,0.18985415995121002,0.19851629436016083,0.008662134408950806,0.008662134408950806,1.0517126469480962,1.0517126469480962,0.1809401512145996,0.1809401512145996,2.7412064321154874,2.7412064321154874
llama31_8b_instruct,22,down_proj,0.1,dense,1,0.18985415995121002,0.2070958912372589,0.01724173128604889,0.01724173128604889,1.1060994468738234,1.1060994468738234,0.37123703956604004,0.37123703956604004,2.7412064321154874,2.7412064321154874
llama31_8b_instruct,22,down_proj,0.15,dense,1,0.18985415995121002,0.21559292078018188,0.025738760828971863,0.025738760828971863,1.1632988601887135,1.1632988601887135,0.5713751316070557,0.5713751316070557,2.7412064321154874,2.7412064321154874
llama31_8b_instruct,22,down_proj,0.2,dense,1,0.18985415995121002,0.22400707006454468,0.034152910113334656,0.034152910113334656,1.2234559568810293,1.2234559568810293,0.7818620204925537,0.7818620204925537,2.7412064321154874,2.7412064321154874
llama31_8b_instruct,22,up_proj,-0.2,dense,1,0.19301959872245789,0.15705059468746185,-0.03596900403499603,-0.03596900403499603,0.7941454428998266,0.7941454428998266,-0.8312366008758545,-0.8312366008758545,3.165918142498614,3.165918142498614
llama31_8b_instruct,22,up_proj,-0.15,dense,1,0.19301959872245789,0.16616927087306976,-0.026850327849388123,-0.026850327849388123,0.8412499359372376,0.8412499359372376,-0.6410295963287354,-0.6410295963287354,3.165918142498614,3.165918142498614
llama31_8b_instruct,22,up_proj,-0.1,dense,1,0.19301959872245789,0.1752038151025772,-0.017815783619880676,-0.017815783619880676,0.8911483920305687,0.8911483920305687,-0.4395406246185303,-0.4395406246185303,3.165918142498614,3.165918142498614
llama31_8b_instruct,22,up_proj,-0.05,dense,1,0.19301959872245789,0.1841539889574051,-0.008865609765052795,-0.008865609765052795,0.9440064887016905,0.9440064887016905,-0.22610068321228027,-0.22610068321228027,3.165918142498614,3.165918142498614
llama31_8b_instruct,22,up_proj,0.0,dense,1,0.19301959872245789,0.19301959872245789,0.0,0.0,1.0,1.0,0.0,0.0,3.165918142498614,3.165918142498614
llama31_8b_instruct,22,up_proj,0.05,dense,1,0.19301959872245789,0.20180049538612366,0.008780896663665771,0.008780896663665771,1.0593146784143799,1.0593146784143799,0.23951148986816406,0.23951148986816406,3.165918142498614,3.165918142498614
llama31_8b_instruct,22,up_proj,0.1,dense,1,0.19301959872245789,0.21049663424491882,0.017477035522460938,0.017477035522460938,1.1221474357536108,1.1221474357536108,0.4932289123535156,0.4932289123535156,3.165918142498614,3.165918142498614
llama31_8b_instruct,22,up_proj,0.15,dense,1,0.19301959872245789,0.21910794079303741,0.02608834207057953,0.02608834207057953,1.1887072878507008,1.1887072878507008,0.7619962692260742,0.7619962692260742,3.165918142498614,3.165918142498614
llama31_8b_instruct,22,up_proj,0.2,dense,1,0.19301959872245789,0.22763432562351227,0.03461472690105438,0.03461472690105438,1.2592151774308247,1.2592151774308247,1.046705722808838,1.046705722808838,3.165918142498614,3.165918142498614
llama31_8b_instruct,23,down_proj,-0.2,dense,1,0.19564403593540192,0.15911348164081573,-0.03653055429458618,-0.03653055429458618,0.8108145741715339,0.8108145741715339,-0.686406135559082,-0.686406135559082,2.853594005857069,2.853594005857069
llama31_8b_instruct,23,down_proj,-0.15,dense,1,0.19564403593540192,0.16837237775325775,-0.027271658182144165,-0.027271658182144165,0.8544588385759805,0.8544588385759805,-0.5280551910400391,-0.5280551910400391,2.853594005857069,2.853594005857069
llama31_8b_instruct,23,down_proj,-0.1,dense,1,0.19564403593540192,0.17754733562469482,-0.018096700310707092,-0.018096700310707092,0.9004524488441307,0.9004524488441307,-0.36118030548095703,-0.36118030548095703,2.853594005857069,2.853594005857069
llama31_8b_instruct,23,down_proj,-0.05,dense,1,0.19564403593540192,0.18663795292377472,-0.009006083011627197,-0.009006083011627197,0.9489217040012149,0.9489217040012149,-0.18532323837280273,-0.18532323837280273,2.853594005857069,2.853594005857069
llama31_8b_instruct,23,down_proj,0.0,dense,1,0.19564403593540192,0.19564403593540192,0.0,0.0,0.999999934287708,0.999999934287708,-2.384185791015625e-07,-2.384185791015625e-07,2.853594005857069,2.853594005857069
llama31_8b_instruct,23,down_proj,0.05,dense,1,0.19564403593540192,0.2045653760433197,0.008921340107917786,0.008921340107917786,1.053827632583913,1.053827632583913,0.195298433303833,0.195298433303833,2.853594005857069,2.853594005857069
llama31_8b_instruct,23,down_proj,0.1,dense,1,0.19564403593540192,0.21340176463127136,0.017757728695869446,0.017757728695869446,1.1105527172591299,1.1105527172591299,0.4011094570159912,0.4011094570159912,2.853594005857069,2.853594005857069
llama31_8b_instruct,23,down_proj,0.15,dense,1,0.19564403593540192,0.22215314209461212,0.026509106159210205,0.026509106159210205,1.170331320719158,1.170331320719158,0.6179993152618408,0.6179993152618408,2.853594005857069,2.853594005857069
llama31_8b_instruct,23,down_proj,0.2,dense,1,0.19564403593540192,0.230819433927536,0.035175397992134094,0.035175397992134094,1.233327460844838,1.233327460844838,0.8465631008148193,0.8465631008148193,2.853594005857069,2.853594005857069
llama31_8b_instruct,23,up_proj,-0.2,dense,1,0.19335608184337616,0.15732206404209137,-0.03603401780128479,-0.03603401780128479,0.8033653484949425,0.8033653484949425,-0.7519185543060303,-0.7519185543060303,2.988371092084748,2.988371092084748
llama31_8b_instruct,23,up_proj,-0.15,dense,1,0.19335608184337616,0.16645796597003937,-0.026898115873336792,-0.026898115873336792,0.8485644303438764,0.8485644303438764,-0.5790801048278809,-0.5790801048278809,2.988371092084748,2.988371092084748
llama31_8b_instruct,23,up_proj,-0.1,dense,1,0.19335608184337616,0.17550913989543915,-0.01784694194793701,-0.01784694194793701,0.8963064776536582,0.8963064776536582,-0.3965175151824951,-0.3965175151824951,2.988371092084748,2.988371092084748
llama31_8b_instruct,23,up_proj,-0.05,dense,1,0.19335608184337616,0.18447527289390564,-0.00888080894947052,-0.00888080894947052,0.9467347060292398,0.9467347060292398,-0.20368313789367676,-0.20368313789367676,2.988371092084748,2.988371092084748
llama31_8b_instruct,23,up_proj,0.0,dense,1,0.19335608184337616,0.19335608184337616,0.0,0.0,1.0,1.0,0.0,0.0,2.988371092084748,2.988371092084748
llama31_8b_instruct,23,up_proj,0.05,dense,1,0.19335608184337616,0.20215146243572235,0.008795380592346191,0.008795380592346191,1.0562621599993267,1.0562621599993267,0.21514296531677246,0.21514296531677246,2.988371092084748,2.988371092084748
llama31_8b_instruct,23,up_proj,0.1,dense,1,0.19335608184337616,0.21086108684539795,0.01750500500202179,0.01750500500202179,1.1156898400156372,1.1156898400156372,0.44239068031311035,0.44239068031311035,2.988371092084748,2.988371092084748
llama31_8b_instruct,23,up_proj,0.15,dense,1,0.19335608184337616,0.21948494017124176,0.0261288583278656,0.0261288583278656,1.1784609216862532,1.1784609216862532,0.6824233531951904,0.6824233531951904,2.988371092084748,2.988371092084748
llama31_8b_instruct,23,up_proj,0.2,dense,1,0.19335608184337616,0.22802288830280304,0.03466680645942688,0.03466680645942688,1.2447636989280029,1.2447636989280029,0.9359610080718994,0.9359610080718994,2.988371092084748,2.988371092084748
llama31_8b_instruct,24,down_proj,-0.2,dense,1,0.20090430974960327,0.1630854606628418,-0.037818849086761475,-0.037818849086761475,0.7852342648022168,0.7852342648022168,-0.9120340347290039,-0.9120340347290039,3.349683132028588,3.349683132028588
llama31_8b_instruct,24,down_proj,-0.15,dense,1,0.20090430974960327,0.17265714704990387,-0.028247162699699402,-0.028247162699699402,0.8341601295865577,0.8341601295865577,-0.7042632102966309,-0.7042632102966309,3.349683132028588,3.349683132028588
llama31_8b_instruct,24,down_proj,-0.1,dense,1,0.20090430974960327,0.18215115368366241,-0.018753156065940857,-0.018753156065940857,0.8861344359479183,0.8861344359479183,-0.48354673385620117,-0.48354673385620117,3.349683132028588,3.349683132028588
llama31_8b_instruct,24,down_proj,-0.05,dense,1,0.20090430974960327,0.19156703352928162,-0.009337276220321655,-0.009337276220321655,0.9413471149676471,0.9413471149676471,-0.24907803535461426,-0.24907803535461426,3.349683132028588,3.349683132028588
llama31_8b_instruct,24,down_proj,0.0,dense,1,0.20090430974960327,0.20090430974960327,0.0,0.0,1.0,1.0,0.0,0.0,3.349683132028588,3.349683132028588
llama31_8b_instruct,24,down_proj,0.05,dense,1,0.20090430974960327,0.21016255021095276,0.009258240461349487,0.009258240461349487,1.062307275814514,1.062307275814514,0.26459693908691406,0.26459693908691406,3.349683132028588,3.349683132028588
llama31_8b_instruct,24,down_proj,0.1,dense,1,0.20090430974960327,0.21934153139591217,0.0184372216463089,0.0184372216463089,1.1284968260231294,1.1284968260231294,0.5456805229187012,0.5456805229187012,3.349683132028588,3.349683132028588
llama31_8b_instruct,24,down_proj,0.15,dense,1,0.20090430974960327,0.22844082117080688,0.027536511421203613,0.027536511421203613,1.198810513794173,1.198810513794173,0.8442778587341309,0.8442778587341309,3.349683132028588,3.349683132028588
llama31_8b_instruct,24,down_proj,0.2,dense,1,0.20090430974960327,0.23746028542518616,0.036555975675582886,0.036555975675582886,1.273505136279902,1.273505136279902,1.1614794731140137,1.1614794731140137,3.349683132028588,3.349683132028588
llama31_8b_instruct,24,up_proj,-0.2,dense,1,0.19239862263202667,0.15645651519298553,-0.03594210743904114,-0.03594210743904114,0.8179221641608695,0.8179221641608695,-0.6397480964660645,-0.6397480964660645,2.7317451361081524,2.7317451361081524
llama31_8b_instruct,24,up_proj,-0.15,dense,1,0.19239862263202667,0.1655663102865219,-0.02683231234550476,-0.02683231234550476,0.8600703001602826,0.8600703001602826,-0.4916565418243408,-0.4916565418243408,2.7317451361081524,2.7317451361081524
llama31_8b_instruct,24,up_proj,-0.1,dense,1,0.19239862263202667,0.17459352314472198,-0.017805099487304688,-0.017805099487304688,0.9043905063230584,0.9043905063230584,-0.33593320846557617,-0.33593320846557617,2.7317451361081524,2.7317451361081524
llama31_8b_instruct,24,up_proj,-0.05,dense,1,0.19239862263202667,0.1835377812385559,-0.008860841393470764,-0.008860841393470764,0.9509944057488136,0.9509944057488136,-0.17218589782714844,-0.17218589782714844,2.7317451361081524,2.7317451361081524
llama31_8b_instruct,24,up_proj,0.0,dense,1,0.19239862263202667,0.19239862263202667,0.0,0.0,0.9999999321440124,0.9999999321440124,-2.384185791015625e-07,-2.384185791015625e-07,2.7317451361081524,2.7317451361081524
llama31_8b_instruct,24,up_proj,0.05,dense,1,0.19239862263202667,0.20117567479610443,0.008777052164077759,0.008777052164077759,1.0515308548300537,1.0515308548300537,0.18105864524841309,0.18105864524841309,2.7317451361081524,2.7317451361081524
llama31_8b_instruct,24,up_proj,0.1,dense,1,0.19239862263202667,0.20986872911453247,0.0174701064825058,0.0174701064825058,1.1057169823112334,1.1057169823112334,0.3714468479156494,0.3714468479156494,2.7317451361081524,2.7317451361081524
llama31_8b_instruct,24,up_proj,0.15,dense,1,0.19239862263202667,0.21847742795944214,0.026078805327415466,0.026078805327415466,1.1626955193944966,1.1626955193944966,0.5716464519500732,0.5716464519500732,2.7317451361081524,2.7317451361081524
llama31_8b_instruct,24,up_proj,0.2,dense,1,0.19239862263202667,0.22700150310993195,0.03460288047790527,0.03460288047790527,1.2226101850615994,1.2226101850615994,0.7821624279022217,0.7821624279022217,2.7317451361081524,2.7317451361081524
llama31_8b_instruct,25,down_proj,-0.2,dense,1,0.20645658671855927,0.1671028584241867,-0.03935372829437256,-0.03935372829437256,0.7703974571931785,0.7703974571931785,-1.0709915161132812,-1.0709915161132812,3.684901141848146,3.684901141848146
llama31_8b_instruct,25,down_proj,-0.15,dense,1,0.20645658671855927,0.17704026401042938,-0.029416322708129883,-0.029416322708129883,0.8223110689849719,0.8223110689849719,-0.8288381099700928,-0.8288381099700928,3.684901141848146,3.684901141848146
llama31_8b_instruct,25,down_proj,-0.1,dense,1,0.20645658671855927,0.1869121789932251,-0.019544407725334167,-0.019544407725334167,0.8777228495539017,0.8777228495539017,-0.5703673362731934,-0.5703673362731934,3.684901141848146,3.684901141848146
llama31_8b_instruct,25,down_proj,-0.05,dense,1,0.20645658671855927,0.19671785831451416,-0.009738728404045105,-0.009738728404045105,0.9368686850616642,0.9368686850616642,-0.2944788932800293,-0.2944788932800293,3.684901141848146,3.684901141848146
llama31_8b_instruct,25,down_proj,0.0,dense,1,0.20645658671855927,0.20645658671855927,0.0,0.0,1.0,1.0,0.0,0.0,3.684901141848146,3.684901141848146
llama31_8b_instruct,25,down_proj,0.05,dense,1,0.20645658671855927,0.21612784266471863,0.009671255946159363,0.009671255946159363,1.0673854439173112,1.0673854439173112,0.31432247161865234,0.31432247161865234,3.684901141848146,3.684901141848146
llama31_8b_instruct,25,down_proj,0.1,dense,1,0.20645658671855927,0.2257310450077057,0.019274458289146423,0.019274458289146423,1.139311760338433,1.139311760338433,0.6498260498046875,0.6498260498046875,3.684901141848146,3.684901141848146
llama31_8b_instruct,25,down_proj,0.15,dense,1,0.20645658671855927,0.23526562750339508,0.028809040784835815,0.028809040784835815,1.21608480902319,1.21608480902319,1.0079374313354492,1.0079374313354492,3.684901141848146,3.684901141848146
llama31_8b_instruct,25,down_proj,0.2,dense,1,0.20645658671855927,0.24473121762275696,0.03827463090419769,0.03827463090419769,1.2980314060317957,1.2980314060317957,1.390181064605713,1.390181064605713,3.684901141848146,3.684901141848146
llama31_8b_instruct,25,up_proj,-0.2,dense,1,0.19063138961791992,0.15492452681064606,-0.035706862807273865,-0.035706862807273865,0.8146711990410961,0.8146711990410961,-0.6706228256225586,-0.6706228256225586,2.7866881917167725,2.7866881917167725
llama31_8b_instruct,25,up_proj,-0.15,dense,1,0.19063138961791992,0.16397134959697723,-0.026660040020942688,-0.026660040020942688,0.8575051550575964,0.8575051550575964,-0.5156257152557373,-0.5156257152557373,2.7866881917167725,2.7866881917167725
llama31_8b_instruct,25,up_proj,-0.1,dense,1,0.19063138961791992,0.17293846607208252,-0.017692923545837402,-0.017692923545837402,0.9025913520482657,0.9025913520482657,-0.3524787425994873,-0.3524787425994873,2.7866881917167725,2.7866881917167725
llama31_8b_instruct,25,up_proj,-0.05,dense,1,0.19063138961791992,0.18182533979415894,-0.008806049823760986,-0.008806049823760986,0.9500480585251897,0.9500480585251897,-0.1807539463043213,-0.1807539463043213,2.7866881917167725,2.7866881917167725
llama31_8b_instruct,25,up_proj,0.0,dense,1,0.19063138961791992,0.19063138961791992,0.0,0.0,1.0000000658877504,1.0000000658877504,2.384185791015625e-07,2.384185791015625e-07,2.7866881917167725,2.7866881917167725
llama31_8b_instruct,25,up_proj,0.05,dense,1,0.19063138961791992,0.19935618340969086,0.008724793791770935,0.008724793791770935,1.0525783589838738,1.0525783589838738,0.19025778770446777,0.19025778770446777,2.7866881917167725,2.7866881917167725
llama31_8b_instruct,25,up_proj,0.1,dense,1,0.19063138961791992,0.20799925923347473,0.01736786961555481,0.01736786961555481,1.1079212362017874,1.1079212362017874,0.3905191421508789,0.3905191421508789,2.7866881917167725,2.7866881917167725
llama31_8b_instruct,25,up_proj,0.15,dense,1,0.19063138961791992,0.21656019985675812,0.025928810238838196,0.025928810238838196,1.1661737823680163,1.1661737823680163,0.6013092994689941,0.6013092994689941,2.7866881917167725,2.7866881917167725
llama31_8b_instruct,25,up_proj,0.2,dense,1,0.19063138961791992,0.22503872215747833,0.03440733253955841,0.03440733253955841,1.2274891865023936,1.2274891865023936,0.8231825828552246,0.8231825828552246,2.7866881917167725,2.7866881917167725
llama31_8b_instruct,26,down_proj,-0.2,dense,1,0.2093939185142517,0.16969798505306244,-0.03969593346118927,-0.03969593346118927,0.7875528707095273,0.7875528707095273,-0.8901228904724121,-0.8901228904724121,3.3006657478497394,3.3006657478497394
llama31_8b_instruct,26,down_proj,-0.15,dense,1,0.2093939185142517,0.17973043024539948,-0.029663488268852234,-0.029663488268852234,0.8360067669955894,0.8360067669955894,-0.687108039855957,-0.687108039855957,3.3006657478497394,3.3006657478497394
llama31_8b_instruct,26,down_proj,-0.1,dense,1,0.2093939185142517,0.18969093263149261,-0.019702985882759094,-0.019702985882759094,0.8874417376588539,0.8874417376588539,-0.4716029167175293,-0.4716029167175293,3.3006657478497394,3.3006657478497394
llama31_8b_instruct,26,down_proj,-0.05,dense,1,0.2093939185142517,0.19957894086837769,-0.009814977645874023,-0.009814977645874023,0.9420412973375298,0.9420412973375298,-0.24283862113952637,-0.24283862113952637,3.3006657478497394,3.3006657478497394
llama31_8b_instruct,26,down_proj,0.0,dense,1,0.2093939185142517,0.2093939185142517,0.0,0.0,1.0,1.0,0.0,0.0,3.3006657478497394,3.3006657478497394
llama31_8b_instruct,26,down_proj,0.05,dense,1,0.2093939185142517,0.21913546323776245,0.009741544723510742,0.009741544723510742,1.0615246908276255,1.0615246908276255,0.257779598236084,0.257779598236084,3.3006657478497394,3.3006657478497394
llama31_8b_instruct,26,down_proj,0.1,dense,1,0.2093939185142517,0.22880308330059052,0.019409164786338806,0.019409164786338806,1.126834620022272,1.126834620022272,0.5314188003540039,0.5314188003540039,3.3006657478497394,3.3006657478497394
llama31_8b_instruct,26,down_proj,0.15,dense,1,0.2093939185142517,0.23839636147022247,0.029002442955970764,0.029002442955970764,1.1961626377853511,1.1961626377853511,0.8218932151794434,0.8218932151794434,3.3006657478497394,3.3006657478497394
llama31_8b_instruct,26,down_proj,0.2,dense,1,0.2093939185142517,0.24791498482227325,0.038521066308021545,0.038521066308021545,1.269756161681802,1.269756161681802,1.130239486694336,1.130239486694336,3.3006657478497394,3.3006657478497394
llama31_8b_instruct,26,up_proj,-0.2,dense,1,0.18747176229953766,0.15220610797405243,-0.03526565432548523,-0.03526565432548523,0.7940635607582124,0.7940635607582124,-0.8564209938049316,-0.8564209938049316,3.167552166139883,3.167552166139883
llama31_8b_instruct,26,up_proj,-0.15,dense,1,0.18747176229953766,0.16113455593585968,-0.02633720636367798,-0.02633720636367798,0.8411848455675929,0.8411848455675929,-0.6604592800140381,-0.6604592800140381,3.167552166139883,3.167552166139883
llama31_8b_instruct,26,up_proj,-0.1,dense,1,0.18747176229953766,0.16998876631259918,-0.017482995986938477,-0.017482995986938477,0.8911024271913679,0.8911024271913679,-0.4528687000274658,-0.4528687000274658,3.167552166139883,3.167552166139883
llama31_8b_instruct,26,up_proj,-0.05,dense,1,0.18747176229953766,0.1787680685520172,-0.008703693747520447,-0.008703693747520447,0.9439822201960337,0.9439822201960337,-0.23295927047729492,-0.23295927047729492,3.167552166139883,3.167552166139883
llama31_8b_instruct,26,up_proj,0.0,dense,1,0.18747176229953766,0.18747176229953766,0.0,0.0,1.0,1.0,0.0,0.0,3.167552166139883,3.167552166139883
llama31_8b_instruct,26,up_proj,0.05,dense,1,0.18747176229953766,0.19609934091567993,0.008627578616142273,0.008627578616142273,1.059342033509468,1.059342033509468,0.24678373336791992,0.24678373336791992,3.167552166139883,3.167552166139883
llama31_8b_instruct,26,up_proj,0.1,dense,1,0.18747176229953766,0.20465019345283508,0.017178431153297424,0.017178431153297424,1.122205423101637,1.122205423101637,0.508211612701416,0.508211612701416,3.167552166139883,3.167552166139883
llama31_8b_instruct,26,up_proj,0.15,dense,1,0.18747176229953766,0.2131238579750061,0.025652095675468445,0.025652095675468445,1.1887993105659258,1.1887993105659258,0.7851533889770508,0.7851533889770508,3.167552166139883,3.167552166139883
llama31_8b_instruct,26,up_proj,0.2,dense,1,0.18747176229953766,0.22151988744735718,0.03404812514781952,0.03404812514781952,1.259344991765042,1.259344991765042,1.0785293579101562,1.0785293579101562,3.167552166139883,3.167552166139883
llama31_8b_instruct,27,down_proj,-0.2,dense,1,0.21036963164806366,0.17000801861286163,-0.040361613035202026,-0.040361613035202026,0.7920048624441368,0.7920048624441368,-0.8536598682403564,-0.8536598682403564,3.208934408558755,3.208934408558755
llama31_8b_instruct,27,down_proj,-0.15,dense,1,0.21036963164806366,0.18018865585327148,-0.030180975794792175,-0.030180975794792175,0.8395486961255898,0.8395486961255898,-0.6585290431976318,-0.6585290431976318,3.208934408558755,3.208934408558755
llama31_8b_instruct,27,down_proj,-0.1,dense,1,0.21036963164806366,0.1903097778558731,-0.020059853792190552,-0.020059853792190552,0.8899465377450537,0.8899465377450537,-0.45168471336364746,-0.45168471336364746,3.208934408558755,3.208934408558755
llama31_8b_instruct,27,down_proj,-0.05,dense,1,0.21036963164806366,0.2003704011440277,-0.00999923050403595,-0.00999923050403595,0.943369871760762,0.943369871760762,-0.2324230670928955,-0.2324230670928955,3.208934408558755,3.208934408558755
llama31_8b_instruct,27,down_proj,0.0,dense,1,0.21036963164806366,0.21036963164806366,0.0,0.0,1.0,1.0,0.0,0.0,3.208934408558755,3.208934408558755
llama31_8b_instruct,27,down_proj,0.05,dense,1,0.21036963164806366,0.22030657529830933,0.009936943650245667,0.009936943650245667,1.0600297843873392,1.0600297843873392,0.24637603759765625,0.24637603759765625,3.208934408558755,3.208934408558755
llama31_8b_instruct,27,down_proj,0.1,dense,1,0.21036963164806366,0.23018042743206024,0.019810795783996582,0.019810795783996582,1.1236631822171081,1.1236631822171081,0.5075421333312988,0.5075421333312988,3.208934408558755,3.208934408558755
llama31_8b_instruct,27,down_proj,0.15,dense,1,0.21036963164806366,0.23999038338661194,0.02962075173854828,0.02962075173854828,1.1911162917903326,1.1911162917903326,0.7843852043151855,0.7843852043151855,3.208934408558755,3.208934408558755
llama31_8b_instruct,27,down_proj,0.2,dense,1,0.21036963164806366,0.24973569810390472,0.039366066455841064,0.039366066455841064,1.262618688506382,1.262618688506382,1.0778474807739258,1.0778474807739258,3.208934408558755,3.208934408558755
llama31_8b_instruct,27,up_proj,-0.2,dense,1,0.1859259456396103,0.15083476901054382,-0.03509117662906647,-0.03509117662906647,0.7714971347610788,0.7714971347610788,-1.1114187240600586,-1.1114187240600586,3.6587136179720954,3.6587136179720954
llama31_8b_instruct,27,up_proj,-0.15,dense,1,0.1859259456396103,0.15971387922763824,-0.026212066411972046,-0.026212066411972046,0.823191234907044,0.823191234907044,-0.859982967376709,-0.859982967376709,3.6587136179720954,3.6587136179720954
llama31_8b_instruct,27,up_proj,-0.1,dense,1,0.1859259456396103,0.16852262616157532,-0.017403319478034973,-0.017403319478034973,0.8783491306345622,0.8783491306345622,-0.5916996002197266,-0.5916996002197266,3.6587136179720954,3.6587136179720954
llama31_8b_instruct,27,up_proj,-0.05,dense,1,0.1859259456396103,0.17726019024848938,-0.00866575539112091,-0.00866575539112091,0.9372027742912488,0.9372027742912488,-0.30544042587280273,-0.30544042587280273,3.6587136179720954,3.6587136179720954
llama31_8b_instruct,27,up_proj,0.0,dense,1,0.1859259456396103,0.1859259456396103,0.0,0.0,1.0,1.0,0.0,0.0,3.6587136179720954,3.6587136179720954
llama31_8b_instruct,27,up_proj,0.05,dense,1,0.1859259456396103,0.19451917707920074,0.008593231439590454,0.008593231439590454,1.067004915801592,1.067004915801592,0.32590627670288086,0.32590627670288086,3.6587136179720954,3.6587136179720954
llama31_8b_instruct,27,up_proj,0.1,dense,1,0.1859259456396103,0.20303931832313538,0.017113372683525085,0.017113372683525085,1.138499472225079,1.138499472225079,0.673649787902832,0.673649787902832,3.6587136179720954,3.6587136179720954
llama31_8b_instruct,27,up_proj,0.15,dense,1,0.1859259456396103,0.2114858478307724,0.02555990219116211,0.02555990219116211,1.214784540679942,1.214784540679942,1.044693946838379,1.044693946838379,3.6587136179720954,3.6587136179720954
llama31_8b_instruct,27,up_proj,0.2,dense,1,0.1859259456396103,0.21985824406147003,0.03393229842185974,0.03393229842185974,1.2961810898838875,1.2961810898838875,1.4405999183654785,1.4405999183654785,3.6587136179720954,3.6587136179720954
llama31_8b_instruct,28,down_proj,-0.2,dense,1,0.2064918577671051,0.1670648753643036,-0.039426982402801514,-0.039426982402801514,0.7965491361931313,0.7965491361931313,-0.8270292282104492,-0.8270292282104492,3.1184388963060314,3.1184388963060314
llama31_8b_instruct,28,down_proj,-0.15,dense,1,0.2064918577671051,0.17701762914657593,-0.029474228620529175,-0.029474228620529175,0.8431588006857058,0.8431588006857058,-0.6375606060028076,-0.6375606060028076,3.1184388963060314,3.1184388963060314
llama31_8b_instruct,28,down_proj,-0.1,dense,1,0.2064918577671051,0.1869068443775177,-0.019585013389587402,-0.019585013389587402,0.8924959336947671,0.8924959336947671,-0.43700480461120605,-0.43700480461120605,3.1184388963060314,3.1184388963060314
llama31_8b_instruct,28,down_proj,-0.05,dense,1,0.2064918577671051,0.19673186540603638,-0.009759992361068726,-0.009759992361068726,0.944720067172336,0.944720067172336,-0.22471332550048828,-0.22471332550048828,3.1184388963060314,3.1184388963060314
llama31_8b_instruct,28,down_proj,0.0,dense,1,0.2064918577671051,0.2064918577671051,0.0,0.0,1.0,1.0,0.0,0.0,3.1184388963060314,3.1184388963060314
llama31_8b_instruct,28,down_proj,0.05,dense,1,0.2064918577671051,0.2161862850189209,0.009694427251815796,0.009694427251815796,1.0585146777607064,1.0585146777607064,0.23786258697509766,0.23786258697509766,3.1184388963060314,3.1184388963060314
llama31_8b_instruct,28,down_proj,0.1,dense,1,0.2064918577671051,0.22581444680690765,0.01932258903980255,0.01932258903980255,1.1204531927387624,1.1204531927387624,0.4896430969238281,0.4896430969238281,3.1184388963060314,3.1184388963060314
llama31_8b_instruct,28,down_proj,0.15,dense,1,0.2064918577671051,0.2353757917881012,0.028883934020996094,0.028883934020996094,1.186016132903254,1.186016132903254,0.7561569213867188,0.7561569213867188,3.1184388963060314,3.1184388963060314
llama31_8b_instruct,28,down_proj,0.2,dense,1,0.2064918577671051,0.24486978352069855,0.038377925753593445,0.038377925753593445,1.2554153473022325,1.2554153473022325,1.0382652282714844,1.0382652282714844,3.1184388963060314,3.1184388963060314
llama31_8b_instruct,28,up_proj,-0.2,dense,1,0.1853734701871872,0.15018165111541748,-0.035191819071769714,-0.035191819071769714,0.7466524235619685,0.7466524235619685,-1.4779620170593262,-1.4779620170593262,4.3093074352244205,4.3093074352244205
llama31_8b_instruct,28,up_proj,-0.15,dense,1,0.1853734701871872,0.1590767800807953,-0.026296690106391907,-0.026296690106391907,0.8032281409920237,0.8032281409920237,-1.1479144096374512,-1.1479144096374512,4.3093074352244205,4.3093074352244205
llama31_8b_instruct,28,up_proj,-0.1,dense,1,0.1853734701871872,0.1679076850414276,-0.017465785145759583,-0.017465785145759583,0.8640906035397096,0.8640906035397096,-0.7928590774536133,-0.7928590774536133,4.3093074352244205,4.3093074352244205
llama31_8b_instruct,28,up_proj,-0.05,dense,1,0.1853734701871872,0.1766735166311264,-0.008699953556060791,-0.008699953556060791,0.9295648011676099,0.9295648011676099,-0.4109001159667969,-0.4109001159667969,4.3093074352244205,4.3093074352244205
llama31_8b_instruct,28,up_proj,0.0,dense,1,0.1853734701871872,0.1853734701871872,0.0,0.0,1.0000000817379182,1.0000000817379182,4.76837158203125e-07,4.76837158203125e-07,4.3093074352244205,4.3093074352244205
llama31_8b_instruct,28,up_proj,0.05,dense,1,0.1853734701871872,0.19400686025619507,0.008633390069007874,0.008633390069007874,1.0757723579362288,1.0757723579362288,0.4420356750488281,0.4420356750488281,4.3093074352244205,4.3093074352244205
llama31_8b_instruct,28,up_proj,0.1,dense,1,0.1853734701871872,0.20257295668125153,0.01719948649406433,0.01719948649406433,1.157286232457408,1.157286232457408,0.9175658226013184,0.9175658226013184,4.3093074352244205,4.3093074352244205
llama31_8b_instruct,28,up_proj,0.15,dense,1,0.1853734701871872,0.21107117831707,0.025697708129882812,0.025697708129882812,1.2449764692881216,1.2449764692881216,1.4291272163391113,1.4291272163391113,4.3093074352244205,4.3093074352244205
llama31_8b_instruct,28,up_proj,0.2,dense,1,0.1853734701871872,0.21950101852416992,0.03412754833698273,0.03412754833698273,1.3393113449614786,1.3393113449614786,1.9794516563415527,1.9794516563415527,4.3093074352244205,4.3093074352244205
llama31_8b_instruct,29,down_proj,-0.2,dense,1,0.1927233636379242,0.15645138919353485,-0.03627197444438934,-0.03627197444438934,0.8411409805693975,0.8411409805693975,-0.5087969303131104,-0.5087969303131104,2.374958807372667,2.374958807372667
llama31_8b_instruct,29,down_proj,-0.15,dense,1,0.1927233636379242,0.16563433408737183,-0.027089029550552368,-0.027089029550552368,0.8783176039964855,0.8783176039964855,-0.3897268772125244,-0.3897268772125244,2.374958807372667,2.374958807372667
llama31_8b_instruct,29,down_proj,-0.1,dense,1,0.1927233636379242,0.17474111914634705,-0.01798224449157715,-0.01798224449157715,0.9171374202438467,0.9171374202438467,-0.2653939723968506,-0.2653939723968506,2.374958807372667,2.374958807372667
llama31_8b_instruct,29,down_proj,-0.05,dense,1,0.1927233636379242,0.1837710291147232,-0.008952334523200989,-0.008952334523200989,0.9576729340594626,0.9576729340594626,-0.13556599617004395,-0.13556599617004395,2.374958807372667,2.374958807372667
llama31_8b_instruct,29,down_proj,0.0,dense,1,0.1927233636379242,0.1927233636379242,0.0,0.0,1.0,1.0,0.0,0.0,2.374958807372667,2.374958807372667
llama31_8b_instruct,29,down_proj,0.05,dense,1,0.1927233636379242,0.2015973925590515,0.00887402892112732,0.00887402892112732,1.0441978968710033,1.0441978968710033,0.14155793190002441,0.14155793190002441,2.374958807372667,2.374958807372667
llama31_8b_instruct,29,down_proj,0.1,dense,1,0.1927233636379242,0.21039260923862457,0.01766924560070038,0.01766924560070038,1.090349253286702,1.090349253286702,0.28937244415283203,0.28937244415283203,2.374958807372667,2.374958807372667
llama31_8b_instruct,29,down_proj,0.15,dense,1,0.1927233636379242,0.21910838782787323,0.026385024189949036,0.026385024189949036,1.1385403454307828,1.1385403454307828,0.44371986389160156,0.44371986389160156,2.374958807372667,2.374958807372667
llama31_8b_instruct,29,down_proj,0.2,dense,1,0.1927233636379242,0.22774426639080048,0.03502090275287628,0.03502090275287628,1.188861469257354,1.188861469257354,0.6048893928527832,0.6048893928527832,2.374958807372667,2.374958807372667
llama31_8b_instruct,29,up_proj,-0.2,dense,1,0.1883367896080017,0.15233352780342102,-0.03600326180458069,-0.03600326180458069,0.7208241072952489,0.7208241072952489,-1.97874116897583,-1.97874116897583,5.138701950791927,5.138701950791927
llama31_8b_instruct,29,up_proj,-0.15,dense,1,0.1883367896080017,0.1614229530096054,-0.0269138365983963,-0.0269138365983963,0.7822975917744812,0.7822975917744812,-1.54302978515625,-1.54302978515625,5.138701950791927,5.138701950791927
llama31_8b_instruct,29,up_proj,-0.1,dense,1,0.1883367896080017,0.17045393586158752,-0.017882853746414185,-0.017882853746414185,0.8490136119844074,0.8490136119844074,-1.0701603889465332,-1.0701603889465332,5.138701950791927,5.138701950791927
llama31_8b_instruct,29,up_proj,-0.05,dense,1,0.1883367896080017,0.17942553758621216,-0.00891125202178955,-0.00891125202178955,0.9214193503160383,0.9214193503160383,-0.5569634437561035,-0.5569634437561035,5.138701950791927,5.138701950791927
llama31_8b_instruct,29,up_proj,0.0,dense,1,0.1883367896080017,0.1883367896080017,0.0,0.0,1.0,1.0,0.0,0.0,5.138701950791927,5.138701950791927
llama31_8b_instruct,29,up_proj,0.05,dense,1,0.1883367896080017,0.19718697667121887,0.008850187063217163,0.008850187063217163,1.0852820616218277,1.0852820616218277,0.604461669921875,0.604461669921875,5.138701950791927,5.138701950791927
llama31_8b_instruct,29,up_proj,0.1,dense,1,0.1883367896080017,0.20597513020038605,0.01763834059238434,0.01763834059238434,1.177837379671305,1.177837379671305,1.260474681854248,1.260474681854248,5.138701950791927,5.138701950791927
llama31_8b_instruct,29,up_proj,0.15,dense,1,0.1883367896080017,0.21470068395137787,0.02636389434337616,0.02636389434337616,1.2782858335753582,1.2782858335753582,1.9724326133728027,1.9724326133728027,5.138701950791927,5.138701950791927
llama31_8b_instruct,29,up_proj,0.2,dense,1,0.1883367896080017,0.22336293756961823,0.035026147961616516,0.035026147961616516,1.3873009215913072,1.3873009215913072,2.7451090812683105,2.7451090812683105,5.138701950791927,5.138701950791927
llama31_8b_instruct,30,down_proj,-0.2,dense,1,0.18396741151809692,0.14874379336833954,-0.035223618149757385,-0.035223618149757385,0.8205440508384398,0.8205440508384398,-0.6606223583221436,-0.6606223583221436,2.688378228333991,2.688378228333991
llama31_8b_instruct,30,down_proj,-0.15,dense,1,0.18396741151809692,0.15763765573501587,-0.026329755783081055,-0.026329755783081055,0.8621373245377271,0.8621373245377271,-0.5075070858001709,-0.5075070858001709,2.688378228333991,2.688378228333991
llama31_8b_instruct,30,down_proj,-0.1,dense,1,0.18396741151809692,0.16647382080554962,-0.017493590712547302,-0.017493590712547302,0.9058389142428395,0.9058389142428395,-0.3466305732727051,-0.3466305732727051,2.688378228333991,2.688378228333991
llama31_8b_instruct,30,down_proj,-0.05,dense,1,0.18396741151809692,0.17525087296962738,-0.008716538548469543,-0.008716538548469543,0.9517556185005652,0.9517556185005652,-0.17759966850280762,-0.17759966850280762,2.688378228333991,2.688378228333991
llama31_8b_instruct,30,down_proj,0.0,dense,1,0.18396741151809692,0.18396741151809692,0.0,0.0,1.0,1.0,0.0,0.0,2.688378228333991,2.688378228333991
llama31_8b_instruct,30,down_proj,0.05,dense,1,0.18396741151809692,0.19262219965457916,0.008654788136482239,0.008654788136482239,1.050689802681751,1.050689802681751,0.18660187721252441,0.18660187721252441,2.688378228333991,2.688378228333991
llama31_8b_instruct,30,down_proj,0.1,dense,1,0.18396741151809692,0.20121397078037262,0.017246559262275696,0.017246559262275696,1.1039490527538838,1.1039490527538838,0.3826625347137451,0.3826625347137451,2.688378228333991,2.688378228333991
llama31_8b_instruct,30,down_proj,0.15,dense,1,0.18396741151809692,0.20974162220954895,0.025774210691452026,0.025774210691452026,1.159907993926278,1.159907993926278,0.5886614322662354,0.5886614322662354,2.688378228333991,2.688378228333991
llama31_8b_instruct,30,down_proj,0.2,dense,1,0.18396741151809692,0.2182040810585022,0.03423666954040527,0.03423666954040527,1.2187035407701348,1.2187035407701348,0.8051025867462158,0.8051025867462158,2.688378228333991,2.688378228333991
llama31_8b_instruct,30,up_proj,-0.2,dense,1,0.1958262324333191,0.15796689689159393,-0.03785933554172516,-0.03785933554172516,0.6651900234728783,0.6651900234728783,-3.574303150177002,-3.574303150177002,7.678411610427579,7.678411610427579
llama31_8b_instruct,30,up_proj,-0.15,dense,1,0.1958262324333191,0.16750283539295197,-0.028323397040367126,-0.028323397040367126,0.7365620094556143,0.7365620094556143,-2.8123631477355957,-2.8123631477355957,7.678411610427579,7.678411610427579
llama31_8b_instruct,30,up_proj,-0.1,dense,1,0.1958262324333191,0.17699186503887177,-0.018834367394447327,-0.018834367394447327,0.8155918477754007,0.8155918477754007,-1.9686708450317383,-1.9686708450317383,7.678411610427579,7.678411610427579
llama31_8b_instruct,30,up_proj,-0.05,dense,1,0.1958262324333191,0.18643322587013245,-0.009393006563186646,-0.009393006563186646,0.9031012142363775,0.9031012142363775,-1.034454345703125,-1.034454345703125,7.678411610427579,7.678411610427579
llama31_8b_instruct,30,up_proj,0.0,dense,1,0.1958262324333191,0.1958262324333191,0.0,0.0,1.0,1.0,0.0,0.0,7.678411610427579,7.678411610427579
llama31_8b_instruct,30,up_proj,0.05,dense,1,0.1958262324333191,0.2051704227924347,0.0093441903591156,0.0093441903591156,1.1072955127818023,1.1072955127818023,1.1454458236694336,1.1454458236694336,7.678411610427579,7.678411610427579
llama31_8b_instruct,30,up_proj,0.1,dense,1,0.1958262324333191,0.2144654095172882,0.018639177083969116,0.018639177083969116,1.2261034200223044,1.2261034200223044,2.4137935638427734,2.4137935638427734,7.678411610427579,7.678411610427579
llama31_8b_instruct,30,up_proj,0.15,dense,1,0.1958262324333191,0.22371089458465576,0.02788466215133667,0.02788466215133667,1.3576589153879386,1.3576589153879386,3.8182296752929688,3.8182296752929688,7.678411610427579,7.678411610427579
llama31_8b_instruct,30,up_proj,0.2,dense,1,0.1958262324333191,0.23290672898292542,0.03708049654960632,0.03708049654960632,1.5033299399081452,1.5033299399081452,5.373357772827148,5.373357772827148,7.678411610427579,7.678411610427579
llama31_8b_instruct,31,down_proj,-0.2,dense,1,0.19276602566242218,0.1556200236082077,-0.03714600205421448,-0.03714600205421448,0.7977669360002846,0.7977669360002846,-0.8674118518829346,-0.8674118518829346,3.09471000468505,3.09471000468505
llama31_8b_instruct,31,down_proj,-0.15,dense,1,0.19276602566242218,0.16499033570289612,-0.027775689959526062,-0.027775689959526062,0.8441254847115743,0.8441254847115743,-0.668572187423706,-0.668572187423706,3.09471000468505,3.09471000468505
llama31_8b_instruct,31,down_proj,-0.1,dense,1,0.19276602566242218,0.17430594563484192,-0.01846008002758026,-0.01846008002758026,0.8931779625215674,0.8931779625215674,-0.4581778049468994,-0.4581778049468994,3.09471000468505,3.09471000468505
llama31_8b_instruct,31,down_proj,-0.05,dense,1,0.19276602566242218,0.18356508016586304,-0.009200945496559143,-0.009200945496559143,0.9450809557267116,0.9450809557267116,-0.23555707931518555,-0.23555707931518555,3.09471000468505,3.09471000468505
llama31_8b_instruct,31,down_proj,0.0,dense,1,0.19276602566242218,0.19276602566242218,0.0,0.0,1.0,1.0,0.0,0.0,3.09471000468505,3.09471000468505
llama31_8b_instruct,31,down_proj,0.05,dense,1,0.19276602566242218,0.20190711319446564,0.009141087532043457,0.009141087532043457,1.0581104697700066,1.0581104697700066,0.24924564361572266,0.24924564361572266,3.09471000468505,3.09471000468505
llama31_8b_instruct,31,down_proj,0.1,dense,1,0.19276602566242218,0.21098673343658447,0.018220707774162292,0.018220707774162292,1.1195976893932655,1.1195976893932655,0.512974739074707,0.512974739074707,3.09471000468505,3.09471000468505
llama31_8b_instruct,31,down_proj,0.15,dense,1,0.19276602566242218,0.2200033962726593,0.02723737061023712,0.02723737061023712,1.1846579892918765,1.1846579892918765,0.7920293807983398,0.7920293807983398,3.09471000468505,3.09471000468505
llama31_8b_instruct,31,down_proj,0.2,dense,1,0.19276602566242218,0.22895562648773193,0.03618960082530975,0.03618960082530975,1.2534989282982623,1.2534989282982623,1.0872998237609863,1.0872998237609863,3.09471000468505,3.09471000468505
llama31_8b_instruct,31,up_proj,-0.2,dense,1,0.21426284313201904,0.17147746682167053,-0.04278537631034851,-0.04278537631034851,0.6047754051611053,0.6047754051611053,-7.474007606506348,-7.474007606506348,12.360294228219713,12.360294228219713
llama31_8b_instruct,31,up_proj,-0.15,dense,1,0.21426284313201904,0.18218070268630981,-0.03208214044570923,-0.03208214044570923,0.6857970358754245,0.6857970358754245,-5.941824913024902,-5.941824913024902,12.360294228219713,12.360294228219713
llama31_8b_instruct,31,up_proj,-0.1,dense,1,0.21426284313201904,0.19287903606891632,-0.021383807063102722,-0.021383807063102722,0.7776731071385129,0.7776731071385129,-4.204376220703125,-4.204376220703125,12.360294228219713,12.360294228219713
llama31_8b_instruct,31,up_proj,-0.05,dense,1,0.21426284313201904,0.20357286930084229,-0.010689973831176758,-0.010689973831176758,0.8818576218862137,0.8818576218862137,-2.2341651916503906,-2.2341651916503906,12.360294228219713,12.360294228219713
llama31_8b_instruct,31,up_proj,0.0,dense,1,0.21426284313201904,0.21426287293434143,2.9802322387695312e-08,2.9802322387695312e-08,0.9999998991396409,0.9999998991396409,-1.9073486328125e-06,-1.9073486328125e-06,12.360294228219713,12.360294228219713
llama31_8b_instruct,31,up_proj,0.05,dense,1,0.21426284313201904,0.22494976222515106,0.010686919093132019,0.010686919093132019,1.1339696882345787,1.1339696882345787,2.5334720611572266,2.5334720611572266,12.360294228219713,12.360294228219713
llama31_8b_instruct,31,up_proj,0.1,dense,1,0.21426284313201904,0.23563483357429504,0.021371990442276,0.021371990442276,1.2858869730575757,1.2858869730575757,5.406347274780273,5.406347274780273,12.360294228219713,12.360294228219713
llama31_8b_instruct,31,up_proj,0.15,dense,1,0.21426284313201904,0.24631953239440918,0.03205668926239014,0.03205668926239014,1.4581569705905313,1.4581569705905313,8.664108276367188,8.664108276367188,12.360294228219713,12.360294228219713
llama31_8b_instruct,31,up_proj,0.2,dense,1,0.21426284313201904,0.2570054531097412,0.04274260997772217,0.04274260997772217,1.6535059363381517,1.6535059363381517,12.35831069946289,12.35831069946289,12.360294228219713,12.360294228219713
llama32_1b_instruct,0,down_proj,-0.2,dense,1,0.1611056625843048,0.12979280948638916,-0.03131285309791565,-0.03131285309791565,0.7830454823146243,0.7830454823146243,-1.049215316772461,-1.049215316772461,3.396762575651848,3.396762575651848
llama32_1b_instruct,0,down_proj,-0.15,dense,1,0.1611056625843048,0.13766689598560333,-0.023438766598701477,-0.023438766598701477,0.8324156689395795,0.8324156689395795,-0.8104557991027832,-0.8104557991027832,3.396762575651848,3.396762575651848
llama32_1b_instruct,0,down_proj,-0.1,dense,1,0.1611056625843048,0.14551056921482086,-0.015595093369483948,-0.015595093369483948,0.8848985392699623,0.8848985392699623,-0.556643009185791,-0.556643009185791,3.396762575651848,3.396762575651848
llama32_1b_instruct,0,down_proj,-0.05,dense,1,0.1611056625843048,0.15332357585430145,-0.007782086730003357,-0.007782086730003357,0.9406905032630477,0.9406905032630477,-0.28682708740234375,-0.28682708740234375,3.396762575651848,3.396762575651848
llama32_1b_instruct,0,down_proj,0.0,dense,1,0.1611056625843048,0.1611056625843048,0.0,0.0,1.0,1.0,0.0,0.0,3.396762575651848,3.396762575651848
llama32_1b_instruct,0,down_proj,0.05,dense,1,0.1611056625843048,0.16885662078857422,0.007750958204269409,0.007750958204269409,1.0630489766765148,1.0630489766765148,0.30491161346435547,0.30491161346435547,3.396762575651848,3.396762575651848
llama32_1b_instruct,0,down_proj,0.1,dense,1,0.1611056625843048,0.17657628655433655,0.015470623970031738,0.015470623970031738,1.1300730858015715,1.1300730858015715,0.6290473937988281,0.6290473937988281,3.396762575651848,3.396762575651848
llama32_1b_instruct,0,down_proj,0.15,dense,1,0.1611056625843048,0.18426448106765747,0.02315881848335266,0.02315881848335266,1.2013229669893233,1.2013229669893233,0.9736194610595703,0.9736194610595703,3.396762575651848,3.396762575651848
llama32_1b_instruct,0,down_proj,0.2,dense,1,0.1611056625843048,0.19192108511924744,0.030815422534942627,0.030815422534942627,1.277065134353482,1.277065134353482,1.339916706085205,1.339916706085205,3.396762575651848,3.396762575651848
llama32_1b_instruct,0,up_proj,-0.2,dense,1,0.17197124660015106,0.13872775435447693,-0.03324349224567413,-0.03324349224567413,0.7696476802396053,0.7696476802396053,-1.2099428176879883,-1.2099428176879883,3.702885057071357,3.702885057071357
llama32_1b_instruct,0,up_proj,-0.15,dense,1,0.17197124660015106,0.14709846675395966,-0.024872779846191406,-0.024872779846191406,0.8217107465806203,0.8217107465806203,-0.9364776611328125,-0.9364776611328125,3.702885057071357,3.702885057071357
llama32_1b_instruct,0,up_proj,-0.1,dense,1,0.17197124660015106,0.1554296463727951,-0.016541600227355957,-0.016541600227355957,0.8772956851142142,0.8772956851142142,-0.6445136070251465,-0.6445136070251465,3.702885057071357,3.702885057071357
llama32_1b_instruct,0,up_proj,-0.05,dense,1,0.17197124660015106,0.1637207418680191,-0.008250504732131958,-0.008250504732131958,0.936640706760179,0.936640706760179,-0.33279943466186523,-0.33279943466186523,3.702885057071357,3.702885057071357
llama32_1b_instruct,0,up_proj,0.0,dense,1,0.17197124660015106,0.17197124660015106,0.0,0.0,1.0000000907816005,1.0000000907816005,4.76837158203125e-07,4.76837158203125e-07,3.702885057071357,3.702885057071357
llama32_1b_instruct,0,up_proj,0.05,dense,1,0.17197124660015106,0.18018050491809845,0.008209258317947388,0.008209258317947388,1.0676453649456654,1.0676453649456654,0.3553123474121094,0.3553123474121094,3.702885057071357,3.702885057071357
llama32_1b_instruct,0,up_proj,0.1,dense,1,0.17197124660015106,0.188348188996315,0.01637694239616394,0.01637694239616394,1.139866667247669,1.139866667247669,0.7346601486206055,0.7346601486206055,3.702885057071357,3.702885057071357
llama32_1b_instruct,0,up_proj,0.15,dense,1,0.17197124660015106,0.19647373259067535,0.024502485990524292,0.024502485990524292,1.2169733813822188,1.2169733813822188,1.1396689414978027,1.1396689414978027,3.702885057071357,3.702885057071357
llama32_1b_instruct,0,up_proj,0.2,dense,1,0.17197124660015106,0.20455676317214966,0.032585516571998596,0.032585516571998596,1.299295952375246,1.299295952375246,1.5720744132995605,1.5720744132995605,3.702885057071357,3.702885057071357
llama32_1b_instruct,1,down_proj,-0.2,dense,1,0.18043074011802673,0.14641490578651428,-0.03401583433151245,-0.03401583433151245,0.7822009204062286,0.7822009204062286,-1.0250673294067383,-1.0250673294067383,3.415138781651436,3.415138781651436
llama32_1b_instruct,1,down_proj,-0.15,dense,1,0.18043074011802673,0.15501420199871063,-0.0254165381193161,-0.0254165381193161,0.8317421812936648,0.8317421812936648,-0.7919023036956787,-0.7919023036956787,3.415138781651436,3.415138781651436
llama32_1b_instruct,1,down_proj,-0.1,dense,1,0.18043074011802673,0.1635497510433197,-0.01688098907470703,-0.01688098907470703,0.884421167661428,0.884421167661428,-0.5439696311950684,-0.5439696311950684,3.415138781651436,3.415138781651436
llama32_1b_instruct,1,down_proj,-0.05,dense,1,0.18043074011802673,0.17202185094356537,-0.008408889174461365,-0.008408889174461365,0.9404367101926029,0.9404367101926029,-0.2803335189819336,-0.2803335189819336,3.415138781651436,3.415138781651436
llama32_1b_instruct,1,down_proj,0.0,dense,1,0.18043074011802673,0.18043074011802673,0.0,0.0,1.0,1.0,0.0,0.0,3.415138781651436,3.415138781651436
llama32_1b_instruct,1,down_proj,0.05,dense,1,0.18043074011802673,0.18877670168876648,0.008345961570739746,0.008345961570739746,1.063335652433632,1.063335652433632,0.29808807373046875,0.29808807373046875,3.415138781651436,3.415138781651436
llama32_1b_instruct,1,down_proj,0.1,dense,1,0.18043074011802673,0.19706012308597565,0.016629382967948914,0.016629382967948914,1.1306828722031868,1.1306828722031868,0.6150565147399902,0.6150565147399902,3.415138781651436,3.415138781651436
llama32_1b_instruct,1,down_proj,0.15,dense,1,0.18043074011802673,0.20528119802474976,0.024850457906723022,0.024850457906723022,1.2022955546930272,1.2022955546930272,0.9521002769470215,0.9521002769470215,3.415138781651436,3.415138781651436
llama32_1b_instruct,1,down_proj,0.2,dense,1,0.18043074011802673,0.21344037353992462,0.03300963342189789,0.03300963342189789,1.2784438056871552,1.2784438056871552,1.310490608215332,1.310490608215332,3.415138781651436,3.415138781651436
llama32_1b_instruct,1,up_proj,-0.2,dense,1,0.1671024113893509,0.13516370952129364,-0.03193870186805725,-0.03193870186805725,0.7296493735452853,0.7296493735452853,-1.852327823638916,-1.852327823638916,4.835362145801918,4.835362145801918
llama32_1b_instruct,1,up_proj,-0.15,dense,1,0.1671024113893509,0.14321981370449066,-0.02388259768486023,-0.02388259768486023,0.7894699736846428,0.7894699736846428,-1.44246244430542,-1.44246244430542,4.835362145801918,4.835362145801918
llama32_1b_instruct,1,up_proj,-0.1,dense,1,0.1671024113893509,0.15122833847999573,-0.015874072909355164,-0.015874072909355164,0.8541950905281138,0.8541950905281138,-0.9989933967590332,-0.9989933967590332,4.835362145801918,4.835362145801918
llama32_1b_instruct,1,up_proj,-0.05,dense,1,0.1671024113893509,0.15918919444084167,-0.007913216948509216,-0.007913216948509216,0.9242267758551238,0.9242267758551238,-0.5191659927368164,-0.5191659927368164,4.835362145801918,4.835362145801918
llama32_1b_instruct,1,up_proj,0.0,dense,1,0.1671024113893509,0.1671024113893509,0.0,0.0,1.0,1.0,0.0,0.0,4.835362145801918,4.835362145801918
llama32_1b_instruct,1,up_proj,0.05,dense,1,0.1671024113893509,0.17496800422668457,0.00786559283733368,0.00786559283733368,1.0819853660668577,1.0819853660668577,0.5617289543151855,0.5617289543151855,4.835362145801918,4.835362145801918
llama32_1b_instruct,1,up_proj,0.1,dense,1,0.1671024113893509,0.1827860325574875,0.015683621168136597,0.015683621168136597,1.1706925200970213,1.1706925200970213,1.1695127487182617,1.1695127487182617,4.835362145801918,4.835362145801918
llama32_1b_instruct,1,up_proj,0.15,dense,1,0.1671024113893509,0.19055669009685516,0.023454278707504272,0.023454278707504272,1.26667244771239,1.26667244771239,1.8271265029907227,1.8271265029907227,4.835362145801918,4.835362145801918
llama32_1b_instruct,1,up_proj,0.2,dense,1,0.1671024113893509,0.19828002154827118,0.031177610158920288,0.031177610158920288,1.370521232259126,1.370521232259126,2.538654327392578,2.538654327392578,4.835362145801918,4.835362145801918
llama32_1b_instruct,2,down_proj,-0.2,dense,1,0.19185175001621246,0.15506310760974884,-0.03678864240646362,-0.03678864240646362,0.7638125764265163,0.7638125764265163,-1.2068872451782227,-1.2068872451782227,3.8465017590475075,3.8465017590475075
llama32_1b_instruct,2,down_proj,-0.15,dense,1,0.19185175001621246,0.16433970630168915,-0.027512043714523315,-0.027512043714523315,0.8170338934336279,0.8170338934336279,-0.9349331855773926,-0.9349331855773926,3.8465017590475075,3.8465017590475075
llama32_1b_instruct,2,down_proj,-0.1,dense,1,0.19185175001621246,0.1735636293888092,-0.01828812062740326,-0.01828812062740326,0.8739637161614366,0.8739637161614366,-0.6440291404724121,-0.6440291404724121,3.8465017590475075,3.8465017590475075
llama32_1b_instruct,2,down_proj,-0.05,dense,1,0.19185175001621246,0.1827344447374344,-0.009117305278778076,-0.009117305278778076,0.9348601590716689,0.9348601590716689,-0.3328561782836914,-0.3328561782836914,3.8465017590475075,3.8465017590475075
llama32_1b_instruct,2,down_proj,0.0,dense,1,0.19185175001621246,0.19185175001621246,0.0,0.0,0.9999999066831302,0.9999999066831302,-4.76837158203125e-07,-4.76837158203125e-07,3.8465017590475075,3.8465017590475075
llama32_1b_instruct,2,down_proj,0.05,dense,1,0.19185175001621246,0.20091526210308075,0.009063512086868286,0.009063512086868286,1.0696785868391858,1.0696785868391858,0.356048583984375,0.356048583984375,3.8465017590475075,3.8465017590475075
llama32_1b_instruct,2,down_proj,0.1,dense,1,0.19185175001621246,0.20992468297481537,0.018072932958602905,0.018072932958602905,1.1442121704608061,1.1442121704608061,0.736905574798584,0.736905574798584,3.8465017590475075,3.8465017590475075
llama32_1b_instruct,2,down_proj,0.15,dense,1,0.19185175001621246,0.21887975931167603,0.027028009295463562,0.027028009295463562,1.2239393044683102,1.2239393044683102,1.144300937652588,1.144300937652588,3.8465017590475075,3.8465017590475075
llama32_1b_instruct,2,down_proj,0.2,dense,1,0.19185175001621246,0.22778034210205078,0.03592859208583832,0.03592859208583832,1.309221591731976,1.309221591731976,1.5800824165344238,1.5800824165344238,3.8465017590475075,3.8465017590475075
llama32_1b_instruct,2,up_proj,-0.2,dense,1,0.16733983159065247,0.13587911427021027,-0.0314607173204422,-0.0314607173204422,0.8384085573830206,0.8384085573830206,-0.5284197330474854,-0.5284197330474854,2.4139124949852353,2.4139124949852353
llama32_1b_instruct,2,up_proj,-0.15,dense,1,0.16733983159065247,0.14384020864963531,-0.02349962294101715,-0.02349962294101715,0.8761768012935756,0.8761768012935756,-0.40491390228271484,-0.40491390228271484,2.4139124949852353,2.4139124949852353
llama32_1b_instruct,2,up_proj,-0.1,dense,1,0.16733983159065247,0.15173742175102234,-0.015602409839630127,-0.015602409839630127,0.9156465158165973,0.9156465158165973,-0.27584409713745117,-0.27584409713745117,2.4139124949852353,2.4139124949852353
llama32_1b_instruct,2,up_proj,-0.05,dense,1,0.16733983159065247,0.15957066416740417,-0.007769167423248291,-0.007769167423248291,0.9568941092822851,0.9568941092822851,-0.1409604549407959,-0.1409604549407959,2.4139124949852353,2.4139124949852353
llama32_1b_instruct,2,up_proj,0.0,dense,1,0.16733983159065247,0.16733983159065247,0.0,0.0,1.0,1.0,0.0,0.0,2.4139124949852353,2.4139124949852353
llama32_1b_instruct,2,up_proj,0.05,dense,1,0.16733983159065247,0.1750449240207672,0.007705092430114746,0.007705092430114746,1.0450476684450074,1.0450476684450074,0.1473102569580078,0.1473102569580078,2.4139124949852353,2.4139124949852353
llama32_1b_instruct,2,up_proj,0.1,dense,1,0.16733983159065247,0.18268582224845886,0.015345990657806396,0.015345990657806396,1.09212445925431,1.09212445925431,0.3012559413909912,0.3012559413909912,2.4139124949852353,2.4139124949852353
llama32_1b_instruct,2,up_proj,0.15,dense,1,0.16733983159065247,0.1902625858783722,0.022922754287719727,0.022922754287719727,1.1413220915876323,1.1413220915876323,0.46213698387145996,0.46213698387145996,2.4139124949852353,2.4139124949852353
llama32_1b_instruct,2,up_proj,0.2,dense,1,0.16733983159065247,0.19777517020702362,0.030435338616371155,0.030435338616371155,1.1927358571315876,1.1927358571315876,0.6302649974822998,0.6302649974822998,2.4139124949852353,2.4139124949852353
llama32_1b_instruct,3,down_proj,-0.2,dense,1,0.19506865739822388,0.1580263376235962,-0.037042319774627686,-0.037042319774627686,0.7752187431787275,0.7752187431787275,-1.0139927864074707,-1.0139927864074707,3.5717304088342825,3.5717304088342825
llama32_1b_instruct,3,down_proj,-0.15,dense,1,0.19506865739822388,0.16738277673721313,-0.027685880661010742,-0.027685880661010742,0.8261676829316633,0.8261676829316633,-0.7841610908508301,-0.7841610908508301,3.5717304088342825,3.5717304088342825
llama32_1b_instruct,3,down_proj,-0.1,dense,1,0.19506865739822388,0.1766754686832428,-0.01839318871498108,-0.01839318871498108,0.8804650912048726,0.8804650912048726,-0.53922438621521,-0.53922438621521,3.5717304088342825,3.5717304088342825
llama32_1b_instruct,3,down_proj,-0.05,dense,1,0.19506865739822388,0.1859041452407837,-0.009164512157440186,-0.009164512157440186,0.9383309928495888,0.9383309928495888,-0.27819013595581055,-0.27819013595581055,3.5717304088342825,3.5717304088342825
llama32_1b_instruct,3,down_proj,0.0,dense,1,0.19506865739822388,0.19506865739822388,0.0,0.0,1.0,1.0,0.0,0.0,3.5717304088342825,3.5717304088342825
llama32_1b_instruct,3,down_proj,0.05,dense,1,0.19506865739822388,0.2041688859462738,0.009100228548049927,0.009100228548049927,1.0657220520078918,1.0657220520078918,0.29647350311279297,0.29647350311279297,3.5717304088342825,3.5717304088342825
llama32_1b_instruct,3,down_proj,0.1,dense,1,0.19506865739822388,0.21320481598377228,0.0181361585855484,0.0181361585855484,1.1357634196396624,1.1357634196396624,0.612431526184082,0.612431526184082,3.5717304088342825,3.5717304088342825
llama32_1b_instruct,3,down_proj,0.15,dense,1,0.19506865739822388,0.22217638790607452,0.027107730507850647,0.027107730507850647,1.2104081320931324,1.2104081320931324,0.949155330657959,0.949155330657959,3.5717304088342825,3.5717304088342825
llama32_1b_instruct,3,down_proj,0.2,dense,1,0.19506865739822388,0.23108360171318054,0.036014944314956665,0.036014944314956665,1.2899586112272396,1.2899586112272396,1.308009147644043,1.308009147644043,3.5717304088342825,3.5717304088342825
llama32_1b_instruct,3,up_proj,-0.2,dense,1,0.16856980323791504,0.1364687830209732,-0.032101020216941833,-0.032101020216941833,0.8117759871232146,0.8117759871232146,-0.7032530307769775,-0.7032530307769775,2.8367377915086265,2.8367377915086265
llama32_1b_instruct,3,up_proj,-0.15,dense,1,0.16856980323791504,0.1445746123790741,-0.023995190858840942,-0.023995190858840942,0.8552186740954242,0.8552186740954242,-0.5409400463104248,-0.5409400463104248,2.8367377915086265,2.8367377915086265
llama32_1b_instruct,3,up_proj,-0.1,dense,1,0.16856980323791504,0.15262702107429504,-0.015942782163619995,-0.015942782163619995,0.9009861660321185,0.9009861660321185,-0.36994099617004395,-0.36994099617004395,2.8367377915086265,2.8367377915086265
llama32_1b_instruct,3,up_proj,-0.05,dense,1,0.16856980323791504,0.16062556207180023,-0.007944241166114807,-0.007944241166114807,0.9492029604762736,0.9492029604762736,-0.1897907257080078,-0.1897907257080078,2.8367377915086265,2.8367377915086265
llama32_1b_instruct,3,up_proj,0.0,dense,1,0.16856980323791504,0.16856980323791504,0.0,0.0,1.0000000638121695,1.0000000638121695,2.384185791015625e-07,2.384185791015625e-07,2.8367377915086265,2.8367377915086265
llama32_1b_instruct,3,up_proj,0.05,dense,1,0.16856980323791504,0.17645934224128723,0.007889539003372192,0.007889539003372192,1.0535156293870866,1.0535156293870866,0.19994807243347168,0.19994807243347168,2.8367377915086265,2.8367377915086265
llama32_1b_instruct,3,up_proj,0.1,dense,1,0.16856980323791504,0.18429385125637054,0.015724048018455505,0.015724048018455505,1.109895148947814,1.109895148947814,0.4105963706970215,0.4105963706970215,2.8367377915086265,2.8367377915086265
llama32_1b_instruct,3,up_proj,0.15,dense,1,0.16856980323791504,0.19207291305065155,0.02350310981273651,0.02350310981273651,1.169291771701498,1.169291771701498,0.6325173377990723,0.6325173377990723,2.8367377915086265,2.8367377915086265
llama32_1b_instruct,3,up_proj,0.2,dense,1,0.16856980323791504,0.19979622960090637,0.031226426362991333,0.031226426362991333,1.2318670062495087,1.2318670062495087,0.8663144111633301,0.8663144111633301,2.8367377915086265,2.8367377915086265
llama32_1b_instruct,4,down_proj,-0.2,dense,1,0.2031652331352234,0.16514238715171814,-0.03802284598350525,-0.03802284598350525,0.7555873899569688,0.7555873899569688,-1.2233765125274658,-1.2233765125274658,4.060470942881827,4.060470942881827
llama32_1b_instruct,4,down_proj,-0.15,dense,1,0.2031652331352234,0.17476165294647217,-0.02840358018875122,-0.02840358018875122,0.8104263777468484,0.8104263777468484,-0.9488868713378906,-0.9488868713378906,4.060470942881827,4.060470942881827
llama32_1b_instruct,4,down_proj,-0.1,dense,1,0.2031652331352234,0.18430458009243011,-0.018860653042793274,-0.018860653042793274,0.8692453008136587,0.8692453008136587,-0.6544761657714844,-0.6544761657714844,4.060470942881827,4.060470942881827
llama32_1b_instruct,4,down_proj,-0.05,dense,1,0.2031652331352234,0.1937721073627472,-0.009393125772476196,-0.009393125772476196,0.9323333361912846,0.9323333361912846,-0.3386969566345215,-0.3386969566345215,4.060470942881827,4.060470942881827
llama32_1b_instruct,4,down_proj,0.0,dense,1,0.2031652331352234,0.2031652331352234,0.0,0.0,1.0,1.0,0.0,0.0,4.060470942881827,4.060470942881827
llama32_1b_instruct,4,down_proj,0.05,dense,1,0.2031652331352234,0.21248489618301392,0.009319663047790527,0.009319663047790527,1.072577767235113,1.072577767235113,0.363278865814209,0.363278865814209,4.060470942881827,4.060470942881827
llama32_1b_instruct,4,down_proj,0.1,dense,1,0.2031652331352234,0.22173210978507996,0.018566876649856567,0.018566876649856567,1.1504233102125077,1.1504233102125077,0.752924919128418,0.752924919128418,4.060470942881827,4.060470942881827
llama32_1b_instruct,4,down_proj,0.15,dense,1,0.2031652331352234,0.23090772330760956,0.02774249017238617,0.02774249017238617,1.233918451219059,1.233918451219059,1.170849323272705,1.170849323272705,4.060470942881827,4.060470942881827
llama32_1b_instruct,4,down_proj,0.2,dense,1,0.2031652331352234,0.2400127500295639,0.036847516894340515,0.036847516894340515,1.323473687319175,1.323473687319175,1.6191067695617676,1.6191067695617676,4.060470942881827,4.060470942881827
llama32_1b_instruct,4,up_proj,-0.2,dense,1,0.17389491200447083,0.14087136089801788,-0.03302355110645294,-0.03302355110645294,0.8342906300856815,0.8342906300856815,-0.5325074195861816,-0.5325074195861816,2.474076484809704,2.474076484809704
llama32_1b_instruct,4,up_proj,-0.15,dense,1,0.17389491200447083,0.14921508729457855,-0.024679824709892273,-0.024679824709892273,0.8729472812250411,0.8729472812250411,-0.40828418731689453,-0.40828418731689453,2.474076484809704,2.474076484809704
llama32_1b_instruct,4,up_proj,-0.1,dense,1,0.17389491200447083,0.15750059485435486,-0.016394317150115967,-0.016394317150115967,0.9133950938556898,0.9133950938556898,-0.2783050537109375,-0.2783050537109375,2.474076484809704,2.474076484809704
llama32_1b_instruct,4,up_proj,-0.05,dense,1,0.17389491200447083,0.16572736203670502,-0.008167549967765808,-0.008167549967765808,0.9557170896704766,0.9557170896704766,-0.1423032283782959,-0.1423032283782959,2.474076484809704,2.474076484809704
llama32_1b_instruct,4,up_proj,0.0,dense,1,0.17389491200447083,0.17389491200447083,0.0,0.0,1.0,1.0,0.0,0.0,2.474076484809704,2.474076484809704
llama32_1b_instruct,4,up_proj,0.05,dense,1,0.17389491200447083,0.18200290203094482,0.008107990026473999,0.008107990026473999,1.0463347851618943,1.0463347851618943,0.1488969326019287,0.1488969326019287,2.474076484809704,2.474076484809704
llama32_1b_instruct,4,up_proj,0.1,dense,1,0.17389491200447083,0.19005087018013,0.01615595817565918,0.01615595817565918,1.0948165602680733,1.0948165602680733,0.30469322204589844,0.30469322204589844,2.474076484809704,2.474076484809704
llama32_1b_instruct,4,up_proj,0.15,dense,1,0.17389491200447083,0.1980384886264801,0.024143576622009277,0.024143576622009277,1.1455445952247316,1.1455445952247316,0.46770787239074707,0.46770787239074707,2.474076484809704,2.474076484809704
llama32_1b_instruct,4,up_proj,0.2,dense,1,0.17389491200447083,0.20596550405025482,0.032070592045784,0.032070592045784,1.198623056659894,1.198623056659894,0.6382756233215332,0.6382756233215332,2.474076484809704,2.474076484809704
llama32_1b_instruct,5,down_proj,-0.2,dense,1,0.2146293818950653,0.1742033064365387,-0.04042607545852661,-0.04042607545852661,0.7278341701627419,0.7278341701627419,-1.632439136505127,-1.632439136505127,4.89595935210212,4.89595935210212
llama32_1b_instruct,5,down_proj,-0.15,dense,1,0.2146293818950653,0.18441957235336304,-0.03020980954170227,-0.03020980954170227,0.7879965296694894,0.7879965296694894,-1.27158784866333,-1.27158784866333,4.89595935210212,4.89595935210212
llama32_1b_instruct,5,down_proj,-0.1,dense,1,0.2146293818950653,0.19456207752227783,-0.020067304372787476,-0.020067304372787476,0.8531320066757673,0.8531320066757673,-0.8809080123901367,-0.8809080123901367,4.89595935210212,4.89595935210212
llama32_1b_instruct,5,down_proj,-0.05,dense,1,0.2146293818950653,0.2046317607164383,-0.009997621178627014,-0.009997621178627014,0.9236513772685402,0.9236513772685402,-0.45793581008911133,-0.45793581008911133,4.89595935210212,4.89595935210212
llama32_1b_instruct,5,down_proj,0.0,dense,1,0.2146293818950653,0.2146293818950653,0.0,0.0,1.0,1.0,0.0,0.0,4.89595935210212,4.89595935210212
llama32_1b_instruct,5,down_proj,0.05,dense,1,0.2146293818950653,0.2245558649301529,0.009926483035087585,0.009926483035087585,1.0826595648858075,1.0826595648858075,0.49578857421875,0.49578857421875,4.89595935210212,4.89595935210212
llama32_1b_instruct,5,down_proj,0.1,dense,1,0.2146293818950653,0.2344120591878891,0.01978267729282379,0.01978267729282379,1.1721515914015748,1.1721515914015748,1.0325579643249512,1.0325579643249512,4.89595935210212,4.89595935210212
llama32_1b_instruct,5,down_proj,0.15,dense,1,0.2146293818950653,0.2441987544298172,0.029569372534751892,0.029569372534751892,1.2690409264793485,1.2690409264793485,1.6136960983276367,1.6136960983276367,4.89595935210212,4.89595935210212
llama32_1b_instruct,5,down_proj,0.2,dense,1,0.2146293818950653,0.25391674041748047,0.03928735852241516,0.03928735852241516,1.3739392425040917,1.3739392425040917,2.2428717613220215,2.2428717613220215,4.89595935210212,4.89595935210212
llama32_1b_instruct,5,up_proj,-0.2,dense,1,0.18683943152427673,0.151584193110466,-0.03525523841381073,-0.03525523841381073,0.8129361777605253,0.8129361777605253,-0.6829261779785156,-0.6829261779785156,2.8165524190470372,2.8165524190470372
llama32_1b_instruct,5,up_proj,-0.15,dense,1,0.18683943152427673,0.16050216555595398,-0.026337265968322754,-0.026337265968322754,0.8561350945092223,0.8561350945092223,-0.5252170562744141,-0.5252170562744141,2.8165524190470372,2.8165524190470372
llama32_1b_instruct,5,up_proj,-0.1,dense,1,0.18683943152427673,0.16935093700885773,-0.017488494515419006,-0.017488494515419006,0.9016296639179395,0.9016296639179395,-0.3591270446777344,-0.3591270446777344,2.8165524190470372,2.8165524190470372
llama32_1b_instruct,5,up_proj,-0.05,dense,1,0.18683943152427673,0.1781301498413086,-0.00870928168296814,-0.00870928168296814,0.9495418131463339,0.9495418131463339,-0.18421101570129395,-0.18421101570129395,2.8165524190470372,2.8165524190470372
llama32_1b_instruct,5,up_proj,0.0,dense,1,0.18683943152427673,0.18683943152427673,0.0,0.0,1.0,1.0,0.0,0.0,2.8165524190470372,2.8165524190470372
llama32_1b_instruct,5,up_proj,0.05,dense,1,0.18683943152427673,0.19547836482524872,0.008638933300971985,0.008638933300971985,1.0531394741563074,1.0531394741563074,0.1939997673034668,0.1939997673034668,2.8165524190470372,2.8165524190470372
llama32_1b_instruct,5,up_proj,0.1,dense,1,0.18683943152427673,0.20404678583145142,0.017207354307174683,0.017207354307174683,1.109102734309617,1.109102734309617,0.39830851554870605,0.39830851554870605,2.8165524190470372,2.8165524190470372
llama32_1b_instruct,5,up_proj,0.15,dense,1,0.18683943152427673,0.2125445008277893,0.025705069303512573,0.025705069303512573,1.1680398547035769,1.1680398547035769,0.6134741306304932,0.6134741306304932,2.8165524190470372,2.8165524190470372
llama32_1b_instruct,5,up_proj,0.2,dense,1,0.18683943152427673,0.22097115218639374,0.034131720662117004,0.034131720662117004,1.2301088116634202,1.2301088116634202,0.8400733470916748,0.8400733470916748,2.8165524190470372,2.8165524190470372
llama32_1b_instruct,6,down_proj,-0.2,dense,1,0.21661020815372467,0.17605701088905334,-0.040553197264671326,-0.040553197264671326,0.7095363909119946,0.7095363909119946,-1.937047004699707,-1.937047004699707,5.560660825701123,5.560660825701123
llama32_1b_instruct,6,down_proj,-0.15,dense,1,0.21661020815372467,0.1863112896680832,-0.03029891848564148,-0.03029891848564148,0.7730917375847046,0.7730917375847046,-1.5132083892822266,-1.5132083892822266,5.560660825701123,5.560660825701123
llama32_1b_instruct,6,down_proj,-0.1,dense,1,0.21661020815372467,0.19648723304271698,-0.02012297511100769,-0.02012297511100769,0.8423398329885837,0.8423398329885837,-1.051405906677246,-1.051405906677246,5.560660825701123,5.560660825701123
llama32_1b_instruct,6,down_proj,-0.05,dense,1,0.21661020815372467,0.20658636093139648,-0.010023847222328186,-0.010023847222328186,0.917790704966018,0.917790704966018,-0.5482382774353027,-0.5482382774353027,5.560660825701123,5.560660825701123
llama32_1b_instruct,6,down_proj,0.0,dense,1,0.21661020815372467,0.21661020815372467,0.0,0.0,1.0,1.0,0.0,0.0,5.560660825701123,5.560660825701123
llama32_1b_instruct,6,down_proj,0.05,dense,1,0.21661020815372467,0.22656026482582092,0.009950056672096252,0.009950056672096252,1.0895729873581308,1.0895729873581308,0.5973453521728516,0.5973453521728516,5.560660825701123,5.560660825701123
llama32_1b_instruct,6,down_proj,0.1,dense,1,0.21661020815372467,0.23643805086612701,0.019827842712402344,0.019827842712402344,1.1871692782623389,1.1871692782623389,1.2481966018676758,1.2481966018676758,5.560660825701123,5.560660825701123
llama32_1b_instruct,6,down_proj,0.15,dense,1,0.21661020815372467,0.24624495208263397,0.029634743928909302,0.029634743928909302,1.2935075450585967,1.2935075450585967,1.9573464393615723,1.9573464393615723,5.560660825701123,5.560660825701123
llama32_1b_instruct,6,down_proj,0.2,dense,1,0.21661020815372467,0.25598248839378357,0.0393722802400589,0.0393722802400589,1.4093708839097834,1.4093708839097834,2.7300171852111816,2.7300171852111816,5.560660825701123,5.560660825701123
llama32_1b_instruct,6,up_proj,-0.2,dense,1,0.18796184659004211,0.15226911008358002,-0.0356927365064621,-0.0356927365064621,0.8245016193747262,0.8245016193747262,-0.5904335975646973,-0.5904335975646973,2.6244762928138443,2.6244762928138443
llama32_1b_instruct,6,up_proj,-0.15,dense,1,0.18796184659004211,0.1612876057624817,-0.026674240827560425,-0.026674240827560425,0.8652540053498682,0.8652540053498682,-0.45332932472229004,-0.45332932472229004,2.6244762928138443,2.6244762928138443
llama32_1b_instruct,6,up_proj,-0.1,dense,1,0.18796184659004211,0.17024290561676025,-0.01771894097328186,-0.01771894097328186,0.9080207061128615,0.9080207061128615,-0.3094482421875,-0.3094482421875,2.6244762928138443,2.6244762928138443
llama32_1b_instruct,6,up_proj,-0.05,dense,1,0.18796184659004211,0.17913445830345154,-0.008827388286590576,-0.008827388286590576,0.9529011476293462,0.9529011476293462,-0.15845584869384766,-0.15845584869384766,2.6244762928138443,2.6244762928138443
llama32_1b_instruct,6,up_proj,0.0,dense,1,0.18796184659004211,0.18796184659004211,0.0,0.0,1.0,1.0,0.0,0.0,2.6244762928138443,2.6244762928138443
llama32_1b_instruct,6,up_proj,0.05,dense,1,0.18796184659004211,0.1967245638370514,0.008762717247009277,0.008762717247009277,1.0494268231270891,1.0494268231270891,0.16628789901733398,0.16628789901733398,2.6244762928138443,2.6244762928138443
llama32_1b_instruct,6,up_proj,0.1,dense,1,0.18796184659004211,0.20542222261428833,0.017460376024246216,0.017460376024246216,1.1012965627812965,1.1012965627812965,0.34079456329345703,0.34079456329345703,2.6244762928138443,2.6244762928138443
llama32_1b_instruct,6,up_proj,0.15,dense,1,0.18796184659004211,0.2140544354915619,0.026092588901519775,0.026092588901519775,1.1557301175352395,1.1557301175352395,0.5239267349243164,0.5239267349243164,2.6244762928138443,2.6244762928138443
llama32_1b_instruct,6,up_proj,0.2,dense,1,0.18796184659004211,0.2226209193468094,0.03465907275676727,0.03465907275676727,1.212854055296711,1.212854055296711,0.7161102294921875,0.7161102294921875,2.6244762928138443,2.6244762928138443
llama32_1b_instruct,7,down_proj,-0.2,dense,1,0.21240340173244476,0.1719314008951187,-0.04047200083732605,-0.04047200083732605,0.7096137416859614,0.7096137416859614,-2.004255771636963,-2.004255771636963,5.557634300598666,5.557634300598666
llama32_1b_instruct,7,down_proj,-0.15,dense,1,0.21240340173244476,0.1821446716785431,-0.030258730053901672,-0.030258730053901672,0.7731549179826143,0.7731549179826143,-1.56569242477417,-1.56569242477417,5.557634300598666,5.557634300598666
llama32_1b_instruct,7,down_proj,-0.1,dense,1,0.21240340173244476,0.19229432940483093,-0.02010907232761383,-0.02010907232761383,0.8423857105964967,0.8423857105964967,-1.0878591537475586,-1.0878591537475586,5.557634300598666,5.557634300598666
llama32_1b_instruct,7,down_proj,-0.05,dense,1,0.21240340173244476,0.20238053798675537,-0.010022863745689392,-0.010022863745689392,0.9178157013375279,0.9178157013375279,-0.5672388076782227,-0.5672388076782227,5.557634300598666,5.557634300598666
llama32_1b_instruct,7,down_proj,0.0,dense,1,0.21240340173244476,0.21240340173244476,0.0,0.0,1.0,1.0,0.0,0.0,5.557634300598666,5.557634300598666
llama32_1b_instruct,7,down_proj,0.05,dense,1,0.21240340173244476,0.2223631888628006,0.009959787130355835,0.009959787130355835,1.089543320464366,1.089543320464366,0.6180310249328613,0.6180310249328613,5.557634300598666,5.557634300598666
llama32_1b_instruct,7,down_proj,0.1,dense,1,0.21240340173244476,0.23226024210453033,0.01985684037208557,0.01985684037208557,1.1871046785772663,1.1871046785772663,1.291402816772461,1.291402816772461,5.557634300598666,5.557634300598666
llama32_1b_instruct,7,down_proj,0.15,dense,1,0.21240340173244476,0.24209481477737427,0.029691413044929504,0.029691413044929504,1.2934018136856706,1.2934018136856706,2.025069236755371,2.025069236755371,5.557634300598666,5.557634300598666
llama32_1b_instruct,7,down_proj,0.2,dense,1,0.21240340173244476,0.25186723470687866,0.0394638329744339,0.0394638329744339,1.4092174064192662,1.4092174064192662,2.824432373046875,2.824432373046875,5.557634300598666,5.557634300598666
llama32_1b_instruct,7,up_proj,-0.2,dense,1,0.19282689690589905,0.15582925081253052,-0.03699764609336853,-0.03699764609336853,0.7864960497625213,0.7864960497625213,-0.9295029640197754,-0.9295029640197754,3.3229000206632984,3.3229000206632984
llama32_1b_instruct,7,up_proj,-0.15,dense,1,0.19282689690589905,0.16516126692295074,-0.027665629982948303,-0.027665629982948303,0.8351652624444639,0.8351652624444639,-0.717618465423584,-0.717618465423584,3.3229000206632984,3.3229000206632984
llama32_1b_instruct,7,up_proj,-0.1,dense,1,0.19282689690589905,0.17443881928920746,-0.01838807761669159,-0.01838807761669159,0.8868461670232168,0.8868461670232168,-0.49262237548828125,-0.49262237548828125,3.3229000206632984,3.3229000206632984
llama32_1b_instruct,7,up_proj,-0.05,dense,1,0.19282689690589905,0.18366093933582306,-0.009165957570075989,-0.009165957570075989,0.9417250706565241,0.9417250706565241,-0.25370359420776367,-0.25370359420776367,3.3229000206632984,3.3229000206632984
llama32_1b_instruct,7,up_proj,0.0,dense,1,0.19282689690589905,0.19282689690589905,0.0,0.0,1.0,1.0,0.0,0.0,3.3229000206632984,3.3229000206632984
llama32_1b_instruct,7,up_proj,0.05,dense,1,0.19282689690589905,0.20193587243556976,0.009108975529670715,0.009108975529670715,1.0618811393192,1.0618811393192,0.26940345764160156,0.26940345764160156,3.3229000206632984,3.3229000206632984
llama32_1b_instruct,7,up_proj,0.1,dense,1,0.19282689690589905,0.21098721027374268,0.018160313367843628,0.018160313367843628,1.1275913781297084,1.1275913781297084,0.5554771423339844,0.5554771423339844,3.3229000206632984,3.3229000206632984
llama32_1b_instruct,7,up_proj,0.15,dense,1,0.19282689690589905,0.2199801653623581,0.027153268456459045,0.027153268456459045,1.1973679541173992,1.1973679541173992,0.8592538833618164,0.8592538833618164,3.3229000206632984,3.3229000206632984
llama32_1b_instruct,7,up_proj,0.2,dense,1,0.19282689690589905,0.22891420125961304,0.03608730435371399,0.03608730435371399,1.2714623436104202,1.2714623436104202,1.181828498840332,1.181828498840332,3.3229000206632984,3.3229000206632984
llama32_1b_instruct,8,down_proj,-0.2,dense,1,0.1964023858308792,0.15888549387454987,-0.037516891956329346,-0.037516891956329346,0.7481130380520342,0.7481130380520342,-1.3731346130371094,-1.3731346130371094,4.267404901017812,4.267404901017812
llama32_1b_instruct,8,down_proj,-0.15,dense,1,0.1964023858308792,0.16835029423236847,-0.028052091598510742,-0.028052091598510742,0.8044062146891667,0.8044062146891667,-1.066258430480957,-1.066258430480957,4.267404901017812,4.267404901017812
llama32_1b_instruct,8,down_proj,-0.1,dense,1,0.1964023858308792,0.177758127450943,-0.018644258379936218,-0.018644258379936218,0.8649352480555698,0.8649352480555698,-0.7362909317016602,-0.7362909317016602,4.267404901017812,4.267404901017812
llama32_1b_instruct,8,down_proj,-0.05,dense,1,0.1964023858308792,0.1871088594198227,-0.009293526411056519,-0.009293526411056519,0.9300189688987385,0.9300189688987385,-0.38149404525756836,-0.38149404525756836,4.267404901017812,4.267404901017812
llama32_1b_instruct,8,down_proj,0.0,dense,1,0.1964023858308792,0.1964023858308792,0.0,0.0,1.0,1.0,0.0,0.0,4.267404901017812,4.267404901017812
llama32_1b_instruct,8,down_proj,0.05,dense,1,0.1964023858308792,0.2056387960910797,0.0092364102602005,0.0092364102602005,1.0752468554716168,1.0752468554716168,0.4102001190185547,0.4102001190185547,4.267404901017812,4.267404901017812
llama32_1b_instruct,8,down_proj,0.1,dense,1,0.1964023858308792,0.21481801569461823,0.018415629863739014,0.018415629863739014,1.1561558651124637,1.1561558651124637,0.8512668609619141,0.8512668609619141,4.267404901017812,4.267404901017812
llama32_1b_instruct,8,down_proj,0.15,dense,1,0.1964023858308792,0.22394020855426788,0.027537822723388672,0.027537822723388672,1.2431529238222812,1.2431529238222812,1.3255219459533691,1.3255219459533691,4.267404901017812,4.267404901017812
llama32_1b_instruct,8,down_proj,0.2,dense,1,0.1964023858308792,0.23300540447235107,0.03660301864147186,0.03660301864147186,1.3366963781351908,1.3366963781351908,1.8354640007019043,1.8354640007019043,4.267404901017812,4.267404901017812
llama32_1b_instruct,8,up_proj,-0.2,dense,1,0.18303422629833221,0.14810729026794434,-0.03492693603038788,-0.03492693603038788,0.8156527686839773,0.8156527686839773,-0.684093713760376,-0.684093713760376,2.769960110922033,2.769960110922033
llama32_1b_instruct,8,up_proj,-0.15,dense,1,0.18303422629833221,0.15692554414272308,-0.02610868215560913,-0.02610868215560913,0.8582799864282056,0.8582799864282056,-0.5259084701538086,-0.5259084701538086,2.769960110922033,2.769960110922033
llama32_1b_instruct,8,up_proj,-0.1,dense,1,0.18303422629833221,0.16568663716316223,-0.017347589135169983,-0.017347589135169983,0.9031349470302319,0.9031349470302319,-0.35945630073547363,-0.35945630073547363,2.769960110922033,2.769960110922033
llama32_1b_instruct,8,up_proj,-0.05,dense,1,0.18303422629833221,0.17438971996307373,-0.008644506335258484,-0.008644506335258484,0.9503340682687474,0.9503340682687474,-0.18430519104003906,-0.18430519104003906,2.769960110922033,2.769960110922033
llama32_1b_instruct,8,up_proj,0.0,dense,1,0.18303422629833221,0.18303422629833221,0.0,0.0,1.0,1.0,0.0,0.0,2.769960110922033,2.769960110922033
llama32_1b_instruct,8,up_proj,0.05,dense,1,0.18303422629833221,0.19161944091320038,0.008585214614868164,0.008585214614868164,1.052261559909572,1.052261559909572,0.1939373016357422,0.1939373016357422,2.769960110922033,2.769960110922033
llama32_1b_instruct,8,up_proj,0.1,dense,1,0.18303422629833221,0.20014476776123047,0.017110541462898254,0.017110541462898254,1.1072542474981582,1.1072542474981582,0.3980095386505127,0.3980095386505127,2.769960110922033,2.769960110922033
llama32_1b_instruct,8,up_proj,0.15,dense,1,0.18303422629833221,0.2086096853017807,0.025575459003448486,0.025575459003448486,1.1651209508120108,1.1651209508120108,0.6127469539642334,0.6127469539642334,2.769960110922033,2.769960110922033
llama32_1b_instruct,8,up_proj,0.2,dense,1,0.18303422629833221,0.2170136421918869,0.03397941589355469,0.03397941589355469,1.2260119464429389,1.2260119464429389,0.8387072086334229,0.8387072086334229,2.769960110922033,2.769960110922033
llama32_1b_instruct,9,down_proj,-0.2,dense,1,0.19597892463207245,0.15951332449913025,-0.0364656001329422,-0.0364656001329422,0.7576693993270575,0.7576693993270575,-1.269019603729248,-1.269019603729248,4.004988085011877,4.004988085011877
llama32_1b_instruct,9,down_proj,-0.15,dense,1,0.19597892463207245,0.16875334084033966,-0.027225583791732788,-0.027225583791732788,0.8121005815219806,0.8121005815219806,-0.983978271484375,-0.983978271484375,4.004988085011877,4.004988085011877
llama32_1b_instruct,9,down_proj,-0.1,dense,1,0.19597892463207245,0.17791049182415009,-0.018068432807922363,-0.018068432807922363,0.8704420856410036,0.8704420856410036,-0.678459644317627,-0.678459644317627,4.004988085011877,4.004988085011877
llama32_1b_instruct,9,down_proj,-0.05,dense,1,0.19597892463207245,0.18698549270629883,-0.00899343192577362,-0.00899343192577362,0.9329748203823345,0.9329748203823345,-0.35099267959594727,-0.35099267959594727,4.004988085011877,4.004988085011877
llama32_1b_instruct,9,down_proj,0.0,dense,1,0.19597892463207245,0.19597892463207245,0.0,0.0,1.0,1.0,0.0,0.0,4.004988085011877,4.004988085011877
llama32_1b_instruct,9,down_proj,0.05,dense,1,0.19597892463207245,0.20489151775836945,0.008912593126296997,0.008912593126296997,1.0718402369794948,1.0718402369794948,0.3762078285217285,0.3762078285217285,4.004988085011877,4.004988085011877
llama32_1b_instruct,9,down_proj,0.1,dense,1,0.19597892463207245,0.21372397243976593,0.01774504780769348,0.01774504780769348,1.1488414542201684,1.1488414542201684,0.779442310333252,0.779442310333252,4.004988085011877,4.004988085011877
llama32_1b_instruct,9,down_proj,0.15,dense,1,0.19597892463207245,0.22247710824012756,0.026498183608055115,0.026498183608055115,1.2313745240486984,1.2313745240486984,1.2116456031799316,1.2116456031799316,4.004988085011877,4.004988085011877
llama32_1b_instruct,9,down_proj,0.2,dense,1,0.19597892463207245,0.23115158081054688,0.035172656178474426,0.035172656178474426,1.3198368161762617,1.3198368161762617,1.674898624420166,1.674898624420166,4.004988085011877,4.004988085011877
llama32_1b_instruct,9,up_proj,-0.2,dense,1,0.18648092448711395,0.15115828812122345,-0.0353226363658905,-0.0353226363658905,0.8094315539665851,0.8094315539665851,-0.7512602806091309,-0.7512602806091309,2.878056838211623,2.878056838211623
llama32_1b_instruct,9,up_proj,-0.15,dense,1,0.18648092448711395,0.16008849442005157,-0.026392430067062378,-0.026392430067062378,0.853365459486544,0.853365459486544,-0.5780637264251709,-0.5780637264251709,2.878056838211623,2.878056838211623
llama32_1b_instruct,9,up_proj,-0.1,dense,1,0.18648092448711395,0.16895271837711334,-0.01752820611000061,-0.01752820611000061,0.8996840303323623,0.8996840303323623,-0.39546632766723633,-0.39546632766723633,2.878056838211623,2.878056838211623
llama32_1b_instruct,9,up_proj,-0.05,dense,1,0.18648092448711395,0.17775040864944458,-0.008730515837669373,-0.008730515837669373,0.9485168113462412,0.9485168113462412,-0.2029573917388916,-0.2029573917388916,2.878056838211623,2.878056838211623
llama32_1b_instruct,9,up_proj,0.0,dense,1,0.18648092448711395,0.18648092448711395,0.0,0.0,0.999999939521549,0.999999939521549,-2.384185791015625e-07,-2.384185791015625e-07,2.878056838211623,2.878056838211623
llama32_1b_instruct,9,up_proj,0.05,dense,1,0.18648092448711395,0.1951439529657364,0.008663028478622437,0.008663028478622437,1.0542775350071953,1.0542775350071953,0.2139732837677002,0.2139732837677002,2.878056838211623,2.878056838211623
llama32_1b_instruct,9,up_proj,0.1,dense,1,0.18648092448711395,0.20373888313770294,0.01725795865058899,0.01725795865058899,1.111501156801573,1.111501156801573,0.4395606517791748,0.4395606517791748,2.878056838211623,2.878056838211623
llama32_1b_instruct,9,up_proj,0.15,dense,1,0.18648092448711395,0.21226546168327332,0.025784537196159363,0.025784537196159363,1.171830709929322,1.171830709929322,0.6773922443389893,0.6773922443389893,2.878056838211623,2.878056838211623
llama32_1b_instruct,9,up_proj,0.2,dense,1,0.18648092448711395,0.2207232415676117,0.03424231708049774,0.03424231708049774,1.2354348083120374,1.2354348083120374,0.9281327724456787,0.9281327724456787,2.878056838211623,2.878056838211623
llama32_1b_instruct,10,down_proj,-0.2,dense,1,0.18825247883796692,0.15264417231082916,-0.035608306527137756,-0.035608306527137756,0.7810200268865375,0.7810200268865375,-1.0168161392211914,-1.0168161392211914,3.44103509937718,3.44103509937718
llama32_1b_instruct,10,down_proj,-0.15,dense,1,0.18825247883796692,0.16164721548557281,-0.026605263352394104,-0.026605263352394104,0.830800324790852,0.830800324790852,-0.7856652736663818,-0.7856652736663818,3.44103509937718,3.44103509937718
llama32_1b_instruct,10,down_proj,-0.1,dense,1,0.18825247883796692,0.17058315873146057,-0.017669320106506348,-0.017669320106506348,0.883753361459008,0.883753361459008,-0.5397820472717285,-0.5397820472717285,3.44103509937718,3.44103509937718
llama32_1b_instruct,10,down_proj,-0.05,dense,1,0.18825247883796692,0.17945168912410736,-0.008800789713859558,-0.008800789713859558,0.9400815920461362,0.9400815920461362,-0.278226375579834,-0.278226375579834,3.44103509937718,3.44103509937718
llama32_1b_instruct,10,down_proj,0.0,dense,1,0.18825247883796692,0.18825247883796692,0.0,0.0,1.0,1.0,0.0,0.0,3.44103509937718,3.44103509937718
llama32_1b_instruct,10,down_proj,0.05,dense,1,0.18825247883796692,0.19698521494865417,0.008732736110687256,0.008732736110687256,1.0637373806975363,1.0637373806975363,0.29595947265625,0.29595947265625,3.44103509937718,3.44103509937718
llama32_1b_instruct,10,down_proj,0.1,dense,1,0.18825247883796692,0.20564979314804077,0.017397314310073853,0.017397314310073853,1.131537419699549,1.131537419699549,0.610783576965332,0.610783576965332,3.44103509937718,3.44103509937718
llama32_1b_instruct,10,down_proj,0.15,dense,1,0.18825247883796692,0.21424600481987,0.025993525981903076,0.025993525981903076,1.2036585900597856,1.2036585900597856,0.9456725120544434,0.9456725120544434,3.44103509937718,3.44103509937718
llama32_1b_instruct,10,down_proj,0.2,dense,1,0.18825247883796692,0.2227737456560135,0.03452126681804657,0.03452126681804657,1.2803768222889416,1.2803768222889416,1.3019075393676758,1.3019075393676758,3.44103509937718,3.44103509937718
llama32_1b_instruct,10,up_proj,-0.2,dense,1,0.18818016350269318,0.1530710607767105,-0.035109102725982666,-0.035109102725982666,0.8231490109505666,0.8231490109505666,-0.6440794467926025,-0.6440794467926025,2.6461079649710655,2.6461079649710655
llama32_1b_instruct,10,up_proj,-0.15,dense,1,0.18818016350269318,0.16196750104427338,-0.0262126624584198,-0.0262126624584198,0.864189315430182,0.864189315430182,-0.4946134090423584,-0.4946134090423584,2.6461079649710655,2.6461079649710655
llama32_1b_instruct,10,up_proj,-0.1,dense,1,0.18818016350269318,0.17078445851802826,-0.017395704984664917,-0.017395704984664917,0.9072755927285315,0.9072755927285315,-0.3376960754394531,-0.3376960754394531,2.6461079649710655,2.6461079649710655
llama32_1b_instruct,10,up_proj,-0.05,dense,1,0.18818016350269318,0.17952199280261993,-0.008658170700073242,-0.008658170700073242,0.9525102298640936,0.9525102298640936,-0.17295455932617188,-0.17295455932617188,2.6461079649710655,2.6461079649710655
llama32_1b_instruct,10,up_proj,0.0,dense,1,0.18818016350269318,0.18818016350269318,0.0,0.0,1.0,1.0,0.0,0.0,2.6461079649710655,2.6461079649710655
llama32_1b_instruct,10,up_proj,0.05,dense,1,0.18818016350269318,0.19675913453102112,0.008578971028327942,0.008578971028327942,1.0498575026706383,1.0498575026706383,0.1815776824951172,0.1815776824951172,2.6461079649710655,2.6461079649710655
llama32_1b_instruct,10,up_proj,0.1,dense,1,0.18818016350269318,0.2052590250968933,0.017078861594200134,0.017078861594200134,1.102200836457425,1.102200836457425,0.3722085952758789,0.3722085952758789,2.6461079649710655,2.6461079649710655
llama32_1b_instruct,10,up_proj,0.15,dense,1,0.18818016350269318,0.21368011832237244,0.02549995481967926,0.02549995481967926,1.1571538608481862,1.1571538608481862,0.5723438262939453,0.5723438262939453,2.6461079649710655,2.6461079649710655
llama32_1b_instruct,10,up_proj,0.2,dense,1,0.18818016350269318,0.22202250361442566,0.03384234011173248,0.03384234011173248,1.214846850885615,1.214846850885615,0.7824578285217285,0.7824578285217285,2.6461079649710655,2.6461079649710655
llama32_1b_instruct,11,down_proj,-0.2,dense,1,0.19048641622066498,0.15493960678577423,-0.03554680943489075,-0.03554680943489075,0.7942591837385219,0.7942591837385219,-0.8956196308135986,-0.8956196308135986,3.163652676308386,3.163652676308386
llama32_1b_instruct,11,down_proj,-0.15,dense,1,0.19048641622066498,0.16394993662834167,-0.026536479592323303,-0.026536479592323303,0.8413403267118381,0.8413403267118381,-0.6906685829162598,-0.6906685829162598,3.163652676308386,3.163652676308386
llama32_1b_instruct,11,down_proj,-0.1,dense,1,0.19048641622066498,0.1728779375553131,-0.017608478665351868,-0.017608478665351868,0.8912121830516057,0.8912121830516057,-0.4735691547393799,-0.4735691547393799,3.163652676308386,3.163652676308386
llama32_1b_instruct,11,down_proj,-0.05,dense,1,0.19048641622066498,0.1817234754562378,-0.008762940764427185,-0.008762940764427185,0.9440404845678272,0.9440404845678272,-0.24359989166259766,-0.24359989166259766,3.163652676308386,3.163652676308386
llama32_1b_instruct,11,down_proj,0.0,dense,1,0.19048641622066498,0.19048641622066498,0.0,0.0,1.0,1.0,0.0,0.0,3.163652676308386,3.163652676308386
llama32_1b_instruct,11,down_proj,0.05,dense,1,0.19048641622066498,0.19916678965091705,0.008680373430252075,0.008680373430252075,1.0592766710186328,1.0592766710186328,0.2580399513244629,0.2580399513244629,3.163652676308386,3.163652676308386
llama32_1b_instruct,11,down_proj,0.1,dense,1,0.19048641622066498,0.2077646702528,0.01727825403213501,0.01727825403213501,1.1220672288403581,1.1220672288403581,0.5313763618469238,0.5313763618469238,3.163652676308386,3.163652676308386
llama32_1b_instruct,11,down_proj,0.15,dense,1,0.19048641622066498,0.2162800431251526,0.02579362690448761,0.02579362690448761,1.1885796871513594,1.1885796871513594,0.8209147453308105,0.8209147453308105,3.163652676308386,3.163652676308386
llama32_1b_instruct,11,down_proj,0.2,dense,1,0.19048641622066498,0.22471314668655396,0.03422673046588898,0.03422673046588898,1.2590349851854603,1.2590349851854603,1.1276168823242188,1.1276168823242188,3.163652676308386,3.163652676308386
llama32_1b_instruct,11,up_proj,-0.2,dense,1,0.19681546092033386,0.16074985265731812,-0.03606560826301575,-0.03606560826301575,0.8108460533409195,0.8108460533409195,-0.7474491596221924,-0.7474491596221924,2.853041865757423,2.853041865757423
llama32_1b_instruct,11,up_proj,-0.15,dense,1,0.19681546092033386,0.1699155867099762,-0.026899874210357666,-0.026899874210357666,0.8544836763464122,0.8544836763464122,-0.5750133991241455,-0.5750133991241455,2.853041865757423,2.853041865757423
llama32_1b_instruct,11,up_proj,-0.1,dense,1,0.19681546092033386,0.1789812445640564,-0.017834216356277466,-0.017834216356277466,0.9004698637108645,0.9004698637108645,-0.3932971954345703,-0.3932971954345703,2.853041865757423,2.853041865757423
llama32_1b_instruct,11,up_proj,-0.05,dense,1,0.19681546092033386,0.18794764578342438,-0.008867815136909485,-0.008867815136909485,0.9489308979057804,0.9489308979057804,-0.20180153846740723,-0.20180153846740723,2.853041865757423,2.853041865757423
llama32_1b_instruct,11,up_proj,0.0,dense,1,0.19681546092033386,0.19681546092033386,0.0,0.0,1.0,1.0,0.0,0.0,2.853041865757423,2.853041865757423
llama32_1b_instruct,11,up_proj,0.05,dense,1,0.19681546092033386,0.2055855095386505,0.00877004861831665,0.00877004861831665,1.053817510666585,1.053817510666585,0.2126619815826416,0.2126619815826416,2.853041865757423,2.853041865757423
llama32_1b_instruct,11,up_proj,0.1,dense,1,0.19681546092033386,0.2142585963010788,0.017443135380744934,0.017443135380744934,1.110531433203481,1.110531433203481,0.4367692470550537,0.4367692470550537,2.853041865757423,2.853041865757423
llama32_1b_instruct,11,up_proj,0.15,dense,1,0.19681546092033386,0.22283555567264557,0.026020094752311707,0.026020094752311707,1.170297493869146,1.170297493869146,0.6729371547698975,0.6729371547698975,2.853041865757423,2.853041865757423
llama32_1b_instruct,11,up_proj,0.2,dense,1,0.19681546092033386,0.23131708800792694,0.03450162708759308,0.03450162708759308,1.2332798055744691,1.2332798055744691,0.9218142032623291,0.9218142032623291,2.853041865757423,2.853041865757423
llama32_1b_instruct,12,down_proj,-0.2,dense,1,0.2061953842639923,0.16827607154846191,-0.037919312715530396,-0.037919312715530396,0.8146926202950826,0.8146926202950826,-0.7128233909606934,-0.7128233909606934,2.786321034248101,2.786321034248101
llama32_1b_instruct,12,down_proj,-0.15,dense,1,0.2061953842639923,0.17790696024894714,-0.028288424015045166,-0.028288424015045166,0.8575220324597411,0.8575220324597411,-0.5480711460113525,-0.5480711460113525,2.786321034248101,2.786321034248101
llama32_1b_instruct,12,down_proj,-0.1,dense,1,0.2061953842639923,0.18743668496608734,-0.018758699297904968,-0.018758699297904968,0.9026032363548308,0.9026032363548308,-0.37465691566467285,-0.37465691566467285,2.786321034248101,2.786321034248101
llama32_1b_instruct,12,down_proj,-0.05,dense,1,0.2061953842639923,0.19686591625213623,-0.009329468011856079,-0.009329468011856079,0.9500542417090883,0.9500542417090883,-0.19212675094604492,-0.19212675094604492,2.786321034248101,2.786321034248101
llama32_1b_instruct,12,down_proj,0.0,dense,1,0.2061953842639923,0.2061953842639923,0.0,0.0,0.9999999380201005,0.9999999380201005,-2.384185791015625e-07,-2.384185791015625e-07,2.786321034248101,2.786321034248101
llama32_1b_instruct,12,down_proj,0.05,dense,1,0.2061953842639923,0.2154257595539093,0.009230375289916992,0.009230375289916992,1.0525714127754084,1.0525714127754084,0.20222687721252441,0.20222687721252441,2.786321034248101,2.786321034248101
llama32_1b_instruct,12,down_proj,0.1,dense,1,0.2061953842639923,0.2245577722787857,0.018362388014793396,0.018362388014793396,1.1079064472917046,1.1079064472917046,0.4150846004486084,0.4150846004486084,2.786321034248101,2.786321034248101
llama32_1b_instruct,12,down_proj,0.15,dense,1,0.2061953842639923,0.2335922122001648,0.027396827936172485,0.027396827936172485,1.1661506943329236,1.1661506943329236,0.6391332149505615,0.6391332149505615,2.786321034248101,2.786321034248101
llama32_1b_instruct,12,down_proj,0.2,dense,1,0.2061953842639923,0.24252977967262268,0.03633439540863037,0.03633439540863037,1.2274567484117496,1.2274567484117496,0.8749597072601318,0.8749597072601318,2.786321034248101,2.786321034248101
llama32_1b_instruct,12,up_proj,-0.2,dense,1,0.2046901136636734,0.16713657975196838,-0.03755353391170502,-0.03755353391170502,0.819744504023903,0.819744504023903,-0.6851482391357422,-0.6851482391357422,2.701515078470269,2.701515078470269
llama32_1b_instruct,12,up_proj,-0.15,dense,1,0.2046901136636734,0.1766815483570099,-0.028008565306663513,-0.028008565306663513,0.8615071354635997,0.8615071354635997,-0.5264091491699219,-0.5264091491699219,2.701515078470269,2.701515078470269
llama32_1b_instruct,12,up_proj,-0.1,dense,1,0.2046901136636734,0.1861218512058258,-0.018568262457847595,-0.018568262457847595,0.9053973528086781,0.9053973528086781,-0.35958313941955566,-0.35958313941955566,2.701515078470269,2.701515078470269
llama32_1b_instruct,12,up_proj,-0.05,dense,1,0.2046901136636734,0.19545786082744598,-0.009232252836227417,-0.009232252836227417,0.9515237338828421,0.9515237338828421,-0.18425750732421875,-0.18425750732421875,2.701515078470269,2.701515078470269
llama32_1b_instruct,12,up_proj,0.0,dense,1,0.2046901136636734,0.2046901136636734,0.0,0.0,0.9999999372745098,0.9999999372745098,-2.384185791015625e-07,-2.384185791015625e-07,2.701515078470269,2.701515078470269
llama32_1b_instruct,12,up_proj,0.05,dense,1,0.2046901136636734,0.21381905674934387,0.009128943085670471,0.009128943085670471,1.0509458313956384,1.0509458313956384,0.19364428520202637,0.19364428520202637,2.701515078470269,2.701515078470269
llama32_1b_instruct,12,up_proj,0.1,dense,1,0.2046901136636734,0.22284524142742157,0.01815512776374817,0.01815512776374817,1.1044873690307444,1.1044873690307444,0.3971548080444336,0.3971548080444336,2.701515078470269,2.701515078470269
llama32_1b_instruct,12,up_proj,0.15,dense,1,0.2046901136636734,0.23176929354667664,0.027079179883003235,0.027079179883003235,1.160756399160432,1.160756399160432,0.6110324859619141,0.6110324859619141,2.701515078470269,2.701515078470269
llama32_1b_instruct,12,up_proj,0.2,dense,1,0.2046901136636734,0.24059177935123444,0.035901665687561035,0.035901665687561035,1.2198922350986503,1.2198922350986503,0.8358068466186523,0.8358068466186523,2.701515078470269,2.701515078470269
llama32_1b_instruct,13,down_proj,-0.2,dense,1,0.21026211977005005,0.17220257222652435,-0.038059547543525696,-0.038059547543525696,0.8261596791354678,0.8261596791354678,-0.6333155632019043,-0.6333155632019043,2.59824503634728,2.59824503634728
llama32_1b_instruct,13,down_proj,-0.15,dense,1,0.21026211977005005,0.18189473450183868,-0.028367385268211365,-0.028367385268211365,0.8665587100917016,0.8665587100917016,-0.48613834381103516,-0.48613834381103516,2.59824503634728,2.59824503634728
llama32_1b_instruct,13,down_proj,-0.1,dense,1,0.21026211977005005,0.19146783649921417,-0.018794283270835876,-0.018794283270835876,0.9089332364237211,0.9089332364237211,-0.33176422119140625,-0.33176422119140625,2.59824503634728,2.59824503634728
llama32_1b_instruct,13,down_proj,-0.05,dense,1,0.21026211977005005,0.20092321932315826,-0.009338900446891785,-0.009338900446891785,0.9533799845002211,0.9533799845002211,-0.16984081268310547,-0.16984081268310547,2.59824503634728,2.59824503634728
llama32_1b_instruct,13,down_proj,0.0,dense,1,0.21026211977005005,0.21026211977005005,0.0,0.0,1.0,1.0,0.0,0.0,2.59824503634728,2.59824503634728
llama32_1b_instruct,13,down_proj,0.05,dense,1,0.21026211977005005,0.21948577463626862,0.009223654866218567,0.009223654866218567,1.0488997604615327,1.0488997604615327,0.1781461238861084,0.1781461238861084,2.59824503634728,2.59824503634728
llama32_1b_instruct,13,down_proj,0.1,dense,1,0.21026211977005005,0.22859545052051544,0.018333330750465393,0.018333330750465393,1.100190848062508,1.100190848062508,0.3650040626525879,0.3650040626525879,2.59824503634728,2.59824503634728
llama32_1b_instruct,13,down_proj,0.15,dense,1,0.21026211977005005,0.23759245872497559,0.027330338954925537,0.027330338954925537,1.1539899496198287,1.1539899496198287,0.5609989166259766,0.5609989166259766,2.59824503634728,2.59824503634728
llama32_1b_instruct,13,down_proj,0.2,dense,1,0.21026211977005005,0.24647794663906097,0.036215826869010925,0.036215826869010925,1.2104197728069064,1.2104197728069064,0.7665777206420898,0.7665777206420898,2.59824503634728,2.59824503634728
llama32_1b_instruct,13,up_proj,-0.2,dense,1,0.2055114209651947,0.1674550473690033,-0.038056373596191406,-0.038056373596191406,0.8007849890227686,0.8007849890227686,-0.8750138282775879,-0.8750138282775879,3.0368286402853744,3.0368286402853744
llama32_1b_instruct,13,up_proj,-0.15,dense,1,0.2055114209651947,0.17711187899112701,-0.028399541974067688,-0.028399541974067688,0.8465194365336027,0.8465194365336027,-0.6741340160369873,-0.6741340160369873,3.0368286402853744,3.0368286402853744
llama32_1b_instruct,13,up_proj,-0.1,dense,1,0.2055114209651947,0.18667346239089966,-0.018837958574295044,-0.018837958574295044,0.8948658821480786,0.8948658821480786,-0.46178150177001953,-0.46178150177001953,3.0368286402853744,3.0368286402853744
llama32_1b_instruct,13,up_proj,-0.05,dense,1,0.2055114209651947,0.1961398720741272,-0.009371548891067505,-0.009371548891067505,0.9459735441286007,0.9459735441286007,-0.23730087280273438,-0.23730087280273438,3.0368286402853744,3.0368286402853744
llama32_1b_instruct,13,up_proj,0.0,dense,1,0.2055114209651947,0.2055114209651947,0.0,0.0,1.0,1.0,0.0,0.0,3.0368286402853744,3.0368286402853744
llama32_1b_instruct,13,up_proj,0.05,dense,1,0.2055114209651947,0.21478824317455292,0.009276822209358215,0.009276822209358215,1.057112000763407,1.057112000763407,0.2508535385131836,0.2508535385131836,3.0368286402853744,3.0368286402853744
llama32_1b_instruct,13,up_proj,0.1,dense,1,0.2055114209651947,0.22397062182426453,0.018459200859069824,0.018459200859069824,1.117485742300875,1.117485742300875,0.5160336494445801,0.5160336494445801,3.0368286402853744,3.0368286402853744
llama32_1b_instruct,13,up_proj,0.15,dense,1,0.2055114209651947,0.2330588400363922,0.02754741907119751,0.02754741907119751,1.1813076253083292,1.1813076253083292,0.7963590621948242,0.7963590621948242,3.0368286402853744,3.0368286402853744
llama32_1b_instruct,13,up_proj,0.2,dense,1,0.2055114209651947,0.2420533001422882,0.036541879177093506,0.036541879177093506,1.248774472419265,1.248774472419265,1.0926942825317383,1.0926942825317383,3.0368286402853744,3.0368286402853744
llama32_1b_instruct,14,down_proj,-0.2,dense,1,0.20927082002162933,0.1707482933998108,-0.03852252662181854,-0.03852252662181854,0.8068838863649719,0.8068838863649719,-0.7804126739501953,-0.7804126739501953,2.923780733401354,2.923780733401354
llama32_1b_instruct,14,down_proj,-0.15,dense,1,0.20927082002162933,0.18053698539733887,-0.028733834624290466,-0.028733834624290466,0.8513503133126181,0.8513503133126181,-0.6007168292999268,-0.6007168292999268,2.923780733401354,2.923780733401354
llama32_1b_instruct,14,down_proj,-0.1,dense,1,0.20927082002162933,0.19022026658058167,-0.01905055344104767,-0.01905055344104767,0.8982671462934998,0.8982671462934998,-0.4111185073852539,-0.4111185073852539,2.923780733401354,2.923780733401354
llama32_1b_instruct,14,down_proj,-0.05,dense,1,0.20927082002162933,0.19979816675186157,-0.009472653269767761,-0.009472653269767761,0.9477696077910805,0.9477696077910805,-0.21107125282287598,-0.21107125282287598,2.923780733401354,2.923780733401354
llama32_1b_instruct,14,down_proj,0.0,dense,1,0.20927082002162933,0.20927082002162933,0.0,0.0,1.0,1.0,0.0,0.0,2.923780733401354,2.923780733401354
llama32_1b_instruct,14,down_proj,0.05,dense,1,0.20927082002162933,0.2186383455991745,0.009367525577545166,0.009367525577545166,1.0551087077851573,1.0551087077851573,0.2227029800415039,0.2227029800415039,2.923780733401354,2.923780733401354
llama32_1b_instruct,14,down_proj,0.1,dense,1,0.20927082002162933,0.22790095210075378,0.01863013207912445,0.01863013207912445,1.1132546116648625,1.1132546116648625,0.45767974853515625,0.45767974853515625,2.923780733401354,2.923780733401354
llama32_1b_instruct,14,down_proj,0.15,dense,1,0.20927082002162933,0.2370588183403015,0.02778799831867218,0.02778799831867218,1.1746046748276857,1.1746046748276857,0.7056050300598145,0.7056050300598145,2.923780733401354,2.923780733401354
llama32_1b_instruct,14,down_proj,0.2,dense,1,0.20927082002162933,0.24611225724220276,0.036841437220573425,0.036841437220573425,1.239335772057843,1.239335772057843,0.967193603515625,0.967193603515625,2.923780733401354,2.923780733401354
llama32_1b_instruct,14,up_proj,-0.2,dense,1,0.21684832870960236,0.1761225014925003,-0.04072582721710205,-0.04072582721710205,0.7421979635629933,0.7421979635629933,-1.6284313201904297,-1.6284313201904297,4.4401845073923125,4.4401845073923125
llama32_1b_instruct,14,up_proj,-0.15,dense,1,0.21684832870960236,0.18643511831760406,-0.03041321039199829,-0.03041321039199829,0.799631339105065,0.799631339105065,-1.2656478881835938,-1.2656478881835938,4.4401845073923125,4.4401845073923125
llama32_1b_instruct,14,up_proj,-0.1,dense,1,0.21684832870960236,0.19666065275669098,-0.020187675952911377,-0.020187675952911377,0.8615091634532012,0.8615091634532012,-0.8747906684875488,-0.8747906684875488,4.4401845073923125,4.4401845073923125
llama32_1b_instruct,14,up_proj,-0.05,dense,1,0.21684832870960236,0.20679856836795807,-0.010049760341644287,-0.010049760341644287,0.9281751406484041,0.9281751406484041,-0.4536886215209961,-0.4536886215209961,4.4401845073923125,4.4401845073923125
llama32_1b_instruct,14,up_proj,0.0,dense,1,0.21684832870960236,0.21684832870960236,0.0,0.0,0.9999999245104236,0.9999999245104236,-4.76837158203125e-07,-4.76837158203125e-07,4.4401845073923125,4.4401845073923125
llama32_1b_instruct,14,up_proj,0.05,dense,1,0.21684832870960236,0.22680959105491638,0.009961262345314026,0.009961262345314026,1.0773827794084365,1.0773827794084365,0.48879575729370117,0.48879575729370117,4.4401845073923125,4.4401845073923125
llama32_1b_instruct,14,up_proj,0.1,dense,1,0.21684832870960236,0.23668192327022552,0.01983359456062317,0.01983359456062317,1.160753693969183,1.160753693969183,1.015416145324707,1.015416145324707,4.4401845073923125,4.4401845073923125
llama32_1b_instruct,14,up_proj,0.15,dense,1,0.21684832870960236,0.24646508693695068,0.029616758227348328,0.029616758227348328,1.2505761741912915,1.2505761741912915,1.5827884674072266,1.5827884674072266,4.4401845073923125,4.4401845073923125
llama32_1b_instruct,14,up_proj,0.2,dense,1,0.21684832870960236,0.25615885853767395,0.039310529828071594,0.039310529828071594,1.3473491306846859,1.3473491306846859,2.194064140319824,2.194064140319824,4.4401845073923125,4.4401845073923125
llama32_1b_instruct,15,down_proj,-0.2,dense,1,0.19707109034061432,0.15940965712070465,-0.03766143321990967,-0.03766143321990967,0.8049631981649064,0.8049631981649064,-0.8131351470947266,-0.8131351470947266,2.9588288155820415,2.9588288155820415
llama32_1b_instruct,15,down_proj,-0.15,dense,1,0.19707109034061432,0.1689234972000122,-0.028147593140602112,-0.028147593140602112,0.8498299958116567,0.8498299958116567,-0.6260793209075928,-0.6260793209075928,2.9588288155820415,2.9588288155820415
llama32_1b_instruct,15,down_proj,-0.1,dense,1,0.19707109034061432,0.17837274074554443,-0.018698349595069885,-0.018698349595069885,0.8971974471007218,0.8971974471007218,-0.42859792709350586,-0.42859792709350586,2.9588288155820415,2.9588288155820415
llama32_1b_instruct,15,down_proj,-0.05,dense,1,0.19707109034061432,0.1877557933330536,-0.00931529700756073,-0.00931529700756073,0.9472051444109179,0.9472051444109179,-0.2201089859008789,-0.2201089859008789,2.9588288155820415,2.9588288155820415
llama32_1b_instruct,15,down_proj,0.0,dense,1,0.19707109034061432,0.19707109034061432,0.0,0.0,1.0,1.0,0.0,0.0,2.9588288155820415,2.9588288155820415
llama32_1b_instruct,15,down_proj,0.05,dense,1,0.19707109034061432,0.20631715655326843,0.009246066212654114,0.009246066212654114,1.055737561295408,1.055737561295408,0.2323775291442871,0.2323775291442871,2.9588288155820415,2.9588288155820415
llama32_1b_instruct,15,down_proj,0.1,dense,1,0.19707109034061432,0.21549265086650848,0.018421560525894165,0.018421560525894165,1.114581953707713,1.114581953707713,0.4777078628540039,0.4777078628540039,2.9588288155820415,2.9588288155820415
llama32_1b_instruct,15,down_proj,0.15,dense,1,0.19707109034061432,0.22459618747234344,0.027525097131729126,0.027525097131729126,1.1767061093768336,1.1767061093768336,0.7367119789123535,0.7367119789123535,2.9588288155820415,2.9588288155820415
llama32_1b_instruct,15,down_proj,0.2,dense,1,0.19707109034061432,0.2336265742778778,0.03655548393726349,0.03655548393726349,1.2422929109031198,1.2422929109031198,1.0101523399353027,1.0101523399353027,2.9588288155820415,2.9588288155820415
llama32_1b_instruct,15,up_proj,-0.2,dense,1,0.22239910066127777,0.17801053822040558,-0.04438856244087219,-0.04438856244087219,0.6456749536105736,0.6456749536105736,-4.78172492980957,-4.78172492980957,8.911077847893617,8.911077847893617
llama32_1b_instruct,15,up_proj,-0.15,dense,1,0.22239910066127777,0.18911556899547577,-0.033283531665802,-0.033283531665802,0.7202951143443357,0.7202951143443357,-3.774703025817871,-3.774703025817871,8.911077847893617,8.911077847893617
llama32_1b_instruct,15,up_proj,-0.1,dense,1,0.22239910066127777,0.20021510124206543,-0.02218399941921234,-0.02218399941921234,0.8035389948903437,0.8035389948903437,-2.651301383972168,-2.651301383972168,8.911077847893617,8.911077847893617
llama32_1b_instruct,15,up_proj,-0.05,dense,1,0.22239910066127777,0.21130943298339844,-0.011089667677879333,-0.011089667677879333,0.8964033548787939,0.8964033548787939,-1.3980684280395508,-1.3980684280395508,8.911077847893617,8.911077847893617
llama32_1b_instruct,15,up_proj,0.0,dense,1,0.22239910066127777,0.22239910066127777,0.0,0.0,1.0,1.0,0.0,0.0,8.911077847893617,8.911077847893617
llama32_1b_instruct,15,up_proj,0.05,dense,1,0.22239910066127777,0.23348480463027954,0.01108570396900177,0.01108570396900177,1.1155691380887685,1.1155691380887685,1.559640884399414,1.559640884399414,8.911077847893617,8.911077847893617
llama32_1b_instruct,15,up_proj,0.1,dense,1,0.22239910066127777,0.24456751346588135,0.022168412804603577,0.022168412804603577,1.2444945018865998,1.2444945018865998,3.299528121948242,3.299528121948242,8.911077847893617,8.911077847893617
llama32_1b_instruct,15,up_proj,0.15,dense,1,0.22239910066127777,0.2556483745574951,0.033249273896217346,0.033249273896217346,1.3883197438119281,1.3883197438119281,5.2404937744140625,5.2404937744140625,8.911077847893617,8.911077847893617
llama32_1b_instruct,15,up_proj,0.2,dense,1,0.22239910066127777,0.2667287290096283,0.044329628348350525,0.044329628348350525,1.5487667387424109,1.5487667387424109,7.40577507019043,7.40577507019043,8.911077847893617,8.911077847893617
llama32_3b_instruct,0,down_proj,-0.2,dense,1,0.20000885426998138,0.1617496907711029,-0.03825916349887848,-0.03825916349887848,0.7477917230010767,0.7477917230010767,-1.509298324584961,-1.509298324584961,4.276582569153182,4.276582569153182
llama32_3b_instruct,0,down_proj,-0.15,dense,1,0.20000885426998138,0.17140482366085052,-0.02860403060913086,-0.02860403060913086,0.8041470093838625,0.8041470093838625,-1.1720495223999023,-1.1720495223999023,4.276582569153182,4.276582569153182
llama32_3b_instruct,0,down_proj,-0.1,dense,1,0.20000885426998138,0.181000217795372,-0.019008636474609375,-0.019008636474609375,0.8647494481299526,0.8647494481299526,-0.8093843460083008,-0.8093843460083008,4.276582569153182,4.276582569153182
llama32_3b_instruct,0,down_proj,-0.05,dense,1,0.20000885426998138,0.19053509831428528,-0.009473755955696106,-0.009473755955696106,0.9299190378114648,0.9299190378114648,-0.4193878173828125,-0.4193878173828125,4.276582569153182,4.276582569153182
llama32_3b_instruct,0,down_proj,0.0,dense,1,0.20000885426998138,0.20000885426998138,0.0,0.0,1.0,1.0,0.0,0.0,4.276582569153182,4.276582569153182
llama32_3b_instruct,0,down_proj,0.05,dense,1,0.20000885426998138,0.20942099392414093,0.009412139654159546,0.009412139654159546,1.0753623728850294,1.0753623728850294,0.45099353790283203,0.45099353790283203,4.276582569153182,4.276582569153182
llama32_3b_instruct,0,down_proj,0.1,dense,1,0.20000885426998138,0.2187710404396057,0.01876218616962433,0.01876218616962433,1.1564042423396357,1.1564042423396357,0.9359750747680664,0.9359750747680664,4.276582569153182,4.276582569153182
llama32_3b_instruct,0,down_proj,0.15,dense,1,0.20000885426998138,0.22805865108966827,0.02804979681968689,0.02804979681968689,1.2435535745816593,1.2435535745816593,1.457505702972412,1.457505702972412,4.276582569153182,4.276582569153182
llama32_3b_instruct,0,down_proj,0.2,dense,1,0.20000885426998138,0.23728333413600922,0.03727447986602783,0.03727447986602783,1.337271005005874,1.337271005005874,2.0183420181274414,2.0183420181274414,4.276582569153182,4.276582569153182
llama32_3b_instruct,0,up_proj,-0.2,dense,1,0.20782619714736938,0.16833671927452087,-0.03948947787284851,-0.03948947787284851,0.7534582830965935,0.7534582830965935,-1.4198708534240723,-1.4198708534240723,4.11816674655299,4.11816674655299
llama32_3b_instruct,0,up_proj,-0.15,dense,1,0.20782619714736938,0.17831967771053314,-0.029506519436836243,-0.029506519436836243,0.8087129839886589,0.8087129839886589,-1.1016507148742676,-1.1016507148742676,4.11816674655299,4.11816674655299
llama32_3b_instruct,0,up_proj,-0.1,dense,1,0.20782619714736938,0.18822963535785675,-0.019596561789512634,-0.019596561789512634,0.8680198254419219,0.8680198254419219,-0.7600936889648438,-0.7600936889648438,4.11816674655299,4.11816674655299
llama32_3b_instruct,0,up_proj,-0.05,dense,1,0.20782619714736938,0.19806553423404694,-0.009760662913322449,-0.009760662913322449,0.9316757982860143,0.9316757982860143,-0.39348936080932617,-0.39348936080932617,4.11816674655299,4.11816674655299
llama32_3b_instruct,0,up_proj,0.0,dense,1,0.20782619714736938,0.20782619714736938,0.0,0.0,1.0,1.0,0.0,0.0,4.11816674655299,4.11816674655299
llama32_3b_instruct,0,up_proj,0.05,dense,1,0.20782619714736938,0.21751059591770172,0.009684398770332336,0.009684398770332336,1.0733347938625317,1.0733347938625317,0.4223461151123047,0.4223461151123047,4.11816674655299,4.11816674655299
llama32_3b_instruct,0,up_proj,0.1,dense,1,0.20782619714736938,0.2271178811788559,0.01929168403148651,0.01929168403148651,1.152047464880648,1.152047464880648,0.875664234161377,0.875664234161377,4.11816674655299,4.11816674655299
llama32_3b_instruct,0,up_proj,0.15,dense,1,0.20782619714736938,0.23664715886116028,0.028820961713790894,0.028820961713790894,1.2365327036829679,1.2365327036829679,1.362227439880371,1.362227439880371,4.11816674655299,4.11816674655299
llama32_3b_instruct,0,up_proj,0.2,dense,1,0.20782619714736938,0.24609774351119995,0.038271546363830566,0.038271546363830566,1.3272135172805277,1.3272135172805277,1.8844718933105469,1.8844718933105469,4.11816674655299,4.11816674655299
llama32_3b_instruct,1,down_proj,-0.2,dense,1,0.19825851917266846,0.16136901080608368,-0.03688950836658478,-0.03688950836658478,0.7600637681652753,0.7600637681652753,-1.3309822082519531,-1.3309822082519531,3.9423005937905513,3.9423005937905513
llama32_3b_instruct,1,down_proj,-0.15,dense,1,0.19825851917266846,0.1707221269607544,-0.027536392211914062,-0.027536392211914062,0.8140246468119227,0.8140246468119227,-1.0316486358642578,-1.0316486358642578,3.9423005937905513,3.9423005937905513
llama32_3b_instruct,1,down_proj,-0.1,dense,1,0.19825851917266846,0.17998798191547394,-0.01827053725719452,-0.01827053725719452,0.871816308761564,0.871816308761564,-0.7110648155212402,-0.7110648155212402,3.9423005937905513,3.9423005937905513
llama32_3b_instruct,1,down_proj,-0.05,dense,1,0.19825851917266846,0.18916675448417664,-0.009091764688491821,-0.009091764688491821,0.9337110735812112,0.9337110735812112,-0.3677201271057129,-0.3677201271057129,3.9423005937905513,3.9423005937905513
llama32_3b_instruct,1,down_proj,0.0,dense,1,0.19825851917266846,0.19825856387615204,4.470348358154297e-08,4.470348358154297e-08,1.0,1.0,0.0,0.0,3.9423005937905513,3.9423005937905513
llama32_3b_instruct,1,down_proj,0.05,dense,1,0.19825851917266846,0.20726367831230164,0.009005159139633179,0.009005159139633179,1.0709951208551316,1.0709951208551316,0.3938264846801758,0.3938264846801758,3.9423005937905513,3.9423005937905513
llama32_3b_instruct,1,down_proj,0.1,dense,1,0.19825851917266846,0.2161823958158493,0.017923876643180847,0.017923876643180847,1.1470306465243023,1.1470306465243023,0.8156132698059082,0.8156132698059082,3.9423005937905513,3.9423005937905513
llama32_3b_instruct,1,down_proj,0.15,dense,1,0.19825851917266846,0.2250150442123413,0.02675652503967285,0.02675652503967285,1.2284640823986746,1.2284640823986746,1.267343521118164,1.267343521118164,3.9423005937905513,3.9423005937905513
llama32_3b_instruct,1,down_proj,0.2,dense,1,0.19825851917266846,0.2337619960308075,0.03550347685813904,0.03550347685813904,1.3156790655450332,1.3156790655450332,1.751145362854004,1.751145362854004,3.9423005937905513,3.9423005937905513
llama32_3b_instruct,1,up_proj,-0.2,dense,1,0.21498696506023407,0.17448964715003967,-0.0404973179101944,-0.0404973179101944,0.7975814349740674,0.7975814349740674,-0.8703310489654541,-0.8703310489654541,3.098310789190322,3.098310789190322
llama32_3b_instruct,1,up_proj,-0.15,dense,1,0.21498696506023407,0.18474377691745758,-0.03024318814277649,-0.03024318814277649,0.8439783072961519,0.8439783072961519,-0.6708402633666992,-0.6708402633666992,3.098310789190322,3.098310789190322
llama32_3b_instruct,1,up_proj,-0.1,dense,1,0.21498696506023407,0.19491209089756012,-0.02007487416267395,-0.02007487416267395,0.8930741248708972,0.8930741248708972,-0.459744930267334,-0.459744930267334,3.098310789190322,3.098310789190322
llama32_3b_instruct,1,up_proj,-0.05,dense,1,0.21498696506023407,0.20499353110790253,-0.009993433952331543,-0.009993433952331543,0.9450259791432688,0.9450259791432688,-0.23636960983276367,-0.23636960983276367,3.098310789190322,3.098310789190322
llama32_3b_instruct,1,up_proj,0.0,dense,1,0.21498696506023407,0.21498696506023407,0.0,0.0,1.0,1.0,0.0,0.0,3.098310789190322,3.098310789190322
llama32_3b_instruct,1,up_proj,0.05,dense,1,0.21498696506023407,0.2248915433883667,0.00990457832813263,0.00990457832813263,1.0581719657257853,1.0581719657257853,0.250119686126709,0.250119686126709,3.098310789190322,3.098310789190322
llama32_3b_instruct,1,up_proj,0.1,dense,1,0.21498696506023407,0.23470623791217804,0.01971927285194397,0.01971927285194397,1.119727968410036,1.119727968410036,0.5147895812988281,0.5147895812988281,3.098310789190322,3.098310789190322
llama32_3b_instruct,1,up_proj,0.15,dense,1,0.21498696506023407,0.2444303035736084,0.02944333851337433,0.02944333851337433,1.1848646357491333,1.1848646357491333,0.7948551177978516,0.7948551177978516,3.098310789190322,3.098310789190322
llama32_3b_instruct,1,up_proj,0.2,dense,1,0.21498696506023407,0.2540629506111145,0.03907598555088043,0.03907598555088043,1.2537905727610643,1.2537905727610643,1.0912132263183594,1.0912132263183594,3.098310789190322,3.098310789190322
llama32_3b_instruct,2,down_proj,-0.2,dense,1,0.21624742448329926,0.17536723613739014,-0.04088018834590912,-0.04088018834590912,0.756365475503775,0.756365475503775,-1.3568391799926758,-1.3568391799926758,4.039628538226827,4.039628538226827
llama32_3b_instruct,2,down_proj,-0.15,dense,1,0.21624742448329926,0.1857105791568756,-0.030536845326423645,-0.030536845326423645,0.8110521534079189,0.8110521534079189,-1.0522804260253906,-1.0522804260253906,4.039628538226827,4.039628538226827
llama32_3b_instruct,2,down_proj,-0.1,dense,1,0.21624742448329926,0.19597238302230835,-0.020275041460990906,-0.020275041460990906,0.8696927257469602,0.8696927257469602,-0.7257018089294434,-0.7257018089294434,4.039628538226827,4.039628538226827
llama32_3b_instruct,2,down_proj,-0.05,dense,1,0.21624742448329926,0.20615160465240479,-0.01009581983089447,-0.01009581983089447,0.932573166825508,0.932573166825508,-0.37551069259643555,-0.37551069259643555,4.039628538226827,4.039628538226827
llama32_3b_instruct,2,down_proj,0.0,dense,1,0.21624742448329926,0.21624742448329926,0.0,0.0,1.0,1.0,0.0,0.0,4.039628538226827,4.039628538226827
llama32_3b_instruct,2,down_proj,0.05,dense,1,0.21624742448329926,0.22625906765460968,0.010011643171310425,0.010011643171310425,1.0723019244786385,1.0723019244786385,0.4026608467102051,0.4026608467102051,4.039628538226827,4.039628538226827
llama32_3b_instruct,2,down_proj,0.1,dense,1,0.21624742448329926,0.23618589341640472,0.01993846893310547,0.01993846893310547,1.1498313565002773,1.1498313565002773,0.8344345092773438,0.8344345092773438,4.039628538226827,4.039628538226827
llama32_3b_instruct,2,down_proj,0.15,dense,1,0.21624742448329926,0.24602721631526947,0.029779791831970215,0.029779791831970215,1.2329663986185557,1.2329663986185557,1.297426700592041,1.297426700592041,4.039628538226827,4.039628538226827
llama32_3b_instruct,2,down_proj,0.2,dense,1,0.21624742448329926,0.2557826340198517,0.03953520953655243,0.03953520953655243,1.3221122096386868,1.3221122096386868,1.793893814086914,1.793893814086914,4.039628538226827,4.039628538226827
llama32_3b_instruct,2,up_proj,-0.2,dense,1,0.2064853012561798,0.16836069524288177,-0.038124606013298035,-0.038124606013298035,0.8193160629355062,0.8193160629355062,-0.6796004772186279,-0.6796004772186279,2.708586392216746,2.708586392216746
llama32_3b_instruct,2,up_proj,-0.15,dense,1,0.2064853012561798,0.1780463457107544,-0.028438955545425415,-0.028438955545425415,0.8611694067962923,0.8611694067962923,-0.5221788883209229,-0.5221788883209229,2.708586392216746,2.708586392216746
llama32_3b_instruct,2,up_proj,-0.1,dense,1,0.2064853012561798,0.18762923777103424,-0.01885606348514557,-0.01885606348514557,0.9051608225612034,0.9051608225612034,-0.35671544075012207,-0.35671544075012207,2.708586392216746,2.708586392216746
llama32_3b_instruct,2,up_proj,-0.05,dense,1,0.2064853012561798,0.19710901379585266,-0.009376287460327148,-0.009376287460327148,0.9513993373181466,0.9513993373181466,-0.1828000545501709,-0.1828000545501709,2.708586392216746,2.708586392216746
llama32_3b_instruct,2,up_proj,0.0,dense,1,0.2064853012561798,0.2064853012561798,0.0,0.0,1.0,1.0,0.0,0.0,2.708586392216746,2.708586392216746
llama32_3b_instruct,2,up_proj,0.05,dense,1,0.2064853012561798,0.21575796604156494,0.009272664785385132,0.009272664785385132,1.0510833108940374,1.0510833108940374,0.1921379566192627,0.1921379566192627,2.708586392216746,2.708586392216746
llama32_3b_instruct,2,up_proj,0.1,dense,1,0.2064853012561798,0.2249269038438797,0.01844160258769989,0.01844160258769989,1.104776045683871,1.104776045683871,0.3940906524658203,0.3940906524658203,2.708586392216746,2.708586392216746
llama32_3b_instruct,2,up_proj,0.15,dense,1,0.2064853012561798,0.2339920550584793,0.0275067538022995,0.0275067538022995,1.1612116357765037,1.1612116357765037,0.6063599586486816,0.6063599586486816,2.708586392216746,2.708586392216746
llama32_3b_instruct,2,up_proj,0.2,dense,1,0.2064853012561798,0.2429533451795578,0.03646804392337799,0.03646804392337799,1.2205302316901683,1.2205302316901683,0.8294730186462402,0.8294730186462402,2.708586392216746,2.708586392216746
llama32_3b_instruct,3,down_proj,-0.2,dense,1,0.2250060737133026,0.18323469161987305,-0.041771382093429565,-0.041771382093429565,0.7712853990707949,0.7712853990707949,-1.1129841804504395,-1.1129841804504395,3.663738419536359,3.663738419536359
llama32_3b_instruct,3,down_proj,-0.15,dense,1,0.2250060737133026,0.19383828341960907,-0.031167790293693542,-0.031167790293693542,0.8230218430024766,0.8230218430024766,-0.8612213134765625,-0.8612213134765625,3.663738419536359,3.663738419536359
llama32_3b_instruct,3,down_proj,-0.1,dense,1,0.2250060737133026,0.2043350487947464,-0.020671024918556213,-0.020671024918556213,0.8782286466949174,0.8782286466949174,-0.5925707817077637,-0.5925707817077637,3.663738419536359,3.663738419536359
llama32_3b_instruct,3,down_proj,-0.05,dense,1,0.2250060737133026,0.21472448110580444,-0.010281592607498169,-0.010281592607498169,0.9371384347830859,0.9371384347830859,-0.30590057373046875,-0.30590057373046875,3.663738419536359,3.663738419536359
llama32_3b_instruct,3,down_proj,0.0,dense,1,0.2250060737133026,0.2250060737133026,0.0,0.0,1.0,1.0,0.0,0.0,3.663738419536359,3.663738419536359
llama32_3b_instruct,3,down_proj,0.05,dense,1,0.2250060737133026,0.23517945408821106,0.010173380374908447,0.010173380374908447,1.0670782051882546,1.0670782051882546,0.3264198303222656,0.3264198303222656,3.663738419536359,3.663738419536359
llama32_3b_instruct,3,down_proj,0.1,dense,1,0.2250060737133026,0.2452443391084671,0.02023826539516449,0.02023826539516449,1.138655747092535,1.138655747092535,0.6747345924377441,0.6747345924377441,3.663738419536359,3.663738419536359
llama32_3b_instruct,3,down_proj,0.15,dense,1,0.2250060737133026,0.25520059466362,0.030194520950317383,0.030194520950317383,1.2150347241751869,1.2150347241751869,1.0464143753051758,1.0464143753051758,3.663738419536359,3.663738419536359
llama32_3b_instruct,3,down_proj,0.2,dense,1,0.2250060737133026,0.265048086643219,0.04004201292991638,0.04004201292991638,1.2965370285701072,1.2965370285701072,1.4430255889892578,1.4430255889892578,3.663738419536359,3.663738419536359
llama32_3b_instruct,3,up_proj,-0.2,dense,1,0.19924473762512207,0.16225264966487885,-0.036992087960243225,-0.036992087960243225,0.8266852609910439,0.8266852609910439,-0.6206924915313721,-0.6206924915313721,2.589996120455545,2.589996120455545
llama32_3b_instruct,3,up_proj,-0.15,dense,1,0.19924473762512207,0.17164072394371033,-0.027604013681411743,-0.027604013681411743,0.8669721353424134,0.8669721353424134,-0.4764130115509033,-0.4764130115509033,2.589996120455545,2.589996120455545
llama32_3b_instruct,3,up_proj,-0.1,dense,1,0.19924473762512207,0.18093571066856384,-0.018309026956558228,-0.018309026956558228,0.9092223850083659,0.9092223850083659,-0.3251020908355713,-0.3251020908355713,2.589996120455545,2.589996120455545
llama32_3b_instruct,3,up_proj,-0.05,dense,1,0.19924473762512207,0.1901371330022812,-0.009107604622840881,-0.009107604622840881,0.9535314758847755,0.9535314758847755,-0.16641783714294434,-0.16641783714294434,2.589996120455545,2.589996120455545
llama32_3b_instruct,3,up_proj,0.0,dense,1,0.19924473762512207,0.19924473762512207,0.0,0.0,1.0,1.0,0.0,0.0,2.589996120455545,2.589996120455545
llama32_3b_instruct,3,up_proj,0.05,dense,1,0.19924473762512207,0.20825810730457306,0.009013369679450989,0.009013369679450989,1.0487331429296887,1.0487331429296887,0.1745281219482422,0.1745281219482422,2.589996120455545,2.589996120455545
llama32_3b_instruct,3,up_proj,0.1,dense,1,0.19924473762512207,0.2171771079301834,0.01793237030506134,0.01793237030506134,1.099841016662527,1.099841016662527,0.3575608730316162,0.3575608730316162,2.589996120455545,2.589996120455545
llama32_3b_instruct,3,up_proj,0.15,dense,1,0.19924473762512207,0.22600151598453522,0.026756778359413147,0.026756778359413147,1.1534397247706238,1.1534397247706238,0.5495140552520752,0.5495140552520752,2.589996120455545,2.589996120455545
llama32_3b_instruct,3,up_proj,0.2,dense,1,0.19924473762512207,0.2347312569618225,0.03548651933670044,0.03548651933670044,1.2096502306659758,1.2096502306659758,0.7508208751678467,0.7508208751678467,2.589996120455545,2.589996120455545
llama32_3b_instruct,4,down_proj,-0.2,dense,1,0.22122399508953094,0.1805211305618286,-0.04070286452770233,-0.04070286452770233,0.7564609652531197,0.7564609652531197,-1.2841017246246338,-1.2841017246246338,4.037081311653828,4.037081311653828
llama32_3b_instruct,4,down_proj,-0.15,dense,1,0.22122399508953094,0.19086435437202454,-0.03035964071750641,-0.03035964071750641,0.8111288555732317,0.8111288555732317,-0.9958558082580566,-0.9958558082580566,4.037081311653828,4.037081311653828
llama32_3b_instruct,4,down_proj,-0.1,dense,1,0.22122399508953094,0.20109567046165466,-0.020128324627876282,-0.020128324627876282,0.8697475590763527,0.8697475590763527,-0.6867785453796387,-0.6867785453796387,4.037081311653828,4.037081311653828
llama32_3b_instruct,4,down_proj,-0.05,dense,1,0.22122399508953094,0.21121546626091003,-0.01000852882862091,-0.01000852882862091,0.9326026260497647,0.9326026260497647,-0.3553643226623535,-0.3553643226623535,4.037081311653828,4.037081311653828
llama32_3b_instruct,4,down_proj,0.0,dense,1,0.22122399508953094,0.22122399508953094,0.0,0.0,1.0,1.0,0.0,0.0,4.037081311653828,4.037081311653828
llama32_3b_instruct,4,down_proj,0.05,dense,1,0.22122399508953094,0.2311217486858368,0.009897753596305847,0.009897753596305847,1.0722680524529877,1.0722680524529877,0.3810458183288574,0.3810458183288574,4.037081311653828,4.037081311653828
llama32_3b_instruct,4,down_proj,0.1,dense,1,0.22122399508953094,0.2409093677997589,0.019685372710227966,0.019685372710227966,1.1497588490519233,1.1497588490519233,0.7896294593811035,0.7896294593811035,4.037081311653828,4.037081311653828
llama32_3b_instruct,4,down_proj,0.15,dense,1,0.22122399508953094,0.25058749318122864,0.029363498091697693,0.029363498091697693,1.2328496869618237,1.2328496869618237,1.2277402877807617,1.2277402877807617,4.037081311653828,4.037081311653828
llama32_3b_instruct,4,down_proj,0.2,dense,1,0.22122399508953094,0.26015663146972656,0.03893263638019562,0.03893263638019562,1.3219452653230173,1.3219452653230173,1.697512149810791,1.697512149810791,4.037081311653828,4.037081311653828
llama32_3b_instruct,4,up_proj,-0.2,dense,1,0.19468991458415985,0.15846982598304749,-0.036220088601112366,-0.036220088601112366,0.8255550300579281,0.8255550300579281,-0.6205029487609863,-0.6205029487609863,2.6077732456815377,2.6077732456815377
llama32_3b_instruct,4,up_proj,-0.15,dense,1,0.19468991458415985,0.16765980422496796,-0.027030110359191895,-0.027030110359191895,0.8660830291613648,0.8660830291613648,-0.47634434700012207,-0.47634434700012207,2.6077732456815377,2.6077732456815377
llama32_3b_instruct,4,up_proj,-0.1,dense,1,0.19468991458415985,0.17676015198230743,-0.017929762601852417,-0.017929762601852417,0.908600613223558,0.908600613223558,-0.32510876655578613,-0.32510876655578613,2.6077732456815377,2.6077732456815377
llama32_3b_instruct,4,up_proj,-0.05,dense,1,0.19468991458415985,0.18577033281326294,-0.008919581770896912,-0.008919581770896912,0.9532053746610406,0.9532053746610406,-0.16644906997680664,-0.16644906997680664,2.6077732456815377,2.6077732456815377
llama32_3b_instruct,4,up_proj,0.0,dense,1,0.19468991458415985,0.19468991458415985,0.0,0.0,1.0,1.0,0.0,0.0,2.6077732456815377,2.6077732456815377
llama32_3b_instruct,4,up_proj,0.05,dense,1,0.19468991458415985,0.20351848006248474,0.00882856547832489,0.00882856547832489,1.0490918677097258,1.0490918677097258,0.1746203899383545,0.1746203899383545,2.6077732456815377,2.6077732456815377
llama32_3b_instruct,4,up_proj,0.1,dense,1,0.19468991458415985,0.21225567162036896,0.017565757036209106,0.017565757036209106,1.1005935844246792,1.1005935844246792,0.35781264305114746,0.35781264305114746,2.6077732456815377,2.6077732456815377
llama32_3b_instruct,4,up_proj,0.15,dense,1,0.19468991458415985,0.22090131044387817,0.026211395859718323,0.026211395859718323,1.154623655222079,1.154623655222079,0.5499982833862305,0.5499982833862305,2.6077732456815377,2.6077732456815377
llama32_3b_instruct,4,up_proj,0.2,dense,1,0.19468991458415985,0.22945524752140045,0.0347653329372406,0.0347653329372406,1.211306349566384,1.211306349566384,0.7516193389892578,0.7516193389892578,2.6077732456815377,2.6077732456815377
llama32_3b_instruct,5,down_proj,-0.2,dense,1,0.22530163824558258,0.18370337784290314,-0.04159826040267944,-0.04159826040267944,0.7626514895796176,0.7626514895796176,-1.2046945095062256,-1.2046945095062256,3.8758720082903713,3.8758720082903713
llama32_3b_instruct,5,down_proj,-0.15,dense,1,0.22530163824558258,0.1942671537399292,-0.03103448450565338,-0.03103448450565338,0.8161022827165398,0.8161022827165398,-0.9333977699279785,-0.9333977699279785,3.8758720082903713,3.8758720082903713
llama32_3b_instruct,5,down_proj,-0.1,dense,1,0.22530163824558258,0.2047213464975357,-0.020580291748046875,-0.020580291748046875,0.8732992314535212,0.8732992314535212,-0.6430869102478027,-0.6430869102478027,3.8758720082903713,3.8758720082903713
llama32_3b_instruct,5,down_proj,-0.05,dense,1,0.22530163824558258,0.2150660902261734,-0.01023554801940918,-0.01023554801940918,0.9345047747736153,0.9345047747736153,-0.3324298858642578,-0.3324298858642578,3.8758720082903713,3.8758720082903713
llama32_3b_instruct,5,down_proj,0.0,dense,1,0.22530163824558258,0.22530163824558258,0.0,0.0,1.0,1.0,0.0,0.0,3.8758720082903713,3.8758720082903713
llama32_3b_instruct,5,down_proj,0.05,dense,1,0.22530163824558258,0.23542822897434235,0.010126590728759766,0.010126590728759766,1.0700855352858067,1.0700855352858067,0.3557286262512207,0.3557286262512207,3.8758720082903713,3.8758720082903713
llama32_3b_instruct,5,down_proj,0.1,dense,1,0.22530163824558258,0.24544629454612732,0.02014465630054474,0.02014465630054474,1.145082958808588,1.145082958808588,0.7363882064819336,0.7363882064819336,3.8758720082903713,3.8758720082903713
llama32_3b_instruct,5,down_proj,0.15,dense,1,0.22530163824558258,0.25535622239112854,0.03005458414554596,0.03005458414554596,1.225336677696275,1.225336677696275,1.1437268257141113,1.1437268257141113,3.8758720082903713,3.8758720082903713
llama32_3b_instruct,5,down_proj,0.2,dense,1,0.22530163824558258,0.26515835523605347,0.039856716990470886,0.039856716990470886,1.3112149614364539,1.3112149614364539,1.5796136856079102,1.5796136856079102,3.8758720082903713,3.8758720082903713
llama32_3b_instruct,5,up_proj,-0.2,dense,1,0.20116135478019714,0.16386570036411285,-0.03729565441608429,-0.03729565441608429,0.8152131754194352,0.8152131754194352,-0.7023179531097412,-0.7023179531097412,2.777436559150276,2.777436559150276
llama32_3b_instruct,5,up_proj,-0.15,dense,1,0.20116135478019714,0.17333586513996124,-0.0278254896402359,-0.0278254896402359,0.8579330706648615,0.8579330706648615,-0.5399527549743652,-0.5399527549743652,2.777436559150276,2.777436559150276
llama32_3b_instruct,5,up_proj,-0.1,dense,1,0.20116135478019714,0.18270890414714813,-0.01845245063304901,-0.01845245063304901,0.9028915592060126,0.9028915592060126,-0.3690793514251709,-0.3690793514251709,2.777436559150276,2.777436559150276
llama32_3b_instruct,5,up_proj,-0.05,dense,1,0.20116135478019714,0.19198420643806458,-0.009177148342132568,-0.009177148342132568,0.9502060721545178,0.9502060721545178,-0.18925142288208008,-0.18925142288208008,2.777436559150276,2.777436559150276
llama32_3b_instruct,5,up_proj,0.0,dense,1,0.20116135478019714,0.20116135478019714,0.0,0.0,1.0,1.0,0.0,0.0,2.777436559150276,2.777436559150276
llama32_3b_instruct,5,up_proj,0.05,dense,1,0.20116135478019714,0.21023987233638763,0.00907851755619049,0.00907851755619049,1.0524033199130232,1.0524033199130232,0.19916892051696777,0.19916892051696777,2.777436559150276,2.777436559150276
llama32_3b_instruct,5,up_proj,0.1,dense,1,0.20116135478019714,0.21921950578689575,0.01805815100669861,0.01805815100669861,1.107552783935976,1.107552783935976,0.40877509117126465,0.40877509117126465,2.777436559150276,2.777436559150276
llama32_3b_instruct,5,up_proj,0.15,dense,1,0.20116135478019714,0.2281000316143036,0.026938676834106445,0.026938676834106445,1.1655921071739557,1.1655921071739557,0.6293647289276123,0.6293647289276123,2.777436559150276,2.777436559150276
llama32_3b_instruct,5,up_proj,0.2,dense,1,0.20116135478019714,0.2368813157081604,0.03571996092796326,0.03571996092796326,1.2266730969400728,1.2266730969400728,0.8615148067474365,0.8615148067474365,2.777436559150276,2.777436559150276
llama32_3b_instruct,6,down_proj,-0.2,dense,1,0.22543761134147644,0.18371202051639557,-0.04172559082508087,-0.04172559082508087,0.7468555965127299,0.7468555965127299,-1.4230680465698242,-1.4230680465698242,4.303448152506885,4.303448152506885
llama32_3b_instruct,6,down_proj,-0.15,dense,1,0.22543761134147644,0.19429999589920044,-0.031137615442276,-0.031137615442276,0.8033920479785066,0.8033920479785066,-1.1052446365356445,-1.1052446365356445,4.303448152506885,4.303448152506885
llama32_3b_instruct,6,down_proj,-0.1,dense,1,0.22543761134147644,0.2047833353281021,-0.02065427601337433,-0.02065427601337433,0.8642081504729848,0.8642081504729848,-0.7633628845214844,-0.7633628845214844,4.303448152506885,4.303448152506885
llama32_3b_instruct,6,down_proj,-0.05,dense,1,0.22543761134147644,0.21516241133213043,-0.010275200009346008,-0.010275200009346008,0.92962792720403,0.92962792720403,-0.3956012725830078,-0.3956012725830078,4.303448152506885,4.303448152506885
llama32_3b_instruct,6,down_proj,0.0,dense,1,0.22543761134147644,0.22543761134147644,0.0,0.0,1.0,1.0,0.0,0.0,4.303448152506885,4.303448152506885
llama32_3b_instruct,6,down_proj,0.05,dense,1,0.22543761134147644,0.23560939729213715,0.010171785950660706,0.010171785950660706,1.0756992009435014,1.0756992009435014,0.42554807662963867,0.42554807662963867,4.303448152506885,4.303448152506885
llama32_3b_instruct,6,down_proj,0.1,dense,1,0.22543761134147644,0.2456781417131424,0.020240530371665955,0.020240530371665955,1.1571286081192922,1.1571286081192922,0.8833088874816895,0.8833088874816895,4.303448152506885,4.303448152506885
llama32_3b_instruct,6,down_proj,0.15,dense,1,0.22543761134147644,0.25564447045326233,0.03020685911178589,0.03020685911178589,1.2447223447676485,1.2447223447676485,1.375722885131836,1.375722885131836,4.303448152506885,4.303448152506885
llama32_3b_instruct,6,down_proj,0.2,dense,1,0.22543761134147644,0.26550883054733276,0.04007121920585632,0.04007121920585632,1.338946766803975,1.338946766803975,1.905411720275879,1.905411720275879,4.303448152506885,4.303448152506885
llama32_3b_instruct,6,up_proj,-0.2,dense,1,0.20362481474876404,0.16581320762634277,-0.037811607122421265,-0.037811607122421265,0.8097351209186371,0.8097351209186371,-0.7448818683624268,-0.7448818683624268,2.8726665229801607,2.8726665229801607
llama32_3b_instruct,6,up_proj,-0.15,dense,1,0.20362481474876404,0.17540964484214783,-0.02821516990661621,-0.02821516990661621,0.8536055379749823,0.8536055379749823,-0.5731303691864014,-0.5731303691864014,2.8726665229801607,2.8726665229801607
llama32_3b_instruct,6,up_proj,-0.1,dense,1,0.20362481474876404,0.18491068482398987,-0.01871412992477417,-0.01871412992477417,0.8998528493530712,0.8998528493530712,-0.392073392868042,-0.392073392868042,2.8726665229801607,2.8726665229801607
llama32_3b_instruct,6,up_proj,-0.05,dense,1,0.20362481474876404,0.19431588053703308,-0.009308934211730957,-0.009308934211730957,0.9486057349837738,0.9486057349837738,-0.20120716094970703,-0.20120716094970703,2.8726665229801607,2.8726665229801607
llama32_3b_instruct,6,up_proj,0.0,dense,1,0.20362481474876404,0.20362481474876404,0.0,0.0,1.0,1.0,0.0,0.0,2.8726665229801607,2.8726665229801607
llama32_3b_instruct,6,up_proj,0.05,dense,1,0.20362481474876404,0.21283729374408722,0.009212478995323181,0.009212478995323181,1.0541787574341892,1.0541787574341892,0.21210837364196777,0.21210837364196777,2.8726665229801607,2.8726665229801607
llama32_3b_instruct,6,up_proj,0.1,dense,1,0.20362481474876404,0.22195294499397278,0.01832813024520874,0.01832813024520874,1.1112927936132855,1.1112927936132855,0.43570828437805176,0.43570828437805176,2.8726665229801607,2.8726665229801607
llama32_3b_instruct,6,up_proj,0.15,dense,1,0.20362481474876404,0.23097166419029236,0.02734684944152832,0.02734684944152832,1.1715013598478543,1.1715013598478543,0.6714231967926025,0.6714231967926025,2.8726665229801607,2.8726665229801607
llama32_3b_instruct,6,up_proj,0.2,dense,1,0.20362481474876404,0.2398933470249176,0.036268532276153564,0.036268532276153564,1.2349718070371054,1.2349718070371054,0.9199082851409912,0.9199082851409912,2.8726665229801607,2.8726665229801607
llama32_3b_instruct,7,down_proj,-0.2,dense,1,0.23714636266231537,0.19311849772930145,-0.044027864933013916,-0.044027864933013916,0.7210201866852209,0.7210201866852209,-1.8547430038452148,-1.8547430038452148,5.131716568912284,5.131716568912284
llama32_3b_instruct,7,down_proj,-0.15,dense,1,0.23714636266231537,0.2042817771434784,-0.032864585518836975,-0.032864585518836975,0.782457200846304,0.782457200846304,-1.4462909698486328,-1.4462909698486328,5.131716568912284,5.131716568912284
llama32_3b_instruct,7,down_proj,-0.1,dense,1,0.23714636266231537,0.2153404802083969,-0.021805882453918457,-0.021805882453918457,0.8491290698294073,0.8491290698294073,-1.0030360221862793,-1.0030360221862793,5.131716568912284,5.131716568912284
llama32_3b_instruct,7,down_proj,-0.05,dense,1,0.23714636266231537,0.2262950986623764,-0.010851263999938965,-0.010851263999938965,0.9214820548413567,0.9214820548413567,-0.5220112800598145,-0.5220112800598145,5.131716568912284,5.131716568912284
llama32_3b_instruct,7,down_proj,0.0,dense,1,0.23714636266231537,0.23714636266231537,0.0,0.0,1.0,1.0,0.0,0.0,5.131716568912284,5.131716568912284
llama32_3b_instruct,7,down_proj,0.05,dense,1,0.23714636266231537,0.24789489805698395,0.010748535394668579,0.010748535394668579,1.0852082771054015,1.0852082771054015,0.566490650177002,0.566490650177002,5.131716568912284,5.131716568912284
llama32_3b_instruct,7,down_proj,0.1,dense,1,0.23714636266231537,0.2585413157939911,0.02139495313167572,0.02139495313167572,1.1776770849030236,1.1776770849030236,1.1812515258789062,1.1812515258789062,5.131716568912284,5.131716568912284
llama32_3b_instruct,7,down_proj,0.15,dense,1,0.23714636266231537,0.2690863609313965,0.031939998269081116,0.031939998269081116,1.2780251069624708,1.2780251069624708,1.848395824432373,1.848395824432373,5.131716568912284,5.131716568912284
llama32_3b_instruct,7,down_proj,0.2,dense,1,0.23714636266231537,0.27953076362609863,0.042384400963783264,0.042384400963783264,1.3869235998949112,1.3869235998949112,2.5723862648010254,2.5723862648010254,5.131716568912284,5.131716568912284
llama32_3b_instruct,7,up_proj,-0.2,dense,1,0.20491665601730347,0.16649368405342102,-0.038422971963882446,-0.038422971963882446,0.804073294959168,0.804073294959168,-0.8003451824188232,-0.8003451824188232,2.9752395651560093,2.9752395651560093
llama32_3b_instruct,7,up_proj,-0.15,dense,1,0.20491665601730347,0.17622946202754974,-0.028687193989753723,-0.028687193989753723,0.8491251766578523,0.8491251766578523,-0.61631178855896,-0.61631178855896,2.9752395651560093,2.9752395651560093
llama32_3b_instruct,7,up_proj,-0.1,dense,1,0.20491665601730347,0.18587908148765564,-0.019037574529647827,-0.019037574529647827,0.8967013089402793,0.8967013089402793,-0.4219670295715332,-0.4219670295715332,2.9752395651560093,2.9752395651560093
llama32_3b_instruct,7,up_proj,-0.05,dense,1,0.20491665601730347,0.19544169306755066,-0.009474962949752808,-0.009474962949752808,0.9469431698386579,0.9469431698386579,-0.21673297882080078,-0.21673297882080078,2.9752395651560093,2.9752395651560093
llama32_3b_instruct,7,up_proj,0.0,dense,1,0.20491665601730347,0.20491665601730347,0.0,0.0,1.0,1.0,0.0,0.0,2.9752395651560093,2.9752395651560093
llama32_3b_instruct,7,up_proj,0.05,dense,1,0.20491665601730347,0.2143033742904663,0.009386718273162842,0.009386718273162842,1.0560296198034693,1.0560296198034693,0.22887659072875977,0.22887659072875977,2.9752395651560093,2.9752395651560093
llama32_3b_instruct,7,up_proj,0.1,dense,1,0.20491665601730347,0.22360137104988098,0.018684715032577515,0.018684715032577515,1.1151986044569548,1.1151986044569548,0.4705772399902344,0.4705772399902344,2.9752395651560093,2.9752395651560093
llama32_3b_instruct,7,up_proj,0.15,dense,1,0.20491665601730347,0.2328101396560669,0.027893483638763428,0.027893483638763428,1.1776827509212706,1.1776827509212706,0.7258200645446777,0.7258200645446777,2.9752395651560093,2.9752395651560093
llama32_3b_instruct,7,up_proj,0.2,dense,1,0.20491665601730347,0.24192935228347778,0.037012696266174316,0.037012696266174316,1.2436677782964527,1.2436677782964527,0.995363712310791,0.995363712310791,2.9752395651560093,2.9752395651560093
llama32_3b_instruct,8,down_proj,-0.2,dense,1,0.23737747967243195,0.19332875311374664,-0.0440487265586853,-0.0440487265586853,0.7174025534190037,0.7174025534190037,-1.9114365577697754,-1.9114365577697754,5.262420285518774,5.262420285518774
llama32_3b_instruct,8,down_proj,-0.15,dense,1,0.23737747967243195,0.2045002281665802,-0.032877251505851746,-0.032877251505851746,0.7795108209903794,0.7795108209903794,-1.4913477897644043,-1.4913477897644043,5.262420285518774,5.262420285518774
llama32_3b_instruct,8,down_proj,-0.1,dense,1,0.23737747967243195,0.21556521952152252,-0.021812260150909424,-0.021812260150909424,0.8469961323241177,0.8469961323241177,-1.0348896980285645,-1.0348896980285645,5.262420285518774,5.262420285518774
llama32_3b_instruct,8,down_proj,-0.05,dense,1,0.23737747967243195,0.22652418911457062,-0.010853290557861328,-0.010853290557861328,0.9203239169739098,0.9203239169739098,-0.5389142036437988,-0.5389142036437988,5.262420285518774,5.262420285518774
llama32_3b_instruct,8,down_proj,0.0,dense,1,0.23737747967243195,0.23737749457359314,1.4901161193847656e-08,1.4901161193847656e-08,0.9999999295017338,0.9999999295017338,-4.76837158203125e-07,-4.76837158203125e-07,5.262420285518774,5.262420285518774
llama32_3b_instruct,8,down_proj,0.05,dense,1,0.23737747967243195,0.24812568724155426,0.010748207569122314,0.010748207569122314,1.0865738448894326,1.0865738448894326,0.5855693817138672,0.5855693817138672,5.262420285518774,5.262420285518774
llama32_3b_instruct,8,down_proj,0.1,dense,1,0.23737747967243195,0.25876927375793457,0.021391794085502625,0.021391794085502625,1.180642853950293,1.180642853950293,1.221834659576416,1.221834659576416,5.262420285518774,5.262420285518774
llama32_3b_instruct,8,down_proj,0.15,dense,1,0.23737747967243195,0.26930901408195496,0.03193153440952301,0.03193153440952301,1.2828556817302192,1.2828556817302192,1.9131832122802734,1.9131832122802734,5.262420285518774,5.262420285518774
llama32_3b_instruct,8,down_proj,0.2,dense,1,0.23737747967243195,0.2797453701496124,0.04236789047718048,0.04236789047718048,1.393917522386372,1.393917522386372,2.6643848419189453,2.6643848419189453,5.262420285518774,5.262420285518774
llama32_3b_instruct,8,up_proj,-0.2,dense,1,0.21317781507968903,0.17325913906097412,-0.039918676018714905,-0.039918676018714905,0.8028286314650049,0.8028286314650049,-0.794914960861206,-0.794914960861206,2.9983745396198653,2.9983745396198653
llama32_3b_instruct,8,up_proj,-0.15,dense,1,0.21317781507968903,0.18337614834308624,-0.029801666736602783,-0.029801666736602783,0.8481392253880783,0.8481392253880783,-0.6122410297393799,-0.6122410297393799,2.9983745396198653,2.9983745396198653
llama32_3b_instruct,8,up_proj,-0.1,dense,1,0.21317781507968903,0.19340208172798157,-0.01977573335170746,-0.01977573335170746,0.8960070449371995,0.8960070449371995,-0.41925740242004395,-0.41925740242004395,2.9983745396198653,2.9983745396198653
llama32_3b_instruct,8,up_proj,-0.05,dense,1,0.21317781507968903,0.2033362090587616,-0.00984160602092743,-0.00984160602092743,0.9465765039919024,0.9465765039919024,-0.21538186073303223,-0.21538186073303223,2.9983745396198653,2.9983745396198653
llama32_3b_instruct,8,up_proj,0.0,dense,1,0.21317781507968903,0.21317781507968903,0.0,0.0,1.0,1.0,0.0,0.0,2.9983745396198653,2.9983745396198653
llama32_3b_instruct,8,up_proj,0.05,dense,1,0.21317781507968903,0.22292636334896088,0.00974854826927185,0.00974854826927185,1.0564387419031833,1.0564387419031833,0.2275381088256836,0.2275381088256836,2.9983745396198653,2.9983745396198653
llama32_3b_instruct,8,up_proj,0.1,dense,1,0.21317781507968903,0.23258128762245178,0.019403472542762756,0.019403472542762756,1.1160627501370217,1.1160627501370217,0.46791791915893555,0.46791791915893555,2.9983745396198653,2.9983745396198653
llama32_3b_instruct,8,up_proj,0.15,dense,1,0.21317781507968903,0.24214230477809906,0.028964489698410034,0.028964489698410034,1.1790518028316475,1.1790518028316475,0.7218642234802246,0.7218642234802246,2.9983745396198653,2.9983745396198653
llama32_3b_instruct,8,up_proj,0.2,dense,1,0.21317781507968903,0.25160902738571167,0.038431212306022644,0.038431212306022644,1.2455959680496416,1.2455959680496416,0.9901432991027832,0.9901432991027832,2.9983745396198653,2.9983745396198653
llama32_3b_instruct,9,down_proj,-0.2,dense,1,0.2411862313747406,0.19666245579719543,-0.044523775577545166,-0.044523775577545166,0.709837061509792,0.709837061509792,-2.0674781799316406,-2.0674781799316406,5.548895935368131,5.548895935368131
llama32_3b_instruct,9,down_proj,-0.15,dense,1,0.2411862313747406,0.20796243846416473,-0.03322379291057587,-0.03322379291057587,0.7733373245814978,0.7733373245814978,-1.6150240898132324,-1.6150240898132324,5.548895935368131,5.548895935368131
llama32_3b_instruct,9,down_proj,-0.1,dense,1,0.2411862313747406,0.21914920210838318,-0.022037029266357422,-0.022037029266357422,0.8425182902092487,0.8425182902092487,-1.122093677520752,-1.122093677520752,5.548895935368131,5.548895935368131
llama32_3b_instruct,9,down_proj,-0.05,dense,1,0.2411862313747406,0.23022356629371643,-0.01096266508102417,-0.01096266508102417,0.9178880327737421,0.9178880327737421,-0.5850667953491211,-0.5850667953491211,5.548895935368131,5.548895935368131
llama32_3b_instruct,9,down_proj,0.0,dense,1,0.2411862313747406,0.2411862313747406,0.0,0.0,1.0,1.0,0.0,0.0,5.548895935368131,5.548895935368131
llama32_3b_instruct,9,down_proj,0.05,dense,1,0.2411862313747406,0.2520380914211273,0.010851860046386719,0.010851860046386719,1.089457496753932,1.089457496753932,0.6374053955078125,0.6374053955078125,5.548895935368131,5.548895935368131
llama32_3b_instruct,9,down_proj,0.1,dense,1,0.2411862313747406,0.2627800405025482,0.021593809127807617,0.021593809127807617,1.186917834227215,1.186917834227215,1.3318328857421875,1.3318328857421875,5.548895935368131,5.548895935368131
llama32_3b_instruct,9,down_proj,0.15,dense,1,0.2411862313747406,0.2734127938747406,0.0322265625,0.0322265625,1.2930966798891819,1.2930966798891819,2.088381767272949,2.088381767272949,5.548895935368131,5.548895935368131
llama32_3b_instruct,9,down_proj,0.2,dense,1,0.2411862313747406,0.2839374244213104,0.042751193046569824,0.042751193046569824,1.4087740804971312,1.4087740804971312,2.9126100540161133,2.9126100540161133,5.548895935368131,5.548895935368131
llama32_3b_instruct,9,up_proj,-0.2,dense,1,0.22005169093608856,0.1788339614868164,-0.041217729449272156,-0.041217729449272156,0.8069849865161463,0.8069849865161463,-0.7658946514129639,-0.7658946514129639,2.9219503031547935,2.9219503031547935
llama32_3b_instruct,9,up_proj,-0.15,dense,1,0.22005169093608856,0.18928085267543793,-0.030770838260650635,-0.030770838260650635,0.8514302414331729,0.8514302414331729,-0.5895333290100098,-0.5895333290100098,2.9219503031547935,2.9219503031547935
llama32_3b_instruct,9,up_proj,-0.1,dense,1,0.22005169093608856,0.19963335990905762,-0.020418331027030945,-0.020418331027030945,0.8983233972666018,0.8983233972666018,-0.4034585952758789,-0.4034585952758789,2.9219503031547935,2.9219503031547935
llama32_3b_instruct,9,up_proj,-0.05,dense,1,0.22005169093608856,0.20989051461219788,-0.010161176323890686,-0.010161176323890686,0.9477992835409021,0.9477992835409021,-0.20713543891906738,-0.20713543891906738,2.9219503031547935,2.9219503031547935
llama32_3b_instruct,9,up_proj,0.0,dense,1,0.22005169093608856,0.22005169093608856,0.0,0.0,1.0000000600844583,1.0000000600844583,2.384185791015625e-07,2.384185791015625e-07,2.9219503031547935,2.9219503031547935
llama32_3b_instruct,9,up_proj,0.05,dense,1,0.22005169093608856,0.23011603951454163,0.010064348578453064,0.010064348578453064,1.0550758779586114,1.0550758779586114,0.21854424476623535,0.21854424476623535,2.9219503031547935,2.9219503031547935
llama32_3b_instruct,9,up_proj,0.1,dense,1,0.22005169093608856,0.2400829941034317,0.02003130316734314,0.02003130316734314,1.113184999626575,1.113184999626575,0.4491245746612549,0.4491245746612549,2.9219503031547935,2.9219503031547935
llama32_3b_instruct,9,up_proj,0.15,dense,1,0.22005169093608856,0.2499520480632782,0.029900357127189636,0.029900357127189636,1.1744944598824785,1.1744944598824785,0.69240403175354,0.69240403175354,2.9219503031547935,2.9219503031547935
llama32_3b_instruct,9,up_proj,0.2,dense,1,0.22005169093608856,0.2597227394580841,0.039671048521995544,0.039671048521995544,1.2391805465270311,1.2391805465270311,0.9490821361541748,0.9490821361541748,2.9219503031547935,2.9219503031547935
llama32_3b_instruct,10,down_proj,-0.2,dense,1,0.244362473487854,0.198442280292511,-0.04592019319534302,-0.04592019319534302,0.7089335773424732,0.7089335773424732,-2.093470573425293,-2.093470573425293,5.584346003445144,5.584346003445144
llama32_3b_instruct,10,down_proj,-0.15,dense,1,0.244362473487854,0.2100699543952942,-0.034292519092559814,-0.034292519092559814,0.7725989333572357,0.7725989333572357,-1.6355628967285156,-1.6355628967285156,5.584346003445144,5.584346003445144
llama32_3b_instruct,10,down_proj,-0.1,dense,1,0.244362473487854,0.22159957885742188,-0.02276289463043213,-0.02276289463043213,0.8419818944935383,0.8419818944935383,-1.1365318298339844,-1.1365318298339844,5.584346003445144,5.584346003445144
llama32_3b_instruct,10,down_proj,-0.05,dense,1,0.244362473487854,0.23303063213825226,-0.011331841349601746,-0.011331841349601746,0.9175956675560218,0.9175956675560218,-0.5926861763000488,-0.5926861763000488,5.584346003445144,5.584346003445144
llama32_3b_instruct,10,down_proj,0.0,dense,1,0.244362473487854,0.244362473487854,0.0,0.0,0.9999999337027768,0.9999999337027768,-4.76837158203125e-07,-4.76837158203125e-07,5.584346003445144,5.584346003445144
llama32_3b_instruct,10,down_proj,0.05,dense,1,0.244362473487854,0.2555946409702301,0.011232167482376099,0.011232167482376099,1.0898044284953952,1.0898044284953952,0.6459107398986816,0.6459107398986816,5.584346003445144,5.584346003445144
llama32_3b_instruct,10,down_proj,0.1,dense,1,0.244362473487854,0.26672685146331787,0.022364377975463867,0.022364377975463867,1.1876740467851548,1.1876740467851548,1.3498296737670898,1.3498296737670898,5.584346003445144,5.584346003445144
llama32_3b_instruct,10,down_proj,0.15,dense,1,0.244362473487854,0.27775871753692627,0.033396244049072266,0.033396244049072266,1.2943324890602952,1.2943324890602952,2.1169614791870117,2.1169614791870117,5.584346003445144,5.584346003445144
llama32_3b_instruct,10,down_proj,0.2,dense,1,0.244362473487854,0.2886900007724762,0.04432752728462219,0.04432752728462219,1.4105692889516739,1.4105692889516739,2.9529848098754883,2.9529848098754883,5.584346003445144,5.584346003445144
llama32_3b_instruct,10,up_proj,-0.2,dense,1,0.22051596641540527,0.17909038066864014,-0.04142558574676514,-0.04142558574676514,0.7869647556701712,0.7869647556701712,-0.960150957107544,-0.960150957107544,3.313016362177906,3.313016362177906
llama32_3b_instruct,10,up_proj,-0.15,dense,1,0.22051596641540527,0.18958573043346405,-0.030930235981941223,-0.030930235981941223,0.8355384513654698,0.8355384513654698,-0.7412290573120117,-0.7412290573120117,3.313016362177906,3.313016362177906
llama32_3b_instruct,10,up_proj,-0.1,dense,1,0.22051596641540527,0.19998912513256073,-0.020526841282844543,-0.020526841282844543,0.8871103352509423,0.8871103352509423,-0.5087943077087402,-0.5087943077087402,3.313016362177906,3.313016362177906
llama32_3b_instruct,10,up_proj,-0.05,dense,1,0.22051596641540527,0.2102995216846466,-0.010216444730758667,-0.010216444730758667,0.9418653970772994,0.9418653970772994,-0.26201295852661133,-0.26201295852661133,3.313016362177906,3.313016362177906
llama32_3b_instruct,10,up_proj,0.0,dense,1,0.22051596641540527,0.22051596641540527,0.0,0.0,1.0,1.0,0.0,0.0,3.313016362177906,3.313016362177906
llama32_3b_instruct,10,up_proj,0.05,dense,1,0.22051596641540527,0.2306375652551651,0.010121598839759827,0.010121598839759827,1.0617227798717186,1.0617227798717186,0.2781848907470703,0.2781848907470703,3.313016362177906,3.313016362177906
llama32_3b_instruct,10,up_proj,0.1,dense,1,0.22051596641540527,0.2406635731458664,0.02014760673046112,0.02014760673046112,1.1272554916352575,1.1272554916352575,0.5735411643981934,0.5735411643981934,3.313016362177906,3.313016362177906
llama32_3b_instruct,10,up_proj,0.15,dense,1,0.22051596641540527,0.2505933344364166,0.030077368021011353,0.030077368021011353,1.1968330093235469,1.1968330093235469,0.8871273994445801,0.8871273994445801,3.313016362177906,3.313016362177906
llama32_3b_instruct,10,up_proj,0.2,dense,1,0.22051596641540527,0.2604263126850128,0.039910346269607544,0.039910346269607544,1.2707049130463532,1.2707049130463532,1.2200684547424316,1.2200684547424316,3.313016362177906,3.313016362177906
llama32_3b_instruct,11,down_proj,-0.2,dense,1,0.23208758234977722,0.18844717741012573,-0.04364040493965149,-0.04364040493965149,0.7089265471191493,0.7089265471191493,-2.1586623191833496,-2.1586623191833496,5.584621729144326,5.584621729144326
llama32_3b_instruct,11,down_proj,-0.15,dense,1,0.23208758234977722,0.19949603080749512,-0.032591551542282104,-0.032591551542282104,0.7725932289383802,0.7725932289383802,-1.6864967346191406,-1.6864967346191406,5.584621729144326,5.584621729144326
llama32_3b_instruct,11,down_proj,-0.1,dense,1,0.23208758234977722,0.21045269072055817,-0.021634891629219055,-0.021634891629219055,0.8419776784081038,0.8419776784081038,-1.1719269752502441,-1.1719269752502441,5.584621729144326,5.584621729144326
llama32_3b_instruct,11,down_proj,-0.05,dense,1,0.23208758234977722,0.22131673991680145,-0.010770842432975769,-0.010770842432975769,0.9175934324371052,0.9175934324371052,-0.6111445426940918,-0.6111445426940918,5.584621729144326,5.584621729144326
llama32_3b_instruct,11,down_proj,0.0,dense,1,0.23208758234977722,0.23208758234977722,0.0,0.0,0.9999999357034044,0.9999999357034044,-4.76837158203125e-07,-4.76837158203125e-07,5.584621729144326,5.584621729144326
llama32_3b_instruct,11,down_proj,0.05,dense,1,0.23208758234977722,0.24276497960090637,0.01067739725112915,0.01067739725112915,1.0898072343057315,1.0898072343057315,0.6660294532775879,0.6660294532775879,5.584621729144326,5.584621729144326
llama32_3b_instruct,11,down_proj,0.1,dense,1,0.23208758234977722,0.25334852933883667,0.021260946989059448,0.021260946989059448,1.187679640669474,1.187679640669474,1.3918719291687012,1.3918719291687012,5.584621729144326,5.584621729144326
llama32_3b_instruct,11,down_proj,0.15,dense,1,0.23208758234977722,0.2638382315635681,0.031750649213790894,0.031750649213790894,1.2943420346130434,1.2943420346130434,2.1829028129577637,2.1829028129577637,5.584621729144326,5.584621729144326
llama32_3b_instruct,11,down_proj,0.2,dense,1,0.23208758234977722,0.27423393726348877,0.04214635491371155,0.04214635491371155,1.4105834639572252,1.4105834639572252,3.044973850250244,3.044973850250244,5.584621729144326,5.584621729144326
llama32_3b_instruct,11,up_proj,-0.2,dense,1,0.21386218070983887,0.17338620126247406,-0.04047597944736481,-0.04047597944736481,0.7959638522453183,0.7959638522453183,-0.8875305652618408,-0.8875305652618408,3.129920975159786,3.129920975159786
llama32_3b_instruct,11,up_proj,-0.15,dense,1,0.21386218070983887,0.18362686038017273,-0.030235320329666138,-0.030235320329666138,0.8426942021545576,0.8426942021545576,-0.6842596530914307,-0.6842596530914307,3.129920975159786,3.129920975159786
llama32_3b_instruct,11,up_proj,-0.1,dense,1,0.21386218070983887,0.19378723204135895,-0.02007494866847992,-0.02007494866847992,0.8921680376421086,0.8921680376421086,-0.4690549373626709,-0.4690549373626709,3.129920975159786,3.129920975159786
llama32_3b_instruct,11,up_proj,-0.05,dense,1,0.21386218070983887,0.20386603474617004,-0.009996145963668823,-0.009996145963668823,0.9445465564361413,0.9445465564361413,-0.24121522903442383,-0.24121522903442383,3.129920975159786,3.129920975159786
llama32_3b_instruct,11,up_proj,0.0,dense,1,0.21386218070983887,0.21386218070983887,0.0,0.0,1.0,1.0,0.0,0.0,3.129920975159786,3.129920975159786
llama32_3b_instruct,11,up_proj,0.05,dense,1,0.21386218070983887,0.22377456724643707,0.009912386536598206,0.009912386536598206,1.0587091882266573,1.0587091882266573,0.25537729263305664,0.25537729263305664,3.129920975159786,3.129920975159786
llama32_3b_instruct,11,up_proj,0.1,dense,1,0.21386218070983887,0.23360244929790497,0.0197402685880661,0.0197402685880661,1.1208651905756168,1.1208651905756168,0.5257477760314941,0.5257477760314941,3.129920975159786,3.129920975159786
llama32_3b_instruct,11,up_proj,0.15,dense,1,0.21386218070983887,0.24334478378295898,0.029482603073120117,0.029482603073120117,1.1866701482306563,1.1866701482306563,0.8119907379150391,0.8119907379150391,3.129920975159786,3.129920975159786
llama32_3b_instruct,11,up_proj,0.2,dense,1,0.21386218070983887,0.2530009150505066,0.039138734340667725,0.039138734340667725,1.2563384799311843,1.2563384799311843,1.1150388717651367,1.1150388717651367,3.129920975159786,3.129920975159786
llama32_3b_instruct,12,down_proj,-0.2,dense,1,0.22891314327716827,0.18595166504383087,-0.0429614782333374,-0.0429614782333374,0.7493878330308799,0.7493878330308799,-1.4182991981506348,-1.4182991981506348,4.231231376832726,4.231231376832726
llama32_3b_instruct,12,down_proj,-0.15,dense,1,0.22891314327716827,0.1968345195055008,-0.03207862377166748,-0.03207862377166748,0.8054341182630248,0.8054341182630248,-1.101114273071289,-1.101114273071289,4.231231376832726,4.231231376832726
llama32_3b_instruct,12,down_proj,-0.1,dense,1,0.22891314327716827,0.20762287080287933,-0.02129027247428894,-0.02129027247428894,0.8656719209699225,0.8656719209699225,-0.7602081298828125,-0.7602081298828125,4.231231376832726,4.231231376832726
llama32_3b_instruct,12,down_proj,-0.05,dense,1,0.22891314327716827,0.21831589937210083,-0.010597243905067444,-0.010597243905067444,0.9304150130589441,0.9304150130589441,-0.39380502700805664,-0.39380502700805664,4.231231376832726,4.231231376832726
llama32_3b_instruct,12,down_proj,0.0,dense,1,0.22891314327716827,0.22891314327716827,0.0,0.0,1.0,1.0,0.0,0.0,4.231231376832726,4.231231376832726
llama32_3b_instruct,12,down_proj,0.05,dense,1,0.22891314327716827,0.23941399157047272,0.010500848293304443,0.010500848293304443,1.0747892698096322,1.0747892698096322,0.42325782775878906,0.42325782775878906,4.231231376832726,4.231231376832726
llama32_3b_instruct,12,down_proj,0.1,dense,1,0.22891314327716827,0.24981826543807983,0.02090512216091156,0.02090512216091156,1.1551720883879624,1.1551720883879624,0.878171443939209,0.878171443939209,4.231231376832726,4.231231376832726
llama32_3b_instruct,12,down_proj,0.15,dense,1,0.22891314327716827,0.2601254880428314,0.031212344765663147,0.031212344765663147,1.2415665374225238,1.2415665374225238,1.3671069145202637,1.3671069145202637,4.231231376832726,4.231231376832726
llama32_3b_instruct,12,down_proj,0.2,dense,1,0.22891314327716827,0.2703355848789215,0.041422441601753235,0.041422441601753235,1.334422547629042,1.334422547629042,1.8926105499267578,1.8926105499267578,4.231231376832726,4.231231376832726
llama32_3b_instruct,12,up_proj,-0.2,dense,1,0.21930481493473053,0.17804807424545288,-0.04125674068927765,-0.04125674068927765,0.8015895243170935,0.8015895243170935,-0.8354136943817139,-0.8354136943817139,3.021619929608895,3.021619929608895
llama32_3b_instruct,12,up_proj,-0.15,dense,1,0.21930481493473053,0.1884980946779251,-0.03080672025680542,-0.03080672025680542,0.8471572206330917,0.8471572206330917,-0.6435494422912598,-0.6435494422912598,3.021619929608895,3.021619929608895
llama32_3b_instruct,12,up_proj,-0.1,dense,1,0.21930481493473053,0.19885826110839844,-0.020446553826332092,-0.020446553826332092,0.8953152537121214,0.8953152537121214,-0.4407784938812256,-0.4407784938812256,3.021619929608895,3.021619929608895
llama32_3b_instruct,12,up_proj,-0.05,dense,1,0.21930481493473053,0.2091275304555893,-0.010177284479141235,-0.010177284479141235,0.9462110733187725,0.9462110733187725,-0.22648000717163086,-0.22648000717163086,3.021619929608895,3.021619929608895
llama32_3b_instruct,12,up_proj,0.0,dense,1,0.21930481493473053,0.21930481493473053,0.0,0.0,1.0,1.0,0.0,0.0,3.021619929608895,3.021619929608895
llama32_3b_instruct,12,up_proj,0.05,dense,1,0.21930481493473053,0.22938919067382812,0.010084375739097595,0.010084375739097595,1.0568466406934625,1.0568466406934625,0.23935461044311523,0.23935461044311523,3.021619929608895,3.021619929608895
llama32_3b_instruct,12,up_proj,0.1,dense,1,0.21930481493473053,0.2393798530101776,0.020075038075447083,0.020075038075447083,1.1169249453518557,1.1169249453518557,0.49231624603271484,0.49231624603271484,3.021619929608895,3.021619929608895
llama32_3b_instruct,12,up_proj,0.15,dense,1,0.21930481493473053,0.24927610158920288,0.02997128665447235,0.02997128665447235,1.180418490064581,1.180418490064581,0.7596578598022461,0.7596578598022461,3.021619929608895,3.021619929608895
llama32_3b_instruct,12,up_proj,0.2,dense,1,0.21930481493473053,0.259077250957489,0.039772436022758484,0.039772436022758484,1.247521269798415,1.247521269798415,1.042196273803711,1.042196273803711,3.021619929608895,3.021619929608895
llama32_3b_instruct,13,down_proj,-0.2,dense,1,0.22418393194675446,0.1823142021894455,-0.04186972975730896,-0.04186972975730896,0.7578525056904062,0.7578525056904062,-1.3137001991271973,-1.3137001991271973,4.000151884701932,4.000151884701932
llama32_3b_instruct,13,down_proj,-0.15,dense,1,0.22418393194675446,0.19292692840099335,-0.03125700354576111,-0.03125700354576111,0.8122477528641441,0.8122477528641441,-1.018594741821289,-1.018594741821289,4.000151884701932,4.000151884701932
llama32_3b_instruct,13,down_proj,-0.1,dense,1,0.22418393194675446,0.20344290137290955,-0.02074103057384491,-0.02074103057384491,0.8705472906441609,0.8705472906441609,-0.7023077011108398,-0.7023077011108398,4.000151884701932,4.000151884701932
llama32_3b_instruct,13,down_proj,-0.05,dense,1,0.22418393194675446,0.21386198699474335,-0.010321944952011108,-0.010321944952011108,0.9330312337096,0.9330312337096,-0.36331939697265625,-0.36331939697265625,4.000151884701932,4.000151884701932
llama32_3b_instruct,13,down_proj,0.0,dense,1,0.22418393194675446,0.22418393194675446,0.0,0.0,1.0,1.0,0.0,0.0,4.000151884701932,4.000151884701932
llama32_3b_instruct,13,down_proj,0.05,dense,1,0.22418393194675446,0.23440879583358765,0.010224863886833191,0.010224863886833191,1.0717755412159262,1.0717755412159262,0.38939714431762695,0.38939714431762695,4.000151884701932,4.000151884701932
llama32_3b_instruct,13,down_proj,0.1,dense,1,0.22418393194675446,0.24453648924827576,0.0203525573015213,0.0203525573015213,1.148702749105404,1.148702749105404,0.8067431449890137,0.8067431449890137,4.000151884701932,4.000151884701932
llama32_3b_instruct,13,down_proj,0.15,dense,1,0.22418393194675446,0.2545672357082367,0.03038330376148224,0.03038330376148224,1.2311514770006688,1.2311514770006688,1.254044532775879,1.254044532775879,4.000151884701932,4.000151884701932
llama32_3b_instruct,13,down_proj,0.2,dense,1,0.22418393194675446,0.26450115442276,0.040317222476005554,0.040317222476005554,1.319518033997502,1.319518033997502,1.7334513664245605,1.7334513664245605,4.000151884701932,4.000151884701932
llama32_3b_instruct,13,up_proj,-0.2,dense,1,0.21302244067192078,0.17311403155326843,-0.039908409118652344,-0.039908409118652344,0.8135360785954945,0.8135360785954945,-0.7361416816711426,-0.7361416816711426,2.806181706794717,2.806181706794717
llama32_3b_instruct,13,up_proj,-0.15,dense,1,0.21302244067192078,0.1832301765680313,-0.029792264103889465,-0.029792264103889465,0.8566089387397932,0.8566089387397932,-0.566094160079956,-0.566094160079956,2.806181706794717,2.806181706794717
llama32_3b_instruct,13,up_proj,-0.1,dense,1,0.21302244067192078,0.193254292011261,-0.01976814866065979,-0.01976814866065979,0.9019623509319264,0.9019623509319264,-0.3870432376861572,-0.3870432376861572,2.806181706794717,2.806181706794717
llama32_3b_instruct,13,up_proj,-0.05,dense,1,0.21302244067192078,0.20318536460399628,-0.0098370760679245,-0.0098370760679245,0.9497169163539914,0.9497169163539914,-0.19851279258728027,-0.19851279258728027,2.806181706794717,2.806181706794717
llama32_3b_instruct,13,up_proj,0.0,dense,1,0.21302244067192078,0.21302244067192078,0.0,0.0,0.9999999396088222,0.9999999396088222,-2.384185791015625e-07,-2.384185791015625e-07,2.806181706794717,2.806181706794717
llama32_3b_instruct,13,up_proj,0.05,dense,1,0.21302244067192078,0.2227647751569748,0.009742334485054016,0.009742334485054016,1.0529453079376352,1.0529453079376352,0.20902299880981445,0.20902299880981445,2.806181706794717,2.806181706794717
llama32_3b_instruct,13,up_proj,0.1,dense,1,0.21302244067192078,0.23241163790225983,0.01938919723033905,0.01938919723033905,1.1086936120023843,1.1086936120023843,0.42911195755004883,0.42911195755004883,2.806181706794717,2.806181706794717
llama32_3b_instruct,13,up_proj,0.15,dense,1,0.21302244067192078,0.24196244776248932,0.028940007090568542,0.028940007090568542,1.1673937160563836,1.1673937160563836,0.6608543395996094,0.6608543395996094,2.806181706794717,2.806181706794717
llama32_3b_instruct,13,up_proj,0.2,dense,1,0.21302244067192078,0.2514165937900543,0.038394153118133545,0.038394153118133545,1.2292016709031077,1.2292016709031077,0.9048662185668945,0.9048662185668945,2.806181706794717,2.806181706794717
llama32_3b_instruct,14,down_proj,-0.2,dense,1,0.21579480171203613,0.17593038082122803,-0.039864420890808105,-0.039864420890808105,0.7538442869424297,0.7538442869424297,-1.3957610130310059,-1.3957610130310059,4.107634784202182,4.107634784202182
llama32_3b_instruct,14,down_proj,-0.15,dense,1,0.21579480171203613,0.18605901300907135,-0.029735788702964783,-0.029735788702964783,0.8090236539224699,0.8090236539224699,-1.082880973815918,-1.082880973815918,4.107634784202182,4.107634784202182
llama32_3b_instruct,14,down_proj,-0.1,dense,1,0.21579480171203613,0.19607952237129211,-0.01971527934074402,-0.01971527934074402,0.8682420923382356,0.8682420923382356,-0.747098445892334,-0.747098445892334,4.107634784202182,4.107634784202182
llama32_3b_instruct,14,down_proj,-0.05,dense,1,0.21579480171203613,0.20599155128002167,-0.009803250432014465,-0.009803250432014465,0.9317951111846287,0.9317951111846287,-0.3867378234863281,-0.3867378234863281,4.107634784202182,4.107634784202182
llama32_3b_instruct,14,down_proj,0.0,dense,1,0.21579480171203613,0.21579480171203613,0.0,0.0,1.0000000840947623,1.0000000840947623,4.76837158203125e-07,4.76837158203125e-07,4.107634784202182,4.107634784202182
llama32_3b_instruct,14,down_proj,0.05,dense,1,0.21579480171203613,0.2254892885684967,0.009694486856460571,0.009694486856460571,1.0731973425718717,1.0731973425718717,0.41504621505737305,0.41504621505737305,4.107634784202182,4.107634784202182
llama32_3b_instruct,14,down_proj,0.1,dense,1,0.21579480171203613,0.23507490754127502,0.01928010582923889,0.01928010582923889,1.1517525306426597,1.1517525306426597,0.8604726791381836,0.8604726791381836,4.107634784202182,4.107634784202182
llama32_3b_instruct,14,down_proj,0.15,dense,1,0.21579480171203613,0.24455194175243378,0.028757140040397644,0.028757140040397644,1.2360579503734943,1.2360579503734943,1.3385043144226074,1.3385043144226074,4.107634784202182,4.107634784202182
llama32_3b_instruct,14,down_proj,0.2,dense,1,0.21579480171203613,0.2539204955101013,0.038125693798065186,0.038125693798065186,1.326534075576131,1.326534075576131,1.8515253067016602,1.8515253067016602,4.107634784202182,4.107634784202182
llama32_3b_instruct,14,up_proj,-0.2,dense,1,0.21307213604450226,0.17356126010417938,-0.039510875940322876,-0.039510875940322876,0.8141566498127677,0.8141566498127677,-0.7369635105133057,-0.7369635105133057,2.795505120553005,2.795505120553005
llama32_3b_instruct,14,up_proj,-0.15,dense,1,0.21307213604450226,0.18359263241291046,-0.029479503631591797,-0.029479503631591797,0.8570988900019005,0.8570988900019005,-0.5666756629943848,-0.5666756629943848,2.795505120553005,2.795505120553005
llama32_3b_instruct,14,up_proj,-0.1,dense,1,0.21307213604450226,0.1935218721628189,-0.01955026388168335,-0.01955026388168335,0.9023062667897426,0.9023062667897426,-0.3874053955078125,-0.3874053955078125,2.795505120553005,2.795505120553005
llama32_3b_instruct,14,up_proj,-0.05,dense,1,0.21307213604450226,0.20334848761558533,-0.009723648428916931,-0.009723648428916931,0.9498980042207597,0.9498980042207597,-0.19867992401123047,-0.19867992401123047,2.795505120553005,2.795505120553005
llama32_3b_instruct,14,up_proj,0.0,dense,1,0.21307213604450226,0.21307213604450226,0.0,0.0,1.0,1.0,0.0,0.0,2.795505120553005,2.795505120553005
llama32_3b_instruct,14,up_proj,0.05,dense,1,0.21307213604450226,0.22269248962402344,0.00962035357952118,0.00962035357952118,1.0527445850008217,1.0527445850008217,0.20915913581848145,0.20915913581848145,2.795505120553005,2.795505120553005
llama32_3b_instruct,14,up_proj,0.1,dense,1,0.21307213604450226,0.23220935463905334,0.019137218594551086,0.019137218594551086,1.1082712447417116,1.1082712447417116,0.4293506145477295,0.4293506145477295,2.795505120553005,2.795505120553005
llama32_3b_instruct,14,up_proj,0.15,dense,1,0.21307213604450226,0.24162262678146362,0.028550490736961365,0.028550490736961365,1.16672649914015,1.16672649914015,0.6611554622650146,0.6611554622650146,2.795505120553005,2.795505120553005
llama32_3b_instruct,14,up_proj,0.2,dense,1,0.21307213604450226,0.2509323060512543,0.037860170006752014,0.037860170006752014,1.2282649847278388,1.2282649847278388,0.9051868915557861,0.9051868915557861,2.795505120553005,2.795505120553005
llama32_3b_instruct,15,down_proj,-0.2,dense,1,0.2125358283519745,0.17334264516830444,-0.039193183183670044,-0.039193183183670044,0.7696514694719667,0.7696514694719667,-1.180488109588623,-1.180488109588623,3.7027949428911624,3.7027949428911624
llama32_3b_instruct,15,down_proj,-0.15,dense,1,0.2125358283519745,0.1833065152168274,-0.029229313135147095,-0.029229313135147095,0.8217137881617862,0.8217137881617862,-0.9136795997619629,-0.9136795997619629,3.7027949428911624,3.7027949428911624
llama32_3b_instruct,15,down_proj,-0.1,dense,1,0.2125358283519745,0.19316035509109497,-0.019375473260879517,-0.019375473260879517,0.8772977741916095,0.8772977741916095,-0.6288232803344727,-0.6288232803344727,3.7027949428911624,3.7027949428911624
llama32_3b_instruct,15,down_proj,-0.05,dense,1,0.2125358283519745,0.2029035985469818,-0.009632229804992676,-0.009632229804992676,0.936641809334405,0.936641809334405,-0.32469749450683594,-0.32469749450683594,3.7027949428911624,3.7027949428911624
llama32_3b_instruct,15,down_proj,0.0,dense,1,0.2125358283519745,0.2125358283519745,0.0,0.0,1.0000000930451884,1.0000000930451884,4.76837158203125e-07,4.76837158203125e-07,3.7027949428911624,3.7027949428911624
llama32_3b_instruct,15,down_proj,0.05,dense,1,0.2125358283519745,0.22205661237239838,0.00952078402042389,0.00952078402042389,1.0676440381388506,1.0676440381388506,0.3466615676879883,0.3466615676879883,3.7027949428911624,3.7027949428911624
llama32_3b_instruct,15,down_proj,0.1,dense,1,0.2125358283519745,0.2314659208059311,0.018930092453956604,0.018930092453956604,1.1398639456035498,1.1398639456035498,0.716773509979248,0.716773509979248,3.7027949428911624,3.7027949428911624
llama32_3b_instruct,15,down_proj,0.15,dense,1,0.2125358283519745,0.2407635897397995,0.028227761387825012,0.028227761387825012,1.2169689115555238,1.2169689115555238,1.1119203567504883,1.1119203567504883,3.7027949428911624,3.7027949428911624
llama32_3b_instruct,15,down_proj,0.2,dense,1,0.2125358283519745,0.2499496340751648,0.03741380572319031,0.03741380572319031,1.2992895255495573,1.2992895255495573,1.5337963104248047,1.5337963104248047,3.7027949428911624,3.7027949428911624
llama32_3b_instruct,15,up_proj,-0.2,dense,1,0.2139686495065689,0.1745987981557846,-0.0393698513507843,-0.0393698513507843,0.8048774875082996,0.8048774875082996,-0.8106520175933838,-0.8106520175933838,2.960404253125057,2.960404253125057
llama32_3b_instruct,15,up_proj,-0.15,dense,1,0.2139686495065689,0.1846076250076294,-0.029361024498939514,-0.029361024498939514,0.8497621024735489,0.8497621024735489,-0.6241753101348877,-0.6241753101348877,2.960404253125057,2.960404253125057
llama32_3b_instruct,15,up_proj,-0.1,dense,1,0.2139686495065689,0.19450563192367554,-0.01946301758289337,-0.01946301758289337,0.8971497058632802,0.8971497058632802,-0.42729973793029785,-0.42729973793029785,2.960404253125057,2.960404253125057
llama32_3b_instruct,15,up_proj,-0.05,dense,1,0.2139686495065689,0.20429269969463348,-0.009675949811935425,-0.009675949811935425,0.9471798053090946,0.9471798053090946,-0.21944570541381836,-0.21944570541381836,2.960404253125057,2.960404253125057
llama32_3b_instruct,15,up_proj,0.0,dense,1,0.2139686495065689,0.2139686495065689,0.0,0.0,1.0,1.0,0.0,0.0,2.960404253125057,2.960404253125057
llama32_3b_instruct,15,up_proj,0.05,dense,1,0.2139686495065689,0.223533496260643,0.009564846754074097,0.009564846754074097,1.0557657511346832,1.0557657511346832,0.23168325424194336,0.23168325424194336,2.960404253125057,2.960404253125057
llama32_3b_instruct,15,up_proj,0.1,dense,1,0.2139686495065689,0.23298735916614532,0.019018709659576416,0.019018709659576416,1.1146411853385572,1.1146411853385572,0.4762859344482422,0.4762859344482422,2.960404253125057,2.960404253125057
llama32_3b_instruct,15,up_proj,0.15,dense,1,0.2139686495065689,0.24233031272888184,0.028361663222312927,0.028361663222312927,1.1767999554677409,1.1767999554677409,0.7345294952392578,0.7345294952392578,2.960404253125057,2.960404253125057
llama32_3b_instruct,15,up_proj,0.2,dense,1,0.2139686495065689,0.2515626549720764,0.03759400546550751,0.03759400546550751,1.242425125835195,1.242425125835195,1.0071744918823242,1.0071744918823242,2.960404253125057,2.960404253125057
llama32_3b_instruct,16,down_proj,-0.2,dense,1,0.21691052615642548,0.17700456082820892,-0.03990596532821655,-0.03990596532821655,0.7838983663753064,0.7838983663753064,-1.0044808387756348,-1.0044808387756348,3.378322681731024,3.378322681731024
llama32_3b_instruct,16,down_proj,-0.15,dense,1,0.21691052615642548,0.18715432286262512,-0.029756203293800354,-0.029756203293800354,0.8330956082583475,0.8330956082583475,-0.7758028507232666,-0.7758028507232666,3.378322681731024,3.378322681731024
llama32_3b_instruct,16,down_proj,-0.1,dense,1,0.21691052615642548,0.19718892872333527,-0.01972159743309021,-0.01972159743309021,0.8853803695236591,0.8853803695236591,-0.532773494720459,-0.532773494720459,3.378322681731024,3.378322681731024
llama32_3b_instruct,16,down_proj,-0.05,dense,1,0.21691052615642548,0.2071077972650528,-0.00980272889137268,-0.00980272889137268,0.9409465882844146,0.9409465882844146,-0.2744913101196289,-0.2744913101196289,3.378322681731024,3.378322681731024
llama32_3b_instruct,16,down_proj,0.0,dense,1,0.21691052615642548,0.21691052615642548,0.0,0.0,1.0,1.0,0.0,0.0,3.378322681731024,3.378322681731024
llama32_3b_instruct,16,down_proj,0.05,dense,1,0.21691052615642548,0.22659683227539062,0.009686306118965149,0.009686306118965149,1.0627597275531124,1.0627597275531124,0.2917189598083496,0.2917189598083496,3.378322681731024,3.378322681731024
llama32_3b_instruct,16,down_proj,0.1,dense,1,0.21691052615642548,0.23616652190685272,0.019255995750427246,0.019255995750427246,1.1294581273713307,1.1294581273713307,0.60174560546875,0.60174560546875,3.378322681731024,3.378322681731024
llama32_3b_instruct,16,down_proj,0.15,dense,1,0.21691052615642548,0.24561956524848938,0.028709039092063904,0.028709039092063904,1.2003425333826427,1.2003425333826427,0.9312295913696289,0.9312295913696289,3.378322681731024,3.378322681731024
llama32_3b_instruct,16,down_proj,0.2,dense,1,0.21691052615642548,0.25495588779449463,0.03804536163806915,0.03804536163806915,1.2756756673579228,1.2756756673579228,1.2813920974731445,1.2813920974731445,3.378322681731024,3.378322681731024
llama32_3b_instruct,16,up_proj,-0.2,dense,1,0.21375815570354462,0.17452828586101532,-0.0392298698425293,-0.0392298698425293,0.8034507304794432,0.8034507304794432,-0.8185412883758545,-0.8185412883758545,2.9867831233058477,2.9867831233058477
llama32_3b_instruct,16,up_proj,-0.15,dense,1,0.21375815570354462,0.18450623750686646,-0.02925191819667816,-0.02925191819667816,0.8486321286380276,0.8486321286380276,-0.6303806304931641,-0.6303806304931641,2.9867831233058477,2.9867831233058477
llama32_3b_instruct,16,up_proj,-0.1,dense,1,0.21375815570354462,0.19437064230442047,-0.019387513399124146,-0.019387513399124146,0.8963541406658976,0.8963541406658976,-0.4316394329071045,-0.4316394329071045,2.9867831233058477,2.9867831233058477
llama32_3b_instruct,16,up_proj,-0.05,dense,1,0.21375815570354462,0.20412132143974304,-0.009636834263801575,-0.009636834263801575,0.9467597755640326,0.9467597755640326,-0.22172212600708008,-0.22172212600708008,2.9867831233058477,2.9867831233058477
llama32_3b_instruct,16,up_proj,0.0,dense,1,0.21375815570354462,0.21375815570354462,0.0,0.0,1.0,1.0,0.0,0.0,2.9867831233058477,2.9867831233058477
llama32_3b_instruct,16,up_proj,0.05,dense,1,0.21375815570354462,0.22328129410743713,0.009523138403892517,0.009523138403892517,1.0562341390537544,1.0562341390537544,0.2341904640197754,0.2341904640197754,2.9867831233058477,2.9867831233058477
llama32_3b_instruct,16,up_proj,0.1,dense,1,0.21375815570354462,0.2326907515525818,0.01893259584903717,0.01893259584903717,1.1156305059610365,1.1156305059610365,0.4815502166748047,0.4815502166748047,2.9867831233058477,2.9867831233058477
llama32_3b_instruct,16,up_proj,0.15,dense,1,0.21375815570354462,0.2419867068529129,0.028228551149368286,0.028228551149368286,1.1783669173579723,1.1783669173579723,0.7428197860717773,0.7428197860717773,2.9867831233058477,2.9867831233058477
llama32_3b_instruct,16,up_proj,0.2,dense,1,0.21375815570354462,0.25116944313049316,0.03741128742694855,0.03741128742694855,1.244631380273872,1.244631380273872,1.018782138824463,1.018782138824463,2.9867831233058477,2.9867831233058477
llama32_3b_instruct,17,down_proj,-0.2,dense,1,0.21358458697795868,0.17421017587184906,-0.03937441110610962,-0.03937441110610962,0.8024405689176931,0.8024405689176931,-0.8239858150482178,-0.8239858150482178,3.005629851381717,3.005629851381717
llama32_3b_instruct,17,down_proj,-0.15,dense,1,0.21358458697795868,0.1842203438282013,-0.029364243149757385,-0.029364243149757385,0.8478317461340957,0.8478317461340957,-0.634667158126831,-0.634667158126831,3.005629851381717,3.005629851381717
llama32_3b_instruct,17,down_proj,-0.1,dense,1,0.21358458697795868,0.19411982595920563,-0.019464761018753052,-0.019464761018753052,0.8957905322302168,0.8957905322302168,-0.43463945388793945,-0.43463945388793945,3.005629851381717,3.005629851381717
llama32_3b_instruct,17,down_proj,-0.05,dense,1,0.21358458697795868,0.2039080709218979,-0.009676516056060791,-0.009676516056060791,0.9464620079402263,0.9464620079402263,-0.2232975959777832,-0.2232975959777832,3.005629851381717,3.005629851381717
llama32_3b_instruct,17,down_proj,0.0,dense,1,0.21358458697795868,0.21358458697795868,0.0,0.0,1.0,1.0,0.0,0.0,3.005629851381717,3.005629851381717
llama32_3b_instruct,17,down_proj,0.05,dense,1,0.21358458697795868,0.22314909100532532,0.009564504027366638,0.009564504027366638,1.056566280859381,1.056566280859381,0.23592805862426758,0.23592805862426758,3.005629851381717,3.005629851381717
llama32_3b_instruct,17,down_proj,0.1,dense,1,0.21358458697795868,0.23260127007961273,0.019016683101654053,0.019016683101654053,1.116332340747885,1.116332340747885,0.4852018356323242,0.4852018356323242,3.005629851381717,3.005629851381717
llama32_3b_instruct,17,down_proj,0.15,dense,1,0.21358458697795868,0.24194103479385376,0.02835644781589508,0.02835644781589508,1.1794791590210607,1.1794791590210607,0.7485761642456055,0.7485761642456055,3.005629851381717,3.005629851381717
llama32_3b_instruct,17,down_proj,0.2,dense,1,0.21358458697795868,0.251168429851532,0.0375838428735733,0.0375838428735733,1.2461981187750475,1.2461981187750475,1.0268492698669434,1.0268492698669434,3.005629851381717,3.005629851381717
llama32_3b_instruct,17,up_proj,-0.2,dense,1,0.21354098618030548,0.17430412769317627,-0.03923685848712921,-0.03923685848712921,0.8034898464710294,0.8034898464710294,-0.8168230056762695,-0.8168230056762695,2.9860577433198046,2.9860577433198046
llama32_3b_instruct,17,up_proj,-0.15,dense,1,0.21354098618030548,0.18428264558315277,-0.02925834059715271,-0.02925834059715271,0.8486629811209371,0.8486629811209371,-0.6290543079376221,-0.6290543079376221,2.9860577433198046,2.9860577433198046
llama32_3b_instruct,17,up_proj,-0.1,dense,1,0.21354098618030548,0.1941484957933426,-0.01939249038696289,-0.01939249038696289,0.8963759463134429,0.8963759463134429,-0.4307284355163574,-0.4307284355163574,2.9860577433198046,2.9860577433198046
llama32_3b_instruct,17,up_proj,-0.05,dense,1,0.21354098618030548,0.20390135049819946,-0.009639635682106018,-0.009639635682106018,0.946771277705691,0.946771277705691,-0.2212529182434082,-0.2212529182434082,2.9860577433198046,2.9860577433198046
llama32_3b_instruct,17,up_proj,0.0,dense,1,0.21354098618030548,0.21354098618030548,0.0,0.0,1.0,1.0,0.0,0.0,2.9860577433198046,2.9860577433198046
llama32_3b_instruct,17,up_proj,0.05,dense,1,0.21354098618030548,0.22306731343269348,0.009526327252388,0.009526327252388,1.0562213401517957,1.0562213401517957,0.23369216918945312,0.23369216918945312,2.9860577433198046,2.9860577433198046
llama32_3b_instruct,17,up_proj,0.1,dense,1,0.21354098618030548,0.23248037695884705,0.018939390778541565,0.018939390778541565,1.1156033583121576,1.1156033583121576,0.48052215576171875,0.48052215576171875,2.9860577433198046,2.9860577433198046
llama32_3b_instruct,17,up_proj,0.15,dense,1,0.21354098618030548,0.24178020656108856,0.02823922038078308,0.02823922038078308,1.1783240949960865,1.1783240949960865,0.7412300109863281,0.7412300109863281,2.9860577433198046,2.9860577433198046
llama32_3b_instruct,17,up_proj,0.2,dense,1,0.21354098618030548,0.25096699595451355,0.03742600977420807,0.03742600977420807,1.2445708827815434,1.2445708827815434,1.016594409942627,1.016594409942627,2.9860577433198046,2.9860577433198046
llama32_3b_instruct,18,down_proj,-0.2,dense,1,0.2134554237127304,0.17408987879753113,-0.03936554491519928,-0.03936554491519928,0.7929057807256675,0.7929057807256675,-0.9234600067138672,-0.9234600067138672,3.1907452935816583,3.1907452935816583
llama32_3b_instruct,18,down_proj,-0.15,dense,1,0.2134554237127304,0.18409565091133118,-0.02935977280139923,-0.02935977280139923,0.8402648438379707,0.8402648438379707,-0.7122797966003418,-0.7122797966003418,3.1907452935816583,3.1907452935816583
llama32_3b_instruct,18,down_proj,-0.1,dense,1,0.2134554237127304,0.19399213790893555,-0.01946328580379486,-0.01946328580379486,0.8904525522342843,0.8904525522342843,-0.48848628997802734,-0.48848628997802734,3.1907452935816583,3.1907452935816583
llama32_3b_instruct,18,down_proj,-0.05,dense,1,0.2134554237127304,0.20377887785434723,-0.009676545858383179,-0.009676545858383179,0.9436379701892953,0.9436379701892953,-0.2513256072998047,-0.2513256072998047,3.1907452935816583,3.1907452935816583
llama32_3b_instruct,18,down_proj,0.0,dense,1,0.2134554237127304,0.2134554237127304,0.0,0.0,1.0,1.0,0.0,0.0,3.1907452935816583,3.1907452935816583
llama32_3b_instruct,18,down_proj,0.05,dense,1,0.2134554237127304,0.2230217307806015,0.009566307067871094,0.009566307067871094,1.0597284513359553,1.0597284513359553,0.26633691787719727,0.26633691787719727,3.1907452935816583,3.1907452935816583
llama32_3b_instruct,18,down_proj,0.1,dense,1,0.2134554237127304,0.23247751593589783,0.01902209222316742,0.01902209222316742,1.123024468979379,1.123024468979379,0.5485820770263672,0.5485820770263672,3.1907452935816583,3.1907452935816583
llama32_3b_instruct,18,down_proj,0.15,dense,1,0.2134554237127304,0.2418227642774582,0.028367340564727783,0.028367340564727783,1.19010096056525,1.19010096056525,0.8476848602294922,0.8476848602294922,3.1907452935816583,3.1907452935816583
llama32_3b_instruct,18,down_proj,0.2,dense,1,0.2134554237127304,0.25105756521224976,0.03760214149951935,0.03760214149951935,1.26118387980161,1.26118387980161,1.1646528244018555,1.1646528244018555,3.1907452935816583,3.1907452935816583
llama32_3b_instruct,18,up_proj,-0.2,dense,1,0.212942972779274,0.17380404472351074,-0.039138928055763245,-0.039138928055763245,0.8003492433712398,0.8003492433712398,-0.8516042232513428,-0.8516042232513428,3.0451045666247194,3.0451045666247194
llama32_3b_instruct,18,up_proj,-0.15,dense,1,0.212942972779274,0.18375682830810547,-0.029186144471168518,-0.029186144471168518,0.8461738952737169,0.8461738952737169,-0.6561405658721924,-0.6561405658721924,3.0451045666247194,3.0451045666247194
llama32_3b_instruct,18,up_proj,-0.1,dense,1,0.212942972779274,0.19359774887561798,-0.019345223903656006,-0.019345223903656006,0.8946223720109849,0.8946223720109849,-0.44948506355285645,-0.44948506355285645,3.0451045666247194,3.0451045666247194
llama32_3b_instruct,18,up_proj,-0.05,dense,1,0.212942972779274,0.20332655310630798,-0.009616419672966003,-0.009616419672966003,0.9458448635479174,0.9458448635479174,-0.23099708557128906,-0.23099708557128906,3.0451045666247194,3.0451045666247194
llama32_3b_instruct,18,up_proj,0.0,dense,1,0.212942972779274,0.212942972779274,0.0,0.0,1.0,1.0,0.0,0.0,3.0451045666247194,3.0451045666247194
llama32_3b_instruct,18,up_proj,0.05,dense,1,0.212942972779274,0.222447007894516,0.009504035115242004,0.009504035115242004,1.057255745953926,1.057255745953926,0.24422264099121094,0.24422264099121094,3.0451045666247194,3.0451045666247194
llama32_3b_instruct,18,up_proj,0.1,dense,1,0.212942972779274,0.23183858394622803,0.01889561116695404,0.01889561116695404,1.1177899594179672,1.1177899594179672,0.5024294853210449,0.5024294853210449,3.0451045666247194,3.0451045666247194
llama32_3b_instruct,18,up_proj,0.15,dense,1,0.212942972779274,0.24111779034137726,0.02817481756210327,0.02817481756210327,1.1817901123467889,1.1817901123467889,0.7754201889038086,0.7754201889038086,3.0451045666247194,3.0451045666247194
llama32_3b_instruct,18,up_proj,0.2,dense,1,0.212942972779274,0.2502848207950592,0.03734184801578522,0.03734184801578522,1.2494544085421926,1.2494544085421926,1.064040184020996,1.064040184020996,3.0451045666247194,3.0451045666247194
llama32_3b_instruct,19,down_proj,-0.2,dense,1,0.21157582104206085,0.17256689071655273,-0.03900893032550812,-0.03900893032550812,0.7968806082108376,0.7968806082108376,-0.8942720890045166,-0.8942720890045166,3.11195746381126,3.11195746381126
llama32_3b_instruct,19,down_proj,-0.15,dense,1,0.21157582104206085,0.18248292803764343,-0.02909289300441742,-0.02909289300441742,0.8434220025876427,0.8434220025876427,-0.6893646717071533,-0.6893646717071533,3.11195746381126,3.11195746381126
llama32_3b_instruct,19,down_proj,-0.1,dense,1,0.21157582104206085,0.19229017198085785,-0.019285649061203003,-0.019285649061203003,0.892681710634137,0.892681710634137,-0.4724893569946289,-0.4724893569946289,3.11195746381126,3.11195746381126
llama32_3b_instruct,19,down_proj,-0.05,dense,1,0.21157582104206085,0.2019878774881363,-0.00958794355392456,-0.00958794355392456,0.9448184003793303,0.9448184003793303,-0.24294757843017578,-0.24294757843017578,3.11195746381126,3.11195746381126
llama32_3b_instruct,19,down_proj,0.0,dense,1,0.21157582104206085,0.21157582104206085,0.0,0.0,1.0,1.0,0.0,0.0,3.11195746381126,3.11195746381126
llama32_3b_instruct,19,down_proj,0.05,dense,1,0.21157582104206085,0.22105363011360168,0.009477809071540833,0.009477809071540833,1.058404455961445,1.058404455961445,0.25713682174682617,0.25713682174682617,3.11195746381126,3.11195746381126
llama32_3b_instruct,19,down_proj,0.1,dense,1,0.21157582104206085,0.23042109608650208,0.018845275044441223,0.018845275044441223,1.1202200037820393,1.1202200037820393,0.5292916297912598,0.5292916297912598,3.11195746381126,3.11195746381126
llama32_3b_instruct,19,down_proj,0.15,dense,1,0.21157582104206085,0.23967809975147247,0.02810227870941162,0.02810227870941162,1.1856460344798083,1.1856460344798083,0.8173422813415527,0.8173422813415527,3.11195746381126,3.11195746381126
llama32_3b_instruct,19,down_proj,0.2,dense,1,0.21157582104206085,0.24882476031780243,0.03724893927574158,0.03724893927574158,1.254893094572427,1.254893094572427,1.122215747833252,1.122215747833252,3.11195746381126,3.11195746381126
llama32_3b_instruct,19,up_proj,-0.2,dense,1,0.21224498748779297,0.17318589985370636,-0.03905908763408661,-0.03905908763408661,0.7931597026817439,0.7931597026817439,-0.935701847076416,-0.935701847076416,3.1856401834171866,3.1856401834171866
llama32_3b_instruct,19,up_proj,-0.15,dense,1,0.21224498748779297,0.18311652541160583,-0.029128462076187134,-0.029128462076187134,0.8404667066438721,0.8404667066438721,-0.7216949462890625,-0.7216949462890625,3.1856401834171866,3.1856401834171866
llama32_3b_instruct,19,up_proj,-0.1,dense,1,0.21224498748779297,0.19293677806854248,-0.01930820941925049,-0.01930820941925049,0.8905951287609993,0.8905951287609993,-0.49492454528808594,-0.49492454528808594,3.1856401834171866,3.1856401834171866
llama32_3b_instruct,19,up_proj,-0.05,dense,1,0.21224498748779297,0.20264635980129242,-0.00959862768650055,-0.00959862768650055,0.9437136195747624,0.9437136195747624,-0.25462770462036133,-0.25462770462036133,3.1856401834171866,3.1856401834171866
llama32_3b_instruct,19,up_proj,0.0,dense,1,0.21224498748779297,0.21224498748779297,0.0,0.0,1.0,1.0,0.0,0.0,3.1856401834171866,3.1856401834171866
llama32_3b_instruct,19,up_proj,0.05,dense,1,0.21224498748779297,0.2217324823141098,0.009487494826316833,0.009487494826316833,1.059643685676288,1.059643685676288,0.26981544494628906,0.26981544494628906,3.1856401834171866,3.1856401834171866
llama32_3b_instruct,19,up_proj,0.1,dense,1,0.21224498748779297,0.23110876977443695,0.018863782286643982,0.018863782286643982,1.1228447383086437,1.1228447383086437,0.5557236671447754,0.5557236671447754,3.1856401834171866,3.1856401834171866
llama32_3b_instruct,19,up_proj,0.15,dense,1,0.21224498748779297,0.2403738796710968,0.028128892183303833,0.028128892183303833,1.1898152359531755,1.1898152359531755,0.8586840629577637,0.8586840629577637,3.1856401834171866,3.1856401834171866
llama32_3b_instruct,19,up_proj,0.2,dense,1,0.21224498748779297,0.2495279461145401,0.03728295862674713,0.03728295862674713,1.2607802216763802,1.2607802216763802,1.1797146797180176,1.1797146797180176,3.1856401834171866,3.1856401834171866
llama32_3b_instruct,20,down_proj,-0.2,dense,1,0.21924974024295807,0.17916545271873474,-0.04008428752422333,-0.04008428752422333,0.8056825369180424,0.8056825369180424,-0.8086652755737305,-0.8086652755737305,2.9456444284874714,2.9456444284874714
llama32_3b_instruct,20,down_proj,-0.15,dense,1,0.21924974024295807,0.18937012553215027,-0.0298796147108078,-0.0298796147108078,0.8503994298442613,0.8503994298442613,-0.6225728988647461,-0.6225728988647461,2.9456444284874714,2.9456444284874714
llama32_3b_instruct,20,down_proj,-0.1,dense,1,0.21924974024295807,0.19945257902145386,-0.01979716122150421,-0.01979716122150421,0.8975982647832583,0.8975982647832583,-0.42615175247192383,-0.42615175247192383,2.9456444284874714,2.9456444284874714
llama32_3b_instruct,20,down_proj,-0.05,dense,1,0.21924974024295807,0.20941247045993805,-0.00983726978302002,-0.00983726978302002,0.9474166536808044,0.9474166536808044,-0.21882915496826172,-0.21882915496826172,2.9456444284874714,2.9456444284874714
llama32_3b_instruct,20,down_proj,0.0,dense,1,0.21924974024295807,0.21924974024295807,0.0,0.0,1.0,1.0,0.0,0.0,2.9456444284874714,2.9456444284874714
llama32_3b_instruct,20,down_proj,0.05,dense,1,0.21924974024295807,0.22896438837051392,0.009714648127555847,0.009714648127555847,1.055501842464686,1.055501842464686,0.23097467422485352,0.23097467422485352,2.9456444284874714,2.9456444284874714
llama32_3b_instruct,20,down_proj,0.1,dense,1,0.21924974024295807,0.23855644464492798,0.01930670440196991,0.01930670440196991,1.1140841988028563,1.1140841988028563,0.47476911544799805,0.47476911544799805,2.9456444284874714,2.9456444284874714
llama32_3b_instruct,20,down_proj,0.15,dense,1,0.21924974024295807,0.24802611768245697,0.0287763774394989,0.0287763774394989,1.1759181386523425,1.1759181386523425,0.7320952415466309,0.7320952415466309,2.9456444284874714,2.9456444284874714
llama32_3b_instruct,20,down_proj,0.2,dense,1,0.21924974024295807,0.2573736906051636,0.038123950362205505,0.038123950362205505,1.241183783560815,1.241183783560815,1.0037026405334473,1.0037026405334473,2.9456444284874714,2.9456444284874714
llama32_3b_instruct,20,up_proj,-0.2,dense,1,0.21648547053337097,0.1767115592956543,-0.039773911237716675,-0.039773911237716675,0.7979506696997575,0.7979506696997575,-0.8938531875610352,-0.8938531875610352,3.091147240027771,3.091147240027771
llama32_3b_instruct,20,up_proj,-0.15,dense,1,0.21648547053337097,0.1868278682231903,-0.029657602310180664,-0.029657602310180664,0.84427132257955,0.84427132257955,-0.6889336109161377,-0.6889336109161377,3.091147240027771,3.091147240027771
llama32_3b_instruct,20,up_proj,-0.1,dense,1,0.21648547053337097,0.19682927429676056,-0.019656196236610413,-0.019656196236610413,0.8932808524558712,0.8932808524558712,-0.472118616104126,-0.472118616104126,3.091147240027771,3.091147240027771
llama32_3b_instruct,20,up_proj,-0.05,dense,1,0.21648547053337097,0.20671521127223969,-0.009770259261131287,-0.009770259261131287,0.9451353330821926,0.9451353330821926,-0.24271774291992188,-0.24271774291992188,3.091147240027771,3.091147240027771
llama32_3b_instruct,20,up_proj,0.0,dense,1,0.21648547053337097,0.21648547053337097,0.0,0.0,1.0,1.0,0.0,0.0,3.091147240027771,3.091147240027771
llama32_3b_instruct,20,up_proj,0.05,dense,1,0.21648547053337097,0.2261398434638977,0.009654372930526733,0.009654372930526733,1.0580495200031474,1.0580495200031474,0.2568073272705078,0.2568073272705078,3.091147240027771,3.091147240027771
llama32_3b_instruct,20,up_proj,0.1,dense,1,0.21648547053337097,0.23567815124988556,0.019192680716514587,0.019192680716514587,1.1194687456380459,1.1194687456380459,0.5285220146179199,0.5285220146179199,3.091147240027771,3.091147240027771
llama32_3b_instruct,20,up_proj,0.15,dense,1,0.21648547053337097,0.24510042369365692,0.02861495316028595,0.02861495316028595,1.1844534158109825,1.1844534158109825,0.8160099983215332,0.8160099983215332,3.091147240027771,3.091147240027771
llama32_3b_instruct,20,up_proj,0.2,dense,1,0.21648547053337097,0.2544066905975342,0.03792122006416321,0.03792122006416321,1.2532102635738627,1.2532102635738627,1.1201858520507812,1.1201858520507812,3.091147240027771,3.091147240027771
llama32_3b_instruct,21,down_proj,-0.2,dense,1,0.22501511871814728,0.1836363673210144,-0.041378751397132874,-0.041378751397132874,0.7904942821313425,0.7904942821313425,-0.9544453620910645,-0.9544453620910645,3.2397105080046713,3.2397105080046713
llama32_3b_instruct,21,down_proj,-0.15,dense,1,0.22501511871814728,0.19416043162345886,-0.030854687094688416,-0.030854687094688416,0.8383475000044484,0.8383475000044484,-0.7364404201507568,-0.7364404201507568,3.2397105080046713,3.2397105080046713
llama32_3b_instruct,21,down_proj,-0.1,dense,1,0.22501511871814728,0.20456524193286896,-0.02044987678527832,-0.02044987678527832,0.8890975159401872,0.8890975159401872,-0.5052385330200195,-0.5052385330200195,3.2397105080046713,3.2397105080046713
llama32_3b_instruct,21,down_proj,-0.05,dense,1,0.22501511871814728,0.2148502916097641,-0.010164827108383179,-0.010164827108383179,0.9429195968975079,0.9429195968975079,-0.2600412368774414,-0.2600412368774414,3.2397105080046713,3.2397105080046713
llama32_3b_instruct,21,down_proj,0.0,dense,1,0.22501511871814728,0.22501511871814728,0.0,0.0,1.0,1.0,0.0,0.0,3.2397105080046713,3.2397105080046713
llama32_3b_instruct,21,down_proj,0.05,dense,1,0.22501511871814728,0.23505949974060059,0.010044381022453308,0.010044381022453308,1.0605358155335405,1.0605358155335405,0.27578306198120117,0.27578306198120117,3.2397105080046713,3.2397105080046713
llama32_3b_instruct,21,down_proj,0.1,dense,1,0.22501511871814728,0.24498336017131805,0.019968241453170776,0.019968241453170776,1.1247359612945242,1.1247359612945242,0.5682597160339355,0.5682597160339355,3.2397105080046713,3.2397105080046713
llama32_3b_instruct,21,down_proj,0.15,dense,1,0.22501511871814728,0.25478655099868774,0.029771432280540466,0.029771432280540466,1.1928227526133826,1.1928227526133826,0.8784427642822266,0.8784427642822266,3.2397105080046713,3.2397105080046713
llama32_3b_instruct,21,down_proj,0.2,dense,1,0.22501511871814728,0.2644692361354828,0.03945411741733551,0.03945411741733551,1.2650311696769425,1.2650311696769425,1.2074027061462402,1.2074027061462402,3.2397105080046713,3.2397105080046713
llama32_3b_instruct,21,up_proj,-0.2,dense,1,0.21614955365657806,0.1763685643672943,-0.03978098928928375,-0.03978098928928375,0.8096144270684066,0.8096144270684066,-0.7852637767791748,-0.7852637767791748,2.874807516688811,2.874807516688811
llama32_3b_instruct,21,up_proj,-0.15,dense,1,0.21614955365657806,0.18648463487625122,-0.029664918780326843,-0.029664918780326843,0.8535101013224766,0.8535101013224766,-0.6042118072509766,-0.6042118072509766,2.874807516688811,2.874807516688811
llama32_3b_instruct,21,up_proj,-0.1,dense,1,0.21614955365657806,0.1964871883392334,-0.019662365317344666,-0.019662365317344666,0.8997858011652611,0.8997858011652611,-0.4133431911468506,-0.4133431911468506,2.874807516688811,2.874807516688811
llama32_3b_instruct,21,up_proj,-0.05,dense,1,0.21614955365657806,0.20637568831443787,-0.009773865342140198,-0.009773865342140198,0.9485704297167588,0.9485704297167588,-0.2121262550354004,-0.2121262550354004,2.874807516688811,2.874807516688811
llama32_3b_instruct,21,up_proj,0.0,dense,1,0.21614955365657806,0.21614955365657806,0.0,0.0,1.0,1.0,0.0,0.0,2.874807516688811,2.874807516688811
llama32_3b_instruct,21,up_proj,0.05,dense,1,0.21614955365657806,0.2258085459470749,0.009658992290496826,0.009658992290496826,1.0542179239614946,1.0542179239614946,0.22362709045410156,0.22362709045410156,2.874807516688811,2.874807516688811
llama32_3b_instruct,21,up_proj,0.1,dense,1,0.21614955365657806,0.23535236716270447,0.019202813506126404,0.019202813506126404,1.111375648316219,1.111375648316219,0.4593796730041504,0.4593796730041504,2.874807516688811,2.874807516688811
llama32_3b_instruct,21,up_proj,0.15,dense,1,0.21614955365657806,0.24478091299533844,0.028631359338760376,0.028631359338760376,1.171632365527167,1.171632365527167,0.7079143524169922,0.7079143524169922,2.874807516688811,2.874807516688811
llama32_3b_instruct,21,up_proj,0.2,dense,1,0.21614955365657806,0.25409409403800964,0.03794454038143158,0.03794454038143158,1.2351558230626063,1.2351558230626063,0.9699230194091797,0.9699230194091797,2.874807516688811,2.874807516688811
llama32_3b_instruct,22,down_proj,-0.2,dense,1,0.2324143797159195,0.18909241259098053,-0.043321967124938965,-0.043321967124938965,0.7895512263804048,0.7895512263804048,-0.9578959941864014,-0.9578959941864014,3.259105339381239,3.259105339381239
llama32_3b_instruct,22,down_proj,-0.15,dense,1,0.2324143797159195,0.20008473098278046,-0.03232964873313904,-0.03232964873313904,0.8375972309668255,0.8375972309668255,-0.7392058372497559,-0.7392058372497559,3.259105339381239,3.259105339381239
llama32_3b_instruct,22,down_proj,-0.1,dense,1,0.2324143797159195,0.21096977591514587,-0.02144460380077362,-0.02144460380077362,0.8885670525699356,0.8885670525699356,-0.5072073936462402,-0.5072073936462402,3.259105339381239,3.259105339381239
llama32_3b_instruct,22,down_proj,-0.05,dense,1,0.2324143797159195,0.22174659371376038,-0.010667786002159119,-0.010667786002159119,0.9426383128508826,0.9426383128508826,-0.2610921859741211,-0.2610921859741211,3.259105339381239,3.259105339381239
llama32_3b_instruct,22,down_proj,0.0,dense,1,0.2324143797159195,0.2324143797159195,0.0,0.0,1.0,1.0,0.0,0.0,3.259105339381239,3.259105339381239
llama32_3b_instruct,22,down_proj,0.05,dense,1,0.2324143797159195,0.24297241866588593,0.01055803894996643,0.01055803894996643,1.0608523115958501,1.0608523115958501,0.2769804000854492,0.2769804000854492,3.259105339381239,3.259105339381239
llama32_3b_instruct,22,down_proj,0.1,dense,1,0.2324143797159195,0.25341999530792236,0.02100561559200287,0.02100561559200287,1.125407597450964,1.125407597450964,0.5708155632019043,0.5708155632019043,3.259105339381239,3.259105339381239
llama32_3b_instruct,22,down_proj,0.15,dense,1,0.2324143797159195,0.2637566924095154,0.031342312693595886,0.031342312693595886,1.19389130245758,1.19389130245758,0.8825316429138184,0.8825316429138184,3.259105339381239,3.259105339381239
llama32_3b_instruct,22,down_proj,0.2,dense,1,0.2324143797159195,0.2739821672439575,0.041567787528038025,0.041567787528038025,1.2665422808695552,1.2665422808695552,1.2132158279418945,1.2132158279418945,3.259105339381239,3.259105339381239
llama32_3b_instruct,22,up_proj,-0.2,dense,1,0.21475408971309662,0.17512018978595734,-0.03963389992713928,-0.03963389992713928,0.8054101245079286,0.8054101245079286,-0.8290517330169678,-0.8290517330169678,2.9506286933702492,2.9506286933702492
llama32_3b_instruct,22,up_proj,-0.15,dense,1,0.21475408971309662,0.18519455194473267,-0.029559537768363953,-0.029559537768363953,0.8501837674664152,0.8501837674664152,-0.6382932662963867,-0.6382932662963867,2.9506286933702492,2.9506286933702492
llama32_3b_instruct,22,up_proj,-0.1,dense,1,0.21475408971309662,0.19515876471996307,-0.019595324993133545,-0.019595324993133545,0.8974464050262044,0.8974464050262044,-0.43693041801452637,-0.43693041801452637,2.9506286933702492,2.9506286933702492
llama32_3b_instruct,22,up_proj,-0.05,dense,1,0.21475408971309662,0.20501214265823364,-0.009741947054862976,-0.009741947054862976,0.9473364825455323,0.9473364825455323,-0.22437334060668945,-0.22437334060668945,2.9506286933702492,2.9506286933702492
llama32_3b_instruct,22,up_proj,0.0,dense,1,0.21475408971309662,0.21475408971309662,0.0,0.0,1.0,1.0,0.0,0.0,2.9506286933702492,2.9506286933702492
llama32_3b_instruct,22,up_proj,0.05,dense,1,0.21475408971309662,0.22438406944274902,0.009629979729652405,0.009629979729652405,1.0555910156237323,1.0555910156237323,0.2368459701538086,0.2368459701538086,2.9506286933702492,2.9506286933702492
llama32_3b_instruct,22,up_proj,0.1,dense,1,0.21475408971309662,0.2339017540216446,0.019147664308547974,0.019147664308547974,1.1142725972315628,1.1142725972315628,0.4868593215942383,0.4868593215942383,2.9506286933702492,2.9506286933702492
llama32_3b_instruct,22,up_proj,0.15,dense,1,0.21475408971309662,0.24330684542655945,0.02855275571346283,0.02855275571346283,1.1762162066576212,1.1762162066576212,0.7507705688476562,0.7507705688476562,2.9506286933702492,2.9506286933702492
llama32_3b_instruct,22,up_proj,0.2,dense,1,0.21475408971309662,0.2525990903377533,0.03784500062465668,0.03784500062465668,1.24160337855919,1.24160337855919,1.029353141784668,1.029353141784668,2.9506286933702492,2.9506286933702492
llama32_3b_instruct,23,down_proj,-0.2,dense,1,0.23847649991512299,0.19426356256008148,-0.044212937355041504,-0.044212937355041504,0.7920493539006973,0.7920493539006973,-0.9184956550598145,-0.9184956550598145,3.2080328834890413,3.2080328834890413
llama32_3b_instruct,23,down_proj,-0.15,dense,1,0.23847649991512299,0.2054913491010666,-0.032985150814056396,-0.032985150814056396,0.8395841149014428,0.8395841149014428,-0.7085397243499756,-0.7085397243499756,3.2080328834890413,3.2080328834890413
llama32_3b_instruct,23,down_proj,-0.1,dense,1,0.23847649991512299,0.21660320460796356,-0.021873295307159424,-0.021873295307159424,0.8899715477720518,0.8899715477720518,-0.48598384857177734,-0.48598384857177734,3.2080328834890413,3.2080328834890413
llama32_3b_instruct,23,down_proj,-0.05,dense,1,0.23847649991512299,0.22759851813316345,-0.010877981781959534,-0.010877981781959534,0.9433831431750009,0.9433831431750009,-0.25007057189941406,-0.25007057189941406,3.2080328834890413,3.2080328834890413
llama32_3b_instruct,23,down_proj,0.0,dense,1,0.23847649991512299,0.23847649991512299,0.0,0.0,1.0,1.0,0.0,0.0,3.2080328834890413,3.2080328834890413
llama32_3b_instruct,23,down_proj,0.05,dense,1,0.23847649991512299,0.2492367923259735,0.010760292410850525,0.010760292410850525,1.0600148225797659,1.0600148225797659,0.2650790214538574,0.2650790214538574,3.2080328834890413,3.2080328834890413
llama32_3b_instruct,23,down_proj,0.1,dense,1,0.23847649991512299,0.25987890362739563,0.021402403712272644,0.021402403712272644,1.1236315428383892,1.1236315428383892,0.5460672378540039,0.5460672378540039,3.2080328834890413,3.2080328834890413
llama32_3b_instruct,23,down_proj,0.15,dense,1,0.23847649991512299,0.2704025208950043,0.03192602097988129,0.03192602097988129,1.1910659680369906,1.1910659680369906,0.8439178466796875,0.8439178466796875,3.2080328834890413,3.2080328834890413
llama32_3b_instruct,23,down_proj,0.2,dense,1,0.23847649991512299,0.2808074355125427,0.04233093559741974,0.04233093559741974,1.26254772401069,1.26254772401069,1.1596450805664062,1.1596450805664062,3.2080328834890413,3.2080328834890413
llama32_3b_instruct,23,up_proj,-0.2,dense,1,0.21241460740566254,0.17304660379886627,-0.039368003606796265,-0.039368003606796265,0.7810106744800137,0.7810106744800137,-1.0896246433258057,-1.0896246433258057,3.441242631357644,3.441242631357644
llama32_3b_instruct,23,up_proj,-0.15,dense,1,0.21241460740566254,0.18304572999477386,-0.029368877410888672,-0.029368877410888672,0.8307927305512691,0.8307927305512691,-0.8419241905212402,-0.8419241905212402,3.441242631357644,3.441242631357644
llama32_3b_instruct,23,up_proj,-0.1,dense,1,0.21241460740566254,0.19294065237045288,-0.019473955035209656,-0.019473955035209656,0.8837480644083631,0.8837480644083631,-0.5784344673156738,-0.5784344673156738,3.441242631357644,3.441242631357644
llama32_3b_instruct,23,up_proj,-0.05,dense,1,0.21241460740566254,0.20273049175739288,-0.009684115648269653,-0.009684115648269653,0.9400787404140417,0.9400787404140417,-0.29815006256103516,-0.29815006256103516,3.441242631357644,3.441242631357644
llama32_3b_instruct,23,up_proj,0.0,dense,1,0.21241460740566254,0.21241460740566254,0.0,0.0,1.0000000958332287,1.0000000958332287,4.76837158203125e-07,4.76837158203125e-07,3.441242631357644,3.441242631357644
llama32_3b_instruct,23,up_proj,0.05,dense,1,0.21241460740566254,0.22199231386184692,0.009577706456184387,0.009577706456184387,1.0637407887496388,1.0637407887496388,0.3171548843383789,0.3171548843383789,3.441242631357644,3.441242631357644
llama32_3b_instruct,23,up_proj,0.1,dense,1,0.21241460740566254,0.23146319389343262,0.01904858648777008,0.01904858648777008,1.1315443313974383,1.1315443313974383,0.6545248031616211,0.6545248031616211,3.441242631357644,3.441242631357644
llama32_3b_instruct,23,up_proj,0.15,dense,1,0.21241460740566254,0.2408267855644226,0.02841217815876007,0.02841217815876007,1.2036697609938443,1.2036697609938443,1.0133991241455078,1.0133991241455078,3.441242631357644,3.441242631357644
llama32_3b_instruct,23,up_proj,0.2,dense,1,0.21241460740566254,0.2500828206539154,0.03766821324825287,0.03766821324825287,1.2803924064049563,1.2803924064049563,1.3951478004455566,1.3951478004455566,3.441242631357644,3.441242631357644
llama32_3b_instruct,24,down_proj,-0.2,dense,1,0.24505634605884552,0.1986900269985199,-0.04636631906032562,-0.04636631906032562,0.7754802364744993,0.7754802364744993,-1.0786771774291992,-1.0786771774291992,3.5657129732538926,3.5657129732538926
llama32_3b_instruct,24,down_proj,-0.15,dense,1,0.24505634605884552,0.210423082113266,-0.03463326394557953,-0.03463326394557953,0.8263766927811559,0.8263766927811559,-0.8341515064239502,-0.8341515064239502,3.5657129732538926,3.5657129732538926
llama32_3b_instruct,24,down_proj,-0.1,dense,1,0.24505634605884552,0.22206281125545502,-0.022993534803390503,-0.022993534803390503,0.8806136268107653,0.8806136268107653,-0.5735769271850586,-0.5735769271850586,3.5657129732538926,3.5657129732538926
llama32_3b_instruct,24,down_proj,-0.05,dense,1,0.24505634605884552,0.2336077243089676,-0.01144862174987793,-0.01144862174987793,0.9384101342811105,0.9384101342811105,-0.295900821685791,-0.295900821685791,3.5657129732538926,3.5657129732538926
llama32_3b_instruct,24,down_proj,0.0,dense,1,0.24505634605884552,0.2450563609600067,1.4901161193847656e-08,1.4901161193847656e-08,1.0,1.0,0.0,0.0,3.5657129732538926,3.5657129732538926
llama32_3b_instruct,24,down_proj,0.05,dense,1,0.24505634605884552,0.2564074397087097,0.011351093649864197,0.011351093649864197,1.0656322437436139,1.0656322437436139,0.3153219223022461,0.3153219223022461,3.5657129732538926,3.5657129732538926
llama32_3b_instruct,24,down_proj,0.1,dense,1,0.24505634605884552,0.26765990257263184,0.022603556513786316,0.022603556513786316,1.1355718646360653,1.1355718646360653,0.6513381004333496,0.6513381004333496,3.5657129732538926,3.5657129732538926
llama32_3b_instruct,24,down_proj,0.15,dense,1,0.24505634605884552,0.27881255745887756,0.03375621140003204,0.03375621140003204,1.2101019254121754,1.2101019254121754,1.0094084739685059,1.0094084739685059,3.5657129732538926,3.5657129732538926
llama32_3b_instruct,24,down_proj,0.2,dense,1,0.24505634605884552,0.28986454010009766,0.044808194041252136,0.044808194041252136,1.2895236516680801,1.2895236516680801,1.3909802436828613,1.3909802436828613,3.5657129732538926,3.5657129732538926
llama32_3b_instruct,24,up_proj,-0.2,dense,1,0.21181896328926086,0.17236313223838806,-0.0394558310508728,-0.0394558310508728,0.744527471199701,0.744527471199701,-1.6131305694580078,-1.6131305694580078,4.371156024791577,4.371156024791577
llama32_3b_instruct,24,up_proj,-0.15,dense,1,0.21181896328926086,0.18237508833408356,-0.029443874955177307,-0.029443874955177307,0.8015129832616551,0.8015129832616551,-1.2533068656921387,-1.2533068656921387,4.371156024791577,4.371156024791577
llama32_3b_instruct,24,up_proj,-0.1,dense,1,0.21181896328926086,0.19228889048099518,-0.019530072808265686,-0.019530072808265686,0.8628600556560352,0.8628600556560352,-0.8659429550170898,-0.8659429550170898,4.371156024791577,4.371156024791577
llama32_3b_instruct,24,up_proj,-0.05,dense,1,0.21181896328926086,0.20210380852222443,-0.009715154767036438,-0.009715154767036438,0.9289027001106324,0.9289027001106324,-0.4489297866821289,-0.4489297866821289,4.371156024791577,4.371156024791577
llama32_3b_instruct,24,up_proj,0.0,dense,1,0.21181896328926086,0.21181896328926086,0.0,0.0,1.0000000755170084,1.0000000755170084,4.76837158203125e-07,4.76837158203125e-07,4.371156024791577,4.371156024791577
llama32_3b_instruct,24,up_proj,0.05,dense,1,0.21181896328926086,0.22143369913101196,0.009614735841751099,0.009614735841751099,1.0765391310257852,1.0765391310257852,0.4832911491394043,0.4832911491394043,4.371156024791577,4.371156024791577
llama32_3b_instruct,24,up_proj,0.1,dense,1,0.21181896328926086,0.23094753921031952,0.019128575921058655,0.019128575921058655,1.1589365694888631,1.1589365694888631,1.0035734176635742,1.0035734176635742,4.371156024791577,4.371156024791577
llama32_3b_instruct,24,up_proj,0.15,dense,1,0.21181896328926086,0.24035994708538055,0.02854098379611969,0.02854098379611969,1.2476406598676186,1.2476406598676186,1.5636777877807617,1.5636777877807617,4.371156024791577,4.371156024791577
llama32_3b_instruct,24,up_proj,0.2,dense,1,0.21181896328926086,0.24967065453529358,0.037851691246032715,0.037851691246032715,1.3431337292941803,1.3431337292941803,2.16664981842041,2.16664981842041,4.371156024791577,4.371156024791577
llama32_3b_instruct,25,down_proj,-0.2,dense,1,0.23035766184329987,0.18773657083511353,-0.04262109100818634,-0.04262109100818634,0.7914300663569103,0.7914300663569103,-0.9123775959014893,-0.9123775959014893,3.2206039311457513,3.2206039311457513
llama32_3b_instruct,25,down_proj,-0.15,dense,1,0.23035766184329987,0.19856786727905273,-0.03178979456424713,-0.03178979456424713,0.8390916597402951,0.8390916597402951,-0.7038846015930176,-0.7038846015930176,3.2206039311457513,3.2206039311457513
llama32_3b_instruct,25,down_proj,-0.1,dense,1,0.23035766184329987,0.2092825025320053,-0.021075159311294556,-0.021075159311294556,0.8896234688177025,0.8896234688177025,-0.4828360080718994,-0.4828360080718994,3.2206039311457513,3.2206039311457513
llama32_3b_instruct,25,down_proj,-0.05,dense,1,0.23035766184329987,0.2198793888092041,-0.010478273034095764,-0.010478273034095764,0.9431985938330313,0.9431985938330313,-0.2484745979309082,-0.2484745979309082,3.2206039311457513,3.2206039311457513
llama32_3b_instruct,25,down_proj,0.0,dense,1,0.23035766184329987,0.23035766184329987,0.0,0.0,1.0,1.0,0.0,0.0,3.2206039311457513,3.2206039311457513
llama32_3b_instruct,25,down_proj,0.05,dense,1,0.23035766184329987,0.24071642756462097,0.010358765721321106,0.010358765721321106,1.0602222070826124,1.0602222070826124,0.26343870162963867,0.26343870162963867,3.2206039311457513,3.2206039311457513
llama32_3b_instruct,25,down_proj,0.1,dense,1,0.23035766184329987,0.25095513463020325,0.02059747278690338,0.02059747278690338,1.124071016882179,1.124071016882179,0.5427417755126953,0.5427417755126953,3.2206039311457513,3.2206039311457513
llama32_3b_instruct,25,down_proj,0.15,dense,1,0.23035766184329987,0.26107314229011536,0.03071548044681549,0.03071548044681549,1.1917648758022101,1.1917648758022101,0.838864803314209,0.838864803314209,3.2206039311457513,3.2206039311457513
llama32_3b_instruct,25,down_proj,0.2,dense,1,0.23035766184329987,0.27107003331184387,0.040712371468544006,0.040712371468544006,1.2635355288795629,1.2635355288795629,1.1528215408325195,1.1528215408325195,3.2206039311457513,3.2206039311457513
llama32_3b_instruct,25,up_proj,-0.2,dense,1,0.2179781198501587,0.17693766951560974,-0.04104045033454895,-0.04104045033454895,0.7003340514673717,0.7003340514673717,-2.5426554679870605,-2.5426554679870605,5.9357257237706875,5.9357257237706875
llama32_3b_instruct,25,up_proj,-0.15,dense,1,0.2179781198501587,0.18733130395412445,-0.03064681589603424,-0.03064681589603424,0.7655594521920097,0.7655594521920097,-1.989220142364502,-1.989220142364502,5.9357257237706875,5.9357257237706875
llama32_3b_instruct,25,up_proj,-0.1,dense,1,0.2179781198501587,0.19763657450675964,-0.020341545343399048,-0.020341545343399048,0.8368596194818735,0.8368596194818735,-1.3842406272888184,-1.3842406272888184,5.9357257237706875,5.9357257237706875
llama32_3b_instruct,25,up_proj,-0.05,dense,1,0.2179781198501587,0.20785249769687653,-0.010125622153282166,-0.010125622153282166,0.9148001850483953,0.9148001850483953,-0.7229175567626953,-0.7229175567626953,5.9357257237706875,5.9357257237706875
llama32_3b_instruct,25,up_proj,0.0,dense,1,0.2179781198501587,0.2179781198501587,0.0,0.0,1.0,1.0,0.0,0.0,5.9357257237706875,5.9357257237706875
llama32_3b_instruct,25,up_proj,0.05,dense,1,0.2179781198501587,0.22801263630390167,0.010034516453742981,0.010034516453742981,1.093134843902507,1.093134843902507,0.7902460098266602,0.7902460098266602,5.9357257237706875,5.9357257237706875
llama32_3b_instruct,25,up_proj,0.1,dense,1,0.2179781198501587,0.23795531690120697,0.01997719705104828,0.01997719705104828,1.1949434941506993,1.1949434941506993,1.6540889739990234,1.6540889739990234,5.9357257237706875,5.9357257237706875
llama32_3b_instruct,25,up_proj,0.15,dense,1,0.2179781198501587,0.24780577421188354,0.029827654361724854,0.029827654361724854,1.3062343011208555,1.3062343011208555,2.5983877182006836,2.5983877182006836,5.9357257237706875,5.9357257237706875
llama32_3b_instruct,25,up_proj,0.2,dense,1,0.2179781198501587,0.25756341218948364,0.03958529233932495,0.03958529233932495,1.4278899087930808,1.4278899087930808,3.630631446838379,3.630631446838379,5.9357257237706875,5.9357257237706875
llama32_3b_instruct,26,down_proj,-0.2,dense,1,0.22023671865463257,0.17892538011074066,-0.04131133854389191,-0.04131133854389191,0.7919248637172367,0.7919248637172367,-0.9093642234802246,-0.9093642234802246,3.2105552657360117,3.2105552657360117
llama32_3b_instruct,26,down_proj,-0.15,dense,1,0.22023671865463257,0.18940305709838867,-0.030833661556243896,-0.030833661556243896,0.8394851286681893,0.8394851286681893,-0.7015085220336914,-0.7015085220336914,3.2105552657360117,3.2105552657360117
llama32_3b_instruct,26,down_proj,-0.1,dense,1,0.22023671865463257,0.19978205859661102,-0.020454660058021545,-0.020454660058021545,0.8899016499043841,0.8899016499043841,-0.4811699390411377,-0.4811699390411377,3.2105552657360117,3.2105552657360117
llama32_3b_instruct,26,down_proj,-0.05,dense,1,0.22023671865463257,0.21006056666374207,-0.010176151990890503,-0.010176151990890503,0.9433459981043758,0.9433459981043758,-0.24759864807128906,-0.24759864807128906,3.2105552657360117,3.2105552657360117
llama32_3b_instruct,26,down_proj,0.0,dense,1,0.22023671865463257,0.22023671865463257,0.0,0.0,1.0,1.0,0.0,0.0,3.2105552657360117,3.2105552657360117
llama32_3b_instruct,26,down_proj,0.05,dense,1,0.22023671865463257,0.23030900955200195,0.010072290897369385,0.010072290897369385,1.0600565021250214,1.0600565021250214,0.2624688148498535,0.2624688148498535,3.2105552657360117,3.2105552657360117
llama32_3b_instruct,26,down_proj,0.1,dense,1,0.22023671865463257,0.24027588963508606,0.02003917098045349,0.02003917098045349,1.1237197526894591,1.1237197526894591,0.5407004356384277,0.5407004356384277,3.2105552657360117,3.2105552657360117
llama32_3b_instruct,26,down_proj,0.15,dense,1,0.22023671865463257,0.250136137008667,0.029899418354034424,0.029899418354034424,1.191206438095608,1.191206438095608,0.8356418609619141,0.8356418609619141,3.2105552657360117,3.2105552657360117
llama32_3b_instruct,26,down_proj,0.2,dense,1,0.22023671865463257,0.25988855957984924,0.039651840925216675,0.039651840925216675,1.2627461193658398,1.2627461193658398,1.1482963562011719,1.1482963562011719,3.2105552657360117,3.2105552657360117
llama32_3b_instruct,26,up_proj,-0.2,dense,1,0.22631162405014038,0.183315709233284,-0.042995914816856384,-0.042995914816856384,0.6545200910428998,0.6545200910428998,-4.080673694610596,-4.080673694610596,8.325011231455704,8.325011231455704
llama32_3b_instruct,26,up_proj,-0.15,dense,1,0.22631162405014038,0.19418467581272125,-0.03212694823741913,-0.03212694823741913,0.7276829840368112,0.7276829840368112,-3.2165021896362305,-3.2165021896362305,8.325011231455704,8.325011231455704
llama32_3b_instruct,26,up_proj,-0.1,dense,1,0.22631162405014038,0.2049742192029953,-0.02133740484714508,-0.02133740484714508,0.8090241147418284,0.8090241147418284,-2.255732536315918,-2.255732536315918,8.325011231455704,8.325011231455704
llama32_3b_instruct,26,up_proj,-0.05,dense,1,0.22631162405014038,0.2156834602355957,-0.010628163814544678,-0.010628163814544678,0.8994576665856571,0.8994576665856571,-1.1875667572021484,-1.1875667572021484,8.325011231455704,8.325011231455704
llama32_3b_instruct,26,up_proj,0.0,dense,1,0.22631162405014038,0.22631162405014038,0.0,0.0,0.999999919259578,0.999999919259578,-9.5367431640625e-07,-9.5367431640625e-07,8.325011231455704,8.325011231455704
llama32_3b_instruct,26,up_proj,0.05,dense,1,0.22631162405014038,0.2368583232164383,0.010546699166297913,0.010546699166297913,1.1117809157094216,1.1117809157094216,1.3203125,1.3203125,8.325011231455704,8.325011231455704
llama32_3b_instruct,26,up_proj,0.1,dense,1,0.22631162405014038,0.24732306599617004,0.021011441946029663,0.021011441946029663,1.2360568961605507,1.2360568961605507,2.7882118225097656,2.7882118225097656,8.325011231455704,8.325011231455704
llama32_3b_instruct,26,up_proj,0.15,dense,1,0.22631162405014038,0.25770580768585205,0.03139418363571167,0.03139418363571167,1.374224589172548,1.374224589172548,4.420194625854492,4.420194625854492,8.325011231455704,8.325011231455704
llama32_3b_instruct,26,up_proj,0.2,dense,1,0.22631162405014038,0.2680065631866455,0.04169493913650513,0.04169493913650513,1.5278367945406557,1.5278367945406557,6.234601974487305,6.234601974487305,8.325011231455704,8.325011231455704
llama32_3b_instruct,27,down_proj,-0.2,dense,1,0.22391971945762634,0.18162980675697327,-0.042289912700653076,-0.042289912700653076,0.7791902425548429,0.7791902425548429,-1.0404887199401855,-1.0404887199401855,3.4816287890798683,3.4816287890798683
llama32_3b_instruct,27,down_proj,-0.15,dense,1,0.22391971945762634,0.19234265387058258,-0.03157706558704376,-0.03157706558704376,0.8293399830703915,0.8293399830703915,-0.804175615310669,-0.804175615310669,3.4816287890798683,3.4816287890798683
llama32_3b_instruct,27,down_proj,-0.1,dense,1,0.22391971945762634,0.20296335220336914,-0.020956367254257202,-0.020956367254257202,0.8827175816464019,0.8827175816464019,-0.5526523590087891,-0.5526523590087891,3.4816287890798683,3.4816287890798683
llama32_3b_instruct,27,down_proj,-0.05,dense,1,0.22391971945762634,0.21348974108695984,-0.010429978370666504,-0.010429978370666504,0.9395305347702081,0.9395305347702081,-0.2849411964416504,-0.2849411964416504,3.4816287890798683,3.4816287890798683
llama32_3b_instruct,27,down_proj,0.0,dense,1,0.22391971945762634,0.22391971945762634,0.0,0.0,1.0,1.0,0.0,0.0,3.4816287890798683,3.4816287890798683
llama32_3b_instruct,27,down_proj,0.05,dense,1,0.22391971945762634,0.23425152897834778,0.010331809520721436,0.010331809520721436,1.0643613525269693,1.0643613525269693,0.3032803535461426,0.3032803535461426,3.4816287890798683,3.4816287890798683
llama32_3b_instruct,27,down_proj,0.1,dense,1,0.22391971945762634,0.2444833219051361,0.020563602447509766,0.020563602447509766,1.1328652477030428,1.1328652477030428,0.6260809898376465,0.6260809898376465,3.4816287890798683,3.4816287890798683
llama32_3b_instruct,27,down_proj,0.15,dense,1,0.22391971945762634,0.25461357831954956,0.030693858861923218,0.030693858861923218,1.2057781270064698,1.2057781270064698,0.9696574211120605,0.9696574211120605,3.4816287890798683,3.4816287890798683
llama32_3b_instruct,27,down_proj,0.2,dense,1,0.22391971945762634,0.26464077830314636,0.04072105884552002,0.04072105884552002,1.2833836347454664,1.2833836347454664,1.3353462219238281,1.3353462219238281,3.4816287890798683,3.4816287890798683
llama32_3b_instruct,27,up_proj,-0.2,dense,1,0.25057604908943176,0.2010555863380432,-0.04952046275138855,-0.04952046275138855,0.5957974575553147,0.5957974575553147,-7.916221618652344,-7.916221618652344,13.320064816176608,13.320064816176608
llama32_3b_instruct,27,up_proj,-0.15,dense,1,0.25057604908943176,0.21347156167030334,-0.03710448741912842,-0.03710448741912842,0.678147256495135,0.678147256495135,-6.303418159484863,-6.303418159484863,13.320064816176608,13.320064816176608
llama32_3b_instruct,27,up_proj,-0.1,dense,1,0.25057604908943176,0.22586342692375183,-0.02471262216567993,-0.02471262216567993,0.7718792333905008,0.7718792333905008,-4.4676971435546875,-4.4676971435546875,13.320064816176608,13.320064816176608
llama32_3b_instruct,27,up_proj,-0.05,dense,1,0.25057604908943176,0.23823142051696777,-0.01234462857246399,-0.01234462857246399,0.8785664686742494,0.8785664686742494,-2.3782501220703125,-2.3782501220703125,13.320064816176608,13.320064816176608
llama32_3b_instruct,27,up_proj,0.0,dense,1,0.25057604908943176,0.25057604908943176,0.0,0.0,0.9999999026107146,0.9999999026107146,-1.9073486328125e-06,-1.9073486328125e-06,13.320064816176608,13.320064816176608
llama32_3b_instruct,27,up_proj,0.05,dense,1,0.25057604908943176,0.2628982365131378,0.012322187423706055,0.012322187423706055,1.1382176981652832,1.1382176981652832,2.7069644927978516,2.7069644927978516,13.320064816176608,13.320064816176608
llama32_3b_instruct,27,up_proj,0.1,dense,1,0.25057604908943176,0.2751992344856262,0.024623185396194458,0.024623185396194458,1.2955392785596513,1.2955392785596513,5.788074493408203,5.788074493408203,13.320064816176608,13.320064816176608
llama32_3b_instruct,27,up_proj,0.15,dense,1,0.25057604908943176,0.2874804139137268,0.036904364824295044,0.036904364824295044,1.4746058412145613,1.4746058412145613,9.295055389404297,9.295055389404297,13.320064816176608,13.320064816176608
llama32_3b_instruct,27,up_proj,0.2,dense,1,0.25057604908943176,0.29974380135536194,0.049167752265930176,0.049167752265930176,1.6784225273103903,1.6784225273103903,13.286762237548828,13.286762237548828,13.320064816176608,13.320064816176608
qwen3_8b,0,down_proj,-0.2,dense,1,0.21326488256454468,0.17277249693870544,-0.04049238562583923,-0.04049238562583923,0.6998539374958591,0.6998539374958591,-4.553605079650879,-4.553605079650879,5.9561123855400755,5.9561123855400755
qwen3_8b,0,down_proj,-0.15,dense,1,0.21326488256454468,0.1830124706029892,-0.03025241196155548,-0.03025241196155548,0.7651656768453214,0.7651656768453214,-3.562741279602051,-3.562741279602051,5.9561123855400755,5.9561123855400755
qwen3_8b,0,down_proj,-0.1,dense,1,0.21326488256454468,0.19317537546157837,-0.02008950710296631,-0.02008950710296631,0.8365726781650135,0.8365726781650135,-2.4794044494628906,-2.4794044494628906,5.9561123855400755,5.9561123855400755
qwen3_8b,0,down_proj,-0.05,dense,1,0.21326488256454468,0.2032598853111267,-0.010004997253417969,-0.010004997253417969,0.9146433254979898,0.9146433254979898,-1.2949714660644531,-1.2949714660644531,5.9561123855400755,5.9561123855400755
qwen3_8b,0,down_proj,0.0,dense,1,0.21326488256454468,0.21326488256454468,0.0,0.0,0.9999998742791323,0.9999998742791323,-1.9073486328125e-06,-1.9073486328125e-06,5.9561123855400755,5.9561123855400755
qwen3_8b,0,down_proj,0.05,dense,1,0.21326488256454468,0.22318929433822632,0.00992441177368164,0.00992441177368164,1.0933220972403137,1.0933220972403137,1.4158172607421875,1.4158172607421875,5.9561123855400755,5.9561123855400755
qwen3_8b,0,down_proj,0.1,dense,1,0.21326488256454468,0.2330322265625,0.019767343997955322,0.019767343997955322,1.1953531304307485,1.1953531304307485,2.9637603759765625,2.9637603759765625,5.9561123855400755,5.9561123855400755
qwen3_8b,0,down_proj,0.15,dense,1,0.21326488256454468,0.24279285967350006,0.029527977108955383,0.029527977108955383,1.3069061364229824,1.3069061364229824,4.656164169311523,4.656164169311523,5.9561123855400755,5.9561123855400755
qwen3_8b,0,down_proj,0.2,dense,1,0.21326488256454468,0.25247055292129517,0.03920567035675049,0.03920567035675049,1.428869207426734,1.428869207426734,6.506502151489258,6.506502151489258,5.9561123855400755,5.9561123855400755
qwen3_8b,0,up_proj,-0.2,dense,1,0.35117673873901367,0.28828781843185425,-0.06288892030715942,-0.06288892030715942,0.6793157903949415,0.6793157903949415,-4.036036491394043,-4.036036491394043,6.912603311060987,6.912603311060987
qwen3_8b,0,up_proj,-0.15,dense,1,0.35117673873901367,0.30446115136146545,-0.04671558737754822,-0.04671558737754822,0.7482621706777726,0.7482621706777726,-3.16829776763916,-3.16829776763916,6.912603311060987,6.912603311060987
qwen3_8b,0,up_proj,-0.1,dense,1,0.35117673873901367,0.32033881545066833,-0.030837923288345337,-0.030837923288345337,0.8242061664156134,0.8242061664156134,-2.212489128112793,-2.212489128112793,6.912603311060987,6.912603311060987
qwen3_8b,0,up_proj,-0.05,dense,1,0.35117673873901367,0.3359129726886749,-0.015263766050338745,-0.015263766050338745,0.9078580111777868,0.9078580111777868,-1.1596717834472656,-1.1596717834472656,6.912603311060987,6.912603311060987
qwen3_8b,0,up_proj,0.0,dense,1,0.35117673873901367,0.35117673873901367,0.0,0.0,1.0,1.0,0.0,0.0,6.912603311060987,6.912603311060987
qwen3_8b,0,up_proj,0.05,dense,1,0.35117673873901367,0.3661245107650757,0.014947772026062012,0.014947772026062012,1.1014938395023681,1.1014938395023681,1.2773714065551758,1.2773714065551758,6.912603311060987,6.912603311060987
qwen3_8b,0,up_proj,0.1,dense,1,0.35117673873901367,0.3807517886161804,0.029575049877166748,0.029575049877166748,1.2132886799771494,1.2132886799771494,2.6843881607055664,2.6843881607055664,6.912603311060987,6.912603311060987
qwen3_8b,0,up_proj,0.15,dense,1,0.35117673873901367,0.39505499601364136,0.043878257274627686,0.043878257274627686,1.3364299809950195,1.3364299809950195,4.234208106994629,4.234208106994629,6.912603311060987,6.912603311060987
qwen3_8b,0,up_proj,0.2,dense,1,0.35117673873901367,0.40903159976005554,0.05785486102104187,0.05785486102104187,1.4720693620787104,1.4720693620787104,5.9413251876831055,5.9413251876831055,6.912603311060987,6.912603311060987
qwen3_8b,1,down_proj,-0.2,dense,1,0.32086989283561707,0.26564574241638184,-0.05522415041923523,-0.05522415041923523,0.5560543569609545,0.5560543569609545,-10.928975105285645,-10.928975105285645,18.81109588072788,18.81109588072788
qwen3_8b,1,down_proj,-0.15,dense,1,0.32086989283561707,0.27985116839408875,-0.04101872444152832,-0.04101872444152832,0.6439289232080164,0.6439289232080164,-8.765694618225098,-8.765694618225098,18.81109588072788,18.81109588072788
qwen3_8b,1,down_proj,-0.1,dense,1,0.32086989283561707,0.29378610849380493,-0.027083784341812134,-0.027083784341812134,0.7456905177871342,0.7456905177871342,-6.26054573059082,-6.26054573059082,18.81109588072788,18.81109588072788
qwen3_8b,1,down_proj,-0.05,dense,1,0.32086989283561707,0.30745670199394226,-0.013413190841674805,-0.013413190841674805,0.8635337928471819,0.8635337928471819,-3.3595008850097656,-3.3595008850097656,18.81109588072788,18.81109588072788
qwen3_8b,1,down_proj,0.0,dense,1,0.32086989283561707,0.32086989283561707,0.0,0.0,1.0,1.0,0.0,0.0,18.81109588072788,18.81109588072788
qwen3_8b,1,down_proj,0.05,dense,1,0.32086989283561707,0.3340330719947815,0.013163179159164429,0.013163179159164429,1.1580323873509133,1.1580323873509133,3.890413284301758,3.890413284301758,18.81109588072788,18.81109588072788
qwen3_8b,1,down_proj,0.1,dense,1,0.32086989283561707,0.3469545245170593,0.02608463168144226,0.02608463168144226,1.3410389182346802,1.3410389182346802,8.395635604858398,8.395635604858398,18.81109588072788,18.81109588072788
qwen3_8b,1,down_proj,0.15,dense,1,0.32086989283561707,0.35964298248291016,0.03877308964729309,0.03877308964729309,1.5529665729669153,1.5529665729669153,13.612833023071289,13.612833023071289,18.81109588072788,18.81109588072788
qwen3_8b,1,down_proj,0.2,dense,1,0.32086989283561707,0.37210774421691895,0.05123785138130188,0.05123785138130188,1.798385490347784,1.798385490347784,19.654512405395508,19.654512405395508,18.81109588072788,18.81109588072788
qwen3_8b,1,up_proj,-0.2,dense,1,0.36687278747558594,0.30492034554481506,-0.061952441930770874,-0.061952441930770874,0.6612779656344199,0.6612779656344199,-2.8144397735595703,-2.8144397735595703,7.908239291367412,7.908239291367412
qwen3_8b,1,up_proj,-0.15,dense,1,0.36687278747558594,0.3209587335586548,-0.04591405391693115,-0.04591405391693115,0.7333106612218401,0.7333106612218401,-2.2159204483032227,-2.2159204483032227,7.908239291367412,7.908239291367412
qwen3_8b,1,up_proj,-0.1,dense,1,0.36687278747558594,0.336628258228302,-0.030244529247283936,-0.030244529247283936,0.813189912142316,0.813189912142316,-1.5522041320800781,-1.5522041320800781,7.908239291367412,7.908239291367412
qwen3_8b,1,up_proj,-0.05,dense,1,0.36687278747558594,0.35193175077438354,-0.014941036701202393,-0.014941036701202393,0.9017704562339679,0.9017704562339679,-0.8161888122558594,-0.8161888122558594,7.908239291367412,7.908239291367412
qwen3_8b,1,up_proj,0.0,dense,1,0.36687278747558594,0.36687278747558594,0.0,0.0,1.0,1.0,0.0,0.0,7.908239291367412,7.908239291367412
qwen3_8b,1,up_proj,0.05,dense,1,0.36687278747558594,0.3814557194709778,0.014582931995391846,0.014582931995391846,1.1089295484603758,1.1089295484603758,0.905095100402832,0.905095100402832,7.908239291367412,7.908239291367412
qwen3_8b,1,up_proj,0.1,dense,1,0.36687278747558594,0.3956853449344635,0.028812557458877563,0.028812557458877563,1.229724767988662,1.229724767988662,1.9087820053100586,1.9087820053100586,7.908239291367412,7.908239291367412
qwen3_8b,1,up_proj,0.15,dense,1,0.36687278747558594,0.4095669984817505,0.04269421100616455,0.04269421100616455,1.363678611686299,1.363678611686299,3.021803855895996,3.021803855895996,7.908239291367412,7.908239291367412
qwen3_8b,1,up_proj,0.2,dense,1,0.36687278747558594,0.4231066107749939,0.05623382329940796,0.05623382329940796,1.5122234856523524,1.5122234856523524,4.2560625076293945,4.2560625076293945,7.908239291367412,7.908239291367412
qwen3_8b,2,down_proj,-0.2,dense,1,0.3512791395187378,0.2922627329826355,-0.059016406536102295,-0.059016406536102295,0.5787672513764427,0.5787672513764427,-7.733227729797363,-7.733227729797363,15.398576857257273,15.398576857257273
qwen3_8b,2,down_proj,-0.15,dense,1,0.3512791395187378,0.30750077962875366,-0.04377835988998413,-0.04377835988998413,0.6635565757045016,0.6635565757045016,-6.176617622375488,-6.176617622375488,15.398576857257273,15.398576857257273
qwen3_8b,2,down_proj,-0.1,dense,1,0.3512791395187378,0.3224102556705475,-0.028868883848190308,-0.028868883848190308,0.7607675456048898,0.7607675456048898,-4.391963958740234,-4.391963958740234,15.398576857257273,15.398576857257273
qwen3_8b,2,down_proj,-0.05,dense,1,0.3512791395187378,0.3370000720024109,-0.014279067516326904,-0.014279067516326904,0.8722199723350456,0.8722199723350456,-2.345857620239258,-2.345857620239258,15.398576857257273,15.398576857257273
qwen3_8b,2,down_proj,0.0,dense,1,0.3512791395187378,0.3512791395187378,0.0,0.0,1.0000001038942257,1.0000001038942257,1.9073486328125e-06,1.9073486328125e-06,15.398576857257273,15.398576857257273
qwen3_8b,2,down_proj,0.05,dense,1,0.3512791395187378,0.36525726318359375,0.013978123664855957,0.013978123664855957,1.1465000009350481,1.1465000009350481,2.6895294189453125,2.6895294189453125,15.398576857257273,15.398576857257273
qwen3_8b,2,down_proj,0.1,dense,1,0.3512791395187378,0.37894415855407715,0.027665019035339355,0.027665019035339355,1.3144621593334314,1.3144621593334314,5.773073196411133,5.773073196411133,15.398576857257273,15.398576857257273
qwen3_8b,2,down_proj,0.15,dense,1,0.3512791395187378,0.39235007762908936,0.04107093811035156,0.04107093811035156,1.5070307300418673,1.5070307300418673,9.308355331420898,9.308355331420898,15.398576857257273,15.398576857257273
qwen3_8b,2,down_proj,0.2,dense,1,0.3512791395187378,0.40548545122146606,0.05420631170272827,0.05420631170272827,1.727810634903847,1.727810634903847,13.361557006835938,13.361557006835938,15.398576857257273,15.398576857257273
qwen3_8b,2,up_proj,-0.2,dense,1,0.3910115957260132,0.32563209533691406,-0.06537950038909912,-0.06537950038909912,0.6081559873072426,0.6081559873072426,-5.03446626663208,-5.03446626663208,12.020570747914652,12.020570747914652
qwen3_8b,2,up_proj,-0.15,dense,1,0.3910115957260132,0.34256741404533386,-0.04844418168067932,-0.04844418168067932,0.6886701182059418,0.6886701182059418,-4.000009536743164,-4.000009536743164,12.020570747914652,12.020570747914652
qwen3_8b,2,up_proj,-0.1,dense,1,0.3910115957260132,0.3591049909591675,-0.0319066047668457,-0.0319066047668457,0.7798436044461764,0.7798436044461764,-2.8285999298095703,-2.8285999298095703,12.020570747914652,12.020570747914652
qwen3_8b,2,up_proj,-0.05,dense,1,0.3910115957260132,0.3752508759498596,-0.015760719776153564,-0.015760719776153564,0.8830876060049361,0.8830876060049361,-1.5021066665649414,-1.5021066665649414,12.020570747914652,12.020570747914652
qwen3_8b,2,up_proj,0.0,dense,1,0.3910115957260132,0.3910115957260132,0.0,0.0,1.000000074226651,1.000000074226651,9.5367431640625e-07,9.5367431640625e-07,12.020570747914652,12.020570747914652
qwen3_8b,2,up_proj,0.05,dense,1,0.3910115957260132,0.4063943028450012,0.015382707118988037,0.015382707118988037,1.1323907290912802,1.1323907290912802,1.700974464416504,1.700974464416504,12.020570747914652,12.020570747914652
qwen3_8b,2,up_proj,0.1,dense,1,0.3910115957260132,0.4214065372943878,0.030394941568374634,0.030394941568374634,1.2823085973018613,1.2823085973018613,3.6271400451660156,3.6271400451660156,12.020570747914652,12.020570747914652
qwen3_8b,2,up_proj,0.15,dense,1,0.3910115957260132,0.43605613708496094,0.045044541358947754,0.045044541358947754,1.4520743008777302,1.4520743008777302,5.808313369750977,5.808313369750977,12.020570747914652,12.020570747914652
qwen3_8b,2,up_proj,0.2,dense,1,0.3910115957260132,0.4503510594367981,0.05933946371078491,0.05933946371078491,1.644315389040435,1.644315389040435,8.278253555297852,8.278253555297852,12.020570747914652,12.020570747914652
qwen3_8b,3,down_proj,-0.2,dense,1,0.2610923945903778,0.21350806951522827,-0.047584325075149536,-0.047584325075149536,0.6708906815402347,0.6708906815402347,-4.128578186035156,-4.128578186035156,7.357679899351257,7.357679899351257
qwen3_8b,3,down_proj,-0.15,dense,1,0.2610923945903778,0.22563885152339935,-0.035453543066978455,-0.035453543066978455,0.741291157499278,0.741291157499278,-3.245425224304199,-3.245425224304199,7.357679899351257,7.357679899351257
qwen3_8b,3,down_proj,-0.1,dense,1,0.2610923945903778,0.2376135289669037,-0.02347886562347412,-0.02347886562347412,0.8190791551787799,0.8190791551787799,-2.2695980072021484,-2.2695980072021484,7.357679899351257,7.357679899351257
qwen3_8b,3,down_proj,-0.05,dense,1,0.2610923945903778,0.24943144619464874,-0.011660948395729065,-0.011660948395729065,0.9050298717363056,0.9050298717363056,-1.1913719177246094,-1.1913719177246094,7.357679899351257,7.357679899351257
qwen3_8b,3,down_proj,0.0,dense,1,0.2610923945903778,0.2610923945903778,0.0,0.0,0.9999999239779193,0.9999999239779193,-9.5367431640625e-07,-9.5367431640625e-07,7.357679899351257,7.357679899351257
qwen3_8b,3,down_proj,0.05,dense,1,0.2610923945903778,0.27259644865989685,0.011504054069519043,0.011504054069519043,1.1049357107870694,1.1049357107870694,1.3163871765136719,1.3163871765136719,7.357679899351257,7.357679899351257
qwen3_8b,3,down_proj,0.1,dense,1,0.2610923945903778,0.2839438319206238,0.02285143733024597,0.02285143733024597,1.2208829919067654,1.2208829919067654,2.77091121673584,2.77091121673584,7.357679899351257,7.357679899351257
qwen3_8b,3,down_proj,0.15,dense,1,0.2610923945903778,0.29513517022132874,0.03404277563095093,0.03404277563095093,1.3489973789867213,1.3489973789867213,4.378067970275879,4.378067970275879,7.357679899351257,7.357679899351257
qwen3_8b,3,down_proj,0.2,dense,1,0.2610923945903778,0.3061712682247162,0.04507887363433838,0.04507887363433838,1.4905555108292314,1.4905555108292314,6.153872489929199,6.153872489929199,7.357679899351257,7.357679899351257
qwen3_8b,3,up_proj,-0.2,dense,1,0.29618173837661743,0.24240243434906006,-0.05377930402755737,-0.05377930402755737,0.7136989406803936,0.7136989406803936,-2.2757511138916016,-2.2757511138916016,5.4003830191909685,5.4003830191909685
qwen3_8b,3,up_proj,-0.15,dense,1,0.29618173837661743,0.2561347186565399,-0.040047019720077515,-0.040047019720077515,0.7764907436785128,0.7764907436785128,-1.7766313552856445,-1.7766313552856445,5.4003830191909685,5.4003830191909685
qwen3_8b,3,up_proj,-0.1,dense,1,0.29618173837661743,0.2696765661239624,-0.02650517225265503,-0.02650517225265503,0.8448070111724454,0.8448070111724454,-1.2335987091064453,-1.2335987091064453,5.4003830191909685,5.4003830191909685
qwen3_8b,3,up_proj,-0.05,dense,1,0.29618173837661743,0.2830260694026947,-0.01315566897392273,-0.01315566897392273,0.9191337703018462,0.9191337703018462,-0.6427898406982422,-0.6427898406982422,5.4003830191909685,5.4003830191909685
qwen3_8b,3,up_proj,0.0,dense,1,0.29618173837661743,0.29618173837661743,0.0,0.0,0.9999998800229228,0.9999998800229228,-9.5367431640625e-07,-9.5367431640625e-07,5.4003830191909685,5.4003830191909685
qwen3_8b,3,up_proj,0.05,dense,1,0.29618173837661743,0.30914247035980225,0.012960731983184814,0.012960731983184814,1.0879805704322132,1.0879805704322132,0.6993403434753418,0.6993403434753418,5.4003830191909685,5.4003830191909685
qwen3_8b,3,up_proj,0.1,dense,1,0.29618173837661743,0.32190749049186707,0.025725752115249634,0.025725752115249634,1.183702121872595,1.183702121872595,1.460212230682373,1.460212230682373,5.4003830191909685,5.4003830191909685
qwen3_8b,3,up_proj,0.15,dense,1,0.29618173837661743,0.33447638154029846,0.03829464316368103,0.03829464316368103,1.2878451043143697,1.2878451043143697,2.288024425506592,2.288024425506592,5.4003830191909685,5.4003830191909685
qwen3_8b,3,up_proj,0.2,dense,1,0.29618173837661743,0.3468489944934845,0.050667256116867065,0.050667256116867065,1.4011506161632759,1.4011506161632759,3.1886677742004395,3.1886677742004395,5.4003830191909685,5.4003830191909685
qwen3_8b,4,down_proj,-0.2,dense,1,0.20276960730552673,0.16414178907871246,-0.03862781822681427,-0.03862781822681427,0.6804441812606341,0.6804441812606341,-4.890127182006836,-4.890127182006836,6.855477992660357,6.855477992660357
qwen3_8b,4,down_proj,-0.15,dense,1,0.20276960730552673,0.1739000678062439,-0.028869539499282837,-0.028869539499282837,0.7491939857319864,0.7491939857319864,-3.8380565643310547,-3.8380565643310547,6.855477992660357,6.855477992660357
qwen3_8b,4,down_proj,-0.1,dense,1,0.20276960730552673,0.18359127640724182,-0.019178330898284912,-0.019178330898284912,0.8248903388095481,0.8248903388095481,-2.6796836853027344,-2.6796836853027344,6.855477992660357,6.855477992660357
qwen3_8b,4,down_proj,-0.05,dense,1,0.20276960730552673,0.19321466982364655,-0.009554937481880188,-0.009554937481880188,0.9082347131496583,0.9082347131496583,-1.4042739868164062,-1.4042739868164062,6.855477992660357,6.855477992660357
qwen3_8b,4,down_proj,0.0,dense,1,0.20276960730552673,0.20276960730552673,0.0,0.0,1.0,1.0,0.0,0.0,6.855477992660357,6.855477992660357
qwen3_8b,4,down_proj,0.05,dense,1,0.20276960730552673,0.21225561201572418,0.009486004710197449,0.009486004710197449,1.1010369904679238,1.1010369904679238,1.5461578369140625,1.5461578369140625,6.855477992660357,6.855477992660357
qwen3_8b,4,down_proj,0.1,dense,1,0.20276960730552673,0.22167231142520905,0.018902704119682312,0.018902704119682312,1.2122824771058545,1.2122824771058545,3.24853515625,3.24853515625,6.855477992660357,6.855477992660357
qwen3_8b,4,down_proj,0.15,dense,1,0.20276960730552673,0.2310194969177246,0.028249889612197876,0.028249889612197876,1.334767854055797,1.334767854055797,5.122915267944336,5.122915267944336,6.855477992660357,6.855477992660357
qwen3_8b,4,down_proj,0.2,dense,1,0.20276960730552673,0.24029698967933655,0.037527382373809814,0.037527382373809814,1.4696283403927224,1.4696283403927224,7.186670303344727,7.186670303344727,6.855477992660357,6.855477992660357
qwen3_8b,4,up_proj,-0.2,dense,1,0.21965037286281586,0.178397074341774,-0.04125329852104187,-0.04125329852104187,0.768358853145287,0.768358853145287,-1.7892603874206543,-1.7892603874206543,3.7340448595282845,3.7340448595282845
qwen3_8b,4,up_proj,-0.15,dense,1,0.21965037286281586,0.18885082006454468,-0.03079955279827118,-0.03079955279827118,0.8206784956808708,0.8206784956808708,-1.3851289749145508,-1.3851289749145508,3.7340448595282845,3.7340448595282845
qwen3_8b,4,up_proj,-0.1,dense,1,0.21965037286281586,0.19921185076236725,-0.02043852210044861,-0.02043852210044861,0.8765608927424642,0.8765608927424642,-0.9534778594970703,-0.9534778594970703,3.7340448595282845,3.7340448595282845
qwen3_8b,4,up_proj,-0.05,dense,1,0.21965037286281586,0.20947878062725067,-0.010171592235565186,-0.010171592235565186,0.9362483434916871,0.9362483434916871,-0.4924354553222656,-0.4924354553222656,3.7340448595282845,3.7340448595282845
qwen3_8b,4,up_proj,0.0,dense,1,0.21965037286281586,0.21965034306049347,-2.9802322387695312e-08,-2.9802322387695312e-08,1.0000000617322704,1.0000000617322704,4.76837158203125e-07,4.76837158203125e-07,3.7340448595282845,3.7340448595282845
qwen3_8b,4,up_proj,0.05,dense,1,0.21965037286281586,0.22972552478313446,0.010075151920318604,0.010075151920318604,1.0680927315004898,1.0680927315004898,0.5259671211242676,0.5259671211242676,3.7340448595282845,3.7340448595282845
qwen3_8b,4,up_proj,0.1,dense,1,0.21965037286281586,0.23970316350460052,0.020052790641784668,0.020052790641784668,1.1408221121041981,1.1408221121041981,1.0877490043640137,1.0877490043640137,3.7340448595282845,3.7340448595282845
qwen3_8b,4,up_proj,0.15,dense,1,0.21965037286281586,0.24958236515522003,0.029931992292404175,0.029931992292404175,1.218503902374612,1.218503902374612,1.6877846717834473,1.6877846717834473,3.7340448595282845,3.7340448595282845
qwen3_8b,4,up_proj,0.2,dense,1,0.21965037286281586,0.2593623697757721,0.03971199691295624,0.03971199691295624,1.301475160508533,1.301475160508533,2.3286776542663574,2.3286776542663574,3.7340448595282845,3.7340448595282845
qwen3_8b,5,down_proj,-0.2,dense,1,0.19601234793663025,0.1584082394838333,-0.037604108452796936,-0.037604108452796936,0.723576488845805,0.723576488845805,-3.3715524673461914,-3.3715524673461914,5.041708637253601,5.041708637253601
qwen3_8b,5,down_proj,-0.15,dense,1,0.19601234793663025,0.16789716482162476,-0.028115183115005493,-0.028115183115005493,0.7845368613002284,0.7845368613002284,-2.6280155181884766,-2.6280155181884766,5.041708637253601,5.041708637253601
qwen3_8b,5,down_proj,-0.1,dense,1,0.19601234793663025,0.17732825875282288,-0.018684089183807373,-0.018684089183807373,0.8506329157472303,0.8506329157472303,-1.82183837890625,-1.82183837890625,5.041708637253601,5.041708637253601
qwen3_8b,5,down_proj,-0.05,dense,1,0.19601234793663025,0.18670035898685455,-0.009311988949775696,-0.009311988949775696,0.9222976623549655,0.9222976623549655,-0.9477396011352539,-0.9477396011352539,5.041708637253601,5.041708637253601
qwen3_8b,5,down_proj,0.0,dense,1,0.19601234793663025,0.19601234793663025,0.0,0.0,1.0,1.0,0.0,0.0,5.041708637253601,5.041708637253601
qwen3_8b,5,down_proj,0.05,dense,1,0.19601234793663025,0.2052631974220276,0.009250849485397339,0.009250849485397339,1.0842487820904867,1.0842487820904867,1.0275869369506836,1.0275869369506836,5.041708637253601,5.041708637253601
qwen3_8b,5,down_proj,0.1,dense,1,0.19601234793663025,0.21445201337337494,0.01843966543674469,0.01843966543674469,1.175595318611196,1.175595318611196,2.1417455673217773,2.1417455673217773,5.041708637253601,5.041708637253601
qwen3_8b,5,down_proj,0.15,dense,1,0.19601234793663025,0.22357794642448425,0.027565598487854004,0.027565598487854004,1.274637441946691,1.274637441946691,3.3497676849365234,3.3497676849365234,5.041708637253601,5.041708637253601
qwen3_8b,5,down_proj,0.2,dense,1,0.19601234793663025,0.23264014720916748,0.03662779927253723,0.03662779927253723,1.3820239636490388,1.3820239636490388,4.659566879272461,4.659566879272461,5.041708637253601,5.041708637253601
qwen3_8b,5,up_proj,-0.2,dense,1,0.1975998431444168,0.16049499809741974,-0.03710484504699707,-0.03710484504699707,0.8368072013061256,0.8368072013061256,-0.9542016983032227,-0.9542016983032227,2.4370983229896312,2.4370983229896312
qwen3_8b,5,up_proj,-0.15,dense,1,0.1975998431444168,0.16989590227603912,-0.027703940868377686,-0.027703940868377686,0.8749214253210267,0.8749214253210267,-0.7313446998596191,-0.7313446998596191,2.4370983229896312,2.4370983229896312
qwen3_8b,5,up_proj,-0.1,dense,1,0.1975998431444168,0.17921432852745056,-0.018385514616966248,-0.018385514616966248,0.9147717134417748,0.9147717134417748,-0.4983367919921875,-0.4983367919921875,2.4370983229896312,2.4370983229896312
qwen3_8b,5,up_proj,-0.05,dense,1,0.1975998431444168,0.18844933807849884,-0.009150505065917969,-0.009150505065917969,0.9564370073281999,0.9564370073281999,-0.2547163963317871,-0.2547163963317871,2.4370983229896312,2.4370983229896312
qwen3_8b,5,up_proj,0.0,dense,1,0.1975998431444168,0.1975998431444168,0.0,0.0,1.0000000815513015,1.0000000815513015,4.76837158203125e-07,4.76837158203125e-07,2.4370983229896312,2.4370983229896312
qwen3_8b,5,up_proj,0.05,dense,1,0.1975998431444168,0.2066650092601776,0.009065166115760803,0.009065166115760803,1.0455472989393437,1.0455472989393437,0.26631879806518555,0.26631879806518555,2.4370983229896312,2.4370983229896312
qwen3_8b,5,up_proj,0.1,dense,1,0.1975998431444168,0.21564389765262604,0.01804405450820923,0.01804405450820923,1.0931690183343636,1.0931690183343636,0.544766902923584,0.544766902923584,2.4370983229896312,2.4370983229896312
qwen3_8b,5,up_proj,0.15,dense,1,0.1975998431444168,0.22453580796718597,0.026935964822769165,0.026935964822769165,1.1429598392460745,1.1429598392460745,0.8358979225158691,0.8358979225158691,2.4370983229896312,2.4370983229896312
qwen3_8b,5,up_proj,0.2,dense,1,0.1975998431444168,0.23333993554115295,0.035740092396736145,0.035740092396736145,1.1950185203005654,1.1950185203005654,1.140289306640625,1.140289306640625,2.4370983229896312,2.4370983229896312
qwen3_8b,6,down_proj,-0.2,dense,1,0.19881276786327362,0.1609252393245697,-0.03788752853870392,-0.03788752853870392,0.7554300428248393,0.7554300428248393,-2.4722180366516113,-2.4722180366516113,4.064702649823618,4.064702649823618
qwen3_8b,6,down_proj,-0.15,dense,1,0.19881276786327362,0.17049852013587952,-0.028314247727394104,-0.028314247727394104,0.810299698399616,0.810299698399616,-1.917572021484375,-1.917572021484375,4.064702649823618,4.064702649823618
qwen3_8b,6,down_proj,-0.1,dense,1,0.19881276786327362,0.1800050139427185,-0.018807753920555115,-0.018807753920555115,0.8691547000147932,0.8691547000147932,-1.3226404190063477,-1.3226404190063477,4.064702649823618,4.064702649823618
qwen3_8b,6,down_proj,-0.05,dense,1,0.19881276786327362,0.18944348394870758,-0.00936928391456604,-0.00936928391456604,0.9322846380040636,0.9322846380040636,-0.6844959259033203,-0.6844959259033203,4.064702649823618,4.064702649823618
qwen3_8b,6,down_proj,0.0,dense,1,0.19881276786327362,0.19881276786327362,0.0,0.0,0.9999999056555355,0.9999999056555355,-9.5367431640625e-07,-9.5367431640625e-07,4.064702649823618,4.064702649823618
qwen3_8b,6,down_proj,0.05,dense,1,0.19881276786327362,0.20811179280281067,0.009299024939537048,0.009299024939537048,1.0726335389287902,1.0726335389287902,0.7342109680175781,0.7342109680175781,4.064702649823618,4.064702649823618
qwen3_8b,6,down_proj,0.1,dense,1,0.19881276786327362,0.21733953058719635,0.01852676272392273,0.01852676272392273,1.1505428203107781,1.1505428203107781,1.5217514038085938,1.5217514038085938,4.064702649823618,4.064702649823618
qwen3_8b,6,down_proj,0.15,dense,1,0.19881276786327362,0.22649507224559784,0.02768230438232422,0.02768230438232422,1.234110977016179,1.234110977016179,2.3664941787719727,2.3664941787719727,4.064702649823618,4.064702649823618
qwen3_8b,6,down_proj,0.2,dense,1,0.19881276786327362,0.23557759821414948,0.036764830350875854,0.036764830350875854,1.3237489735322265,1.3237489735322265,3.2725934982299805,3.2725934982299805,4.064702649823618,4.064702649823618
qwen3_8b,6,up_proj,-0.2,dense,1,0.19595102965831757,0.15906047821044922,-0.03689055144786835,-0.03689055144786835,0.8518201548041779,0.8518201548041779,-0.8218979835510254,-0.8218979835510254,2.2297726141314276,2.2297726141314276
qwen3_8b,6,up_proj,-0.15,dense,1,0.19595102965831757,0.1684032827615738,-0.027547746896743774,-0.027547746896743774,0.8866678157841459,0.8866678157841459,-0.6286110877990723,-0.6286110877990723,2.2297726141314276,2.2297726141314276
qwen3_8b,6,up_proj,-0.1,dense,1,0.19595102965831757,0.17766673862934113,-0.01828429102897644,-0.01828429102897644,0.92294101287685,0.92294101287685,-0.4274172782897949,-0.4274172782897949,2.2297726141314276,2.2297726141314276
qwen3_8b,6,up_proj,-0.05,dense,1,0.19595102965831757,0.1868496686220169,-0.00910136103630066,-0.00910136103630066,0.9606982049266191,0.9606982049266191,-0.21799230575561523,-0.21799230575561523,2.2297726141314276,2.2297726141314276
qwen3_8b,6,up_proj,0.0,dense,1,0.19595102965831757,0.19595102965831757,0.0,0.0,1.0,1.0,0.0,0.0,2.2297726141314276,2.2297726141314276
qwen3_8b,6,up_proj,0.05,dense,1,0.19595102965831757,0.20496980845928192,0.009018778800964355,0.009018778800964355,1.0409096711990897,1.0409096711990897,0.22691059112548828,0.22691059112548828,2.2297726141314276,2.2297726141314276
qwen3_8b,6,up_proj,0.1,dense,1,0.19595102965831757,0.21390506625175476,0.017954036593437195,0.017954036593437195,1.0834928987548695,1.0834928987548695,0.4631037712097168,0.4631037712097168,2.2297726141314276,2.2297726141314276
qwen3_8b,6,up_proj,0.15,dense,1,0.19595102965831757,0.22275590896606445,0.026804879307746887,0.026804879307746887,1.1278181998716486,1.1278181998716486,0.7089595794677734,0.7089595794677734,2.2297726141314276,2.2297726141314276
qwen3_8b,6,up_proj,0.2,dense,1,0.19595102965831757,0.2315216213464737,0.03557059168815613,0.03557059168815613,1.1739567567892855,1.1739567567892855,0.9648728370666504,0.9648728370666504,2.2297726141314276,2.2297726141314276
qwen3_8b,7,down_proj,-0.2,dense,1,0.21193091571331024,0.17121730744838715,-0.040713608264923096,-0.040713608264923096,0.7820273015642678,0.7820273015642678,-1.833611011505127,-1.833611011505127,3.418933546953533,3.418933546953533
qwen3_8b,7,down_proj,-0.15,dense,1,0.21193091571331024,0.18149282038211823,-0.030438095331192017,-0.030438095331192017,0.8316036409643636,0.8316036409643636,-1.4165692329406738,-1.4165692329406738,3.418933546953533,3.418933546953533
qwen3_8b,7,down_proj,-0.1,dense,1,0.21193091571331024,0.19170483946800232,-0.020226076245307922,-0.020226076245307922,0.8843230273197034,0.8843230273197034,-0.9730877876281738,-0.9730877876281738,3.418933546953533,3.418933546953533
qwen3_8b,7,down_proj,-0.05,dense,1,0.21193091571331024,0.201851487159729,-0.010079428553581238,-0.010079428553581238,0.9403845368982647,0.9403845368982647,-0.5014920234680176,-0.5014920234680176,3.418933546953533,3.418933546953533
qwen3_8b,7,down_proj,0.0,dense,1,0.21193091571331024,0.21193091571331024,0.0,0.0,1.0,1.0,0.0,0.0,3.418933546953533,3.418933546953533
qwen3_8b,7,down_proj,0.05,dense,1,0.21193091571331024,0.22194157540798187,0.01001065969467163,0.01001065969467163,1.0633949079102207,1.0633949079102207,0.5332851409912109,0.5332851409912109,3.418933546953533,3.418933546953533
qwen3_8b,7,down_proj,0.1,dense,1,0.21193091571331024,0.2318817526102066,0.019950836896896362,0.019950836896896362,1.1308086396379442,1.1308086396379442,1.100377082824707,1.100377082824707,3.418933546953533,3.418933546953533
qwen3_8b,7,down_proj,0.15,dense,1,0.21193091571331024,0.24175000190734863,0.02981908619403839,0.02981908619403839,1.2024960490843173,1.2024960490843173,1.7034196853637695,1.7034196853637695,3.418933546953533,3.418933546953533
qwen3_8b,7,down_proj,0.2,dense,1,0.21193091571331024,0.25154489278793335,0.03961397707462311,0.03961397707462311,1.2787280885730676,1.2787280885730676,2.3446922302246094,2.3446922302246094,3.418933546953533,3.418933546953533
qwen3_8b,7,up_proj,-0.2,dense,1,0.19216983020305634,0.15597008168697357,-0.036199748516082764,-0.036199748516082764,0.8577657744452736,0.8577657744452736,-0.7729625701904297,-0.7729625701904297,2.1535576684967856,2.1535576684967856
qwen3_8b,7,up_proj,-0.15,dense,1,0.19216983020305634,0.1651364117860794,-0.02703341841697693,-0.02703341841697693,0.8913053492482781,0.8913053492482781,-0.5906939506530762,-0.5906939506530762,2.1535576684967856,2.1535576684967856
qwen3_8b,7,up_proj,-0.1,dense,1,0.19216983020305634,0.17422589659690857,-0.017943933606147766,-0.017943933606147766,0.9261564285172156,0.9261564285172156,-0.40129804611206055,-0.40129804611206055,2.1535576684967856,2.1535576684967856
qwen3_8b,7,up_proj,-0.05,dense,1,0.19216983020305634,0.18323737382888794,-0.008932456374168396,-0.008932456374168396,0.9623702545487409,0.9623702545487409,-0.2044963836669922,-0.2044963836669922,2.1535576684967856,2.1535576684967856
qwen3_8b,7,up_proj,0.0,dense,1,0.19216983020305634,0.19216980040073395,-2.9802322387695312e-08,-2.9802322387695312e-08,1.0,1.0,0.0,0.0,2.1535576684967856,2.1535576684967856
qwen3_8b,7,up_proj,0.05,dense,1,0.19216983020305634,0.20102226734161377,0.008852437138557434,0.008852437138557434,1.039101206606922,1.039101206606922,0.2124929428100586,0.2124929428100586,2.1535576684967856,2.1535576684967856
qwen3_8b,7,up_proj,0.1,dense,1,0.19216983020305634,0.20979377627372742,0.01762394607067108,0.01762394607067108,1.079731258722268,1.079731258722268,0.43329429626464844,0.43329429626464844,2.1535576684967856,2.1535576684967856
qwen3_8b,7,up_proj,0.15,dense,1,0.19216983020305634,0.21848353743553162,0.02631370723247528,0.02631370723247528,1.1219499975212417,1.1219499975212417,0.6627292633056641,0.6627292633056641,2.1535576684967856,2.1535576684967856
qwen3_8b,7,up_proj,0.2,dense,1,0.19216983020305634,0.22709086537361145,0.034921035170555115,0.034921035170555115,1.1658194577705125,1.1658194577705125,0.9011349678039551,0.9011349678039551,2.1535576684967856,2.1535576684967856
qwen3_8b,8,down_proj,-0.2,dense,1,0.2091306746006012,0.16897934675216675,-0.04015132784843445,-0.04015132784843445,0.7661082607971959,0.7661082607971959,-2.2781434059143066,-2.2781434059143066,3.789216595153318,3.789216595153318
qwen3_8b,8,down_proj,-0.15,dense,1,0.2091306746006012,0.17911078035831451,-0.030019894242286682,-0.030019894242286682,0.818874996328317,0.818874996328317,-1.7641868591308594,-1.7641868591308594,3.789216595153318,3.789216595153318
qwen3_8b,8,down_proj,-0.1,dense,1,0.2091306746006012,0.18918079137802124,-0.019949883222579956,-0.019949883222579956,0.8752760616059452,0.8752760616059452,-1.2148313522338867,-1.2148313522338867,3.789216595153318,3.789216595153318
qwen3_8b,8,down_proj,-0.05,dense,1,0.2091306746006012,0.19918785989284515,-0.009942814707756042,-0.009942814707756042,0.9355619633223347,0.9355619633223347,-0.6276369094848633,-0.6276369094848633,3.789216595153318,3.789216595153318
qwen3_8b,8,down_proj,0.0,dense,1,0.2091306746006012,0.2091306746006012,0.0,0.0,1.0,1.0,0.0,0.0,3.789216595153318,3.789216595153318
qwen3_8b,8,down_proj,0.05,dense,1,0.2091306746006012,0.2190079241991043,0.009877249598503113,0.009877249598503113,1.068876367089971,1.068876367089971,0.6708669662475586,0.6708669662475586,3.789216595153318,3.789216595153318
qwen3_8b,8,down_proj,0.1,dense,1,0.2091306746006012,0.22881832718849182,0.019687652587890625,0.019687652587890625,1.1424966465295252,1.1424966465295252,1.3879404067993164,1.3879404067993164,3.789216595153318,3.789216595153318
qwen3_8b,8,down_proj,0.15,dense,1,0.2091306746006012,0.2385607361793518,0.02943006157875061,0.02943006157875061,1.2211876670615767,1.2211876670615767,2.1544036865234375,2.1544036865234375,3.789216595153318,3.789216595153318
qwen3_8b,8,down_proj,0.2,dense,1,0.2091306746006012,0.24823403358459473,0.03910335898399353,0.03910335898399353,1.3052985812616882,1.3052985812616882,2.9736576080322266,2.9736576080322266,3.789216595153318,3.789216595153318
qwen3_8b,8,up_proj,-0.2,dense,1,0.19330082833766937,0.15683740377426147,-0.0364634245634079,-0.0364634245634079,0.8353917962523856,0.8353917962523856,-1.0578818321228027,-1.0578818321228027,2.4578136560014925,2.4578136560014925
qwen3_8b,8,up_proj,-0.15,dense,1,0.19330082833766937,0.16606785356998444,-0.027232974767684937,-0.027232974767684937,0.8738112766174985,0.8738112766174985,-0.8109726905822754,-0.8109726905822754,2.4578136560014925,2.4578136560014925
qwen3_8b,8,up_proj,-0.1,dense,1,0.19330082833766937,0.17522262036800385,-0.018078207969665527,-0.018078207969665527,0.9139976764571149,0.9139976764571149,-0.5527081489562988,-0.5527081489562988,2.4578136560014925,2.4578136560014925
qwen3_8b,8,up_proj,-0.05,dense,1,0.19330082833766937,0.18430058658123016,-0.009000241756439209,-0.009000241756439209,0.9560322411237412,0.9560322411237412,-0.2825660705566406,-0.2825660705566406,2.4578136560014925,2.4578136560014925
qwen3_8b,8,up_proj,0.0,dense,1,0.19330082833766937,0.19330081343650818,-1.4901161193847656e-08,-1.4901161193847656e-08,1.0,1.0,0.0,0.0,2.4578136560014925,2.4578136560014925
qwen3_8b,8,up_proj,0.05,dense,1,0.19330082833766937,0.20222234725952148,0.008921518921852112,0.008921518921852112,1.045989766498631,1.045989766498631,0.2955608367919922,0.2955608367919922,2.4578136560014925,2.4578136560014925
qwen3_8b,8,up_proj,0.1,dense,1,0.19330082833766937,0.21106433868408203,0.01776351034641266,0.01776351034641266,1.0940945832425042,1.0940945832425042,0.6047143936157227,0.6047143936157227,2.4578136560014925,2.4578136560014925
qwen3_8b,8,up_proj,0.15,dense,1,0.19330082833766937,0.21982595324516296,0.02652512490749359,0.02652512490749359,1.1444117962612892,1.1444117962612892,0.9280862808227539,0.9280862808227539,2.4578136560014925,2.4578136560014925
qwen3_8b,8,up_proj,0.2,dense,1,0.19330082833766937,0.22850656509399414,0.03520573675632477,0.03520573675632477,1.1970429807947858,1.1970429807947858,1.266329288482666,1.266329288482666,2.4578136560014925,2.4578136560014925
qwen3_8b,9,down_proj,-0.2,dense,1,0.207665354013443,0.16793504357337952,-0.03973031044006348,-0.03973031044006348,0.7419326373762472,0.7419326373762472,-2.847651481628418,-2.847651481628418,4.448131569349116,4.448131569349116
qwen3_8b,9,down_proj,-0.15,dense,1,0.207665354013443,0.17796377837657928,-0.02970157563686371,-0.02970157563686371,0.799416984910213,0.799416984910213,-2.213338851928711,-2.213338851928711,4.448131569349116,4.448131569349116
qwen3_8b,9,down_proj,-0.1,dense,1,0.207665354013443,0.18792901933193207,-0.019736334681510925,-0.019736334681510925,0.8613552296301443,0.8613552296301443,-1.5298795700073242,-1.5298795700073242,4.448131569349116,4.448131569349116
qwen3_8b,9,down_proj,-0.05,dense,1,0.207665354013443,0.19782987236976624,-0.009835481643676758,-0.009835481643676758,0.9280922128014585,0.9280922128014585,-0.7934684753417969,-0.7934684753417969,4.448131569349116,4.448131569349116
qwen3_8b,9,down_proj,0.0,dense,1,0.207665354013443,0.207665354013443,0.0,0.0,1.0000000864263823,1.0000000864263823,9.5367431640625e-07,9.5367431640625e-07,4.448131569349116,4.448131569349116
qwen3_8b,9,down_proj,0.05,dense,1,0.207665354013443,0.2174345999956131,0.009769245982170105,0.009769245982170105,1.0774793503605407,1.0774793503605407,0.8549480438232422,0.8549480438232422,4.448131569349116,4.448131569349116
qwen3_8b,9,down_proj,0.1,dense,1,0.207665354013443,0.22713671624660492,0.019471362233161926,0.019471362233161926,1.160961445104425,1.160961445104425,1.7761335372924805,1.7761335372924805,4.448131569349116,4.448131569349116
qwen3_8b,9,down_proj,0.15,dense,1,0.207665354013443,0.2367711216211319,0.029105767607688904,0.029105767607688904,1.2509118631531577,1.2509118631531577,2.7686939239501953,2.7686939239501953,4.448131569349116,4.448131569349116
qwen3_8b,9,down_proj,0.2,dense,1,0.207665354013443,0.24633711576461792,0.03867176175117493,0.03867176175117493,1.3478316182449896,1.3478316182449896,3.8381576538085938,3.8381576538085938,4.448131569349116,4.448131569349116
qwen3_8b,9,up_proj,-0.2,dense,1,0.18445561826229095,0.1497512012720108,-0.03470441699028015,-0.03470441699028015,0.8378940037881034,0.8378940037881034,-1.006072998046875,-1.006072998046875,2.421332907685721,2.421332907685721
qwen3_8b,9,up_proj,-0.15,dense,1,0.18445561826229095,0.15853889286518097,-0.025916725397109985,-0.025916725397109985,0.8757735017768068,0.8757735017768068,-0.7709827423095703,-0.7709827423095703,2.421332907685721,2.421332907685721
qwen3_8b,9,up_proj,-0.1,dense,1,0.18445561826229095,0.16725273430347443,-0.01720288395881653,-0.01720288395881653,0.915365498509314,0.915365498509314,-0.5252642631530762,-0.5252642631530762,2.421332907685721,2.421332907685721
qwen3_8b,9,up_proj,-0.05,dense,1,0.18445561826229095,0.17589187622070312,-0.00856374204158783,-0.00856374204158783,0.9567473633711969,0.9567473633711969,-0.26843738555908203,-0.26843738555908203,2.421332907685721,2.421332907685721
qwen3_8b,9,up_proj,0.0,dense,1,0.18445561826229095,0.18445561826229095,0.0,0.0,1.0,1.0,0.0,0.0,2.421332907685721,2.421332907685721
qwen3_8b,9,up_proj,0.05,dense,1,0.18445561826229095,0.1929432600736618,0.00848764181137085,0.00848764181137085,1.0452079999483692,1.0452079999483692,0.28057289123535156,0.28057289123535156,2.421332907685721,2.421332907685721
qwen3_8b,9,up_proj,0.1,dense,1,0.18445561826229095,0.20135420560836792,0.016898587346076965,0.016898587346076965,1.0924597963471816,1.0924597963471816,0.5738301277160645,0.5738301277160645,2.421332907685721,2.421332907685721
qwen3_8b,9,up_proj,0.15,dense,1,0.18445561826229095,0.20968781411647797,0.02523219585418701,0.02523219585418701,1.1418477407371097,1.1418477407371097,0.8803448677062988,0.8803448677062988,2.421332907685721,2.421332907685721
qwen3_8b,9,up_proj,0.2,dense,1,0.18445561826229095,0.2179436981678009,0.03348807990550995,0.03348807990550995,1.1934682567317512,1.1934682567317512,1.2007155418395996,1.2007155418395996,2.421332907685721,2.421332907685721
qwen3_8b,10,down_proj,-0.2,dense,1,0.19461123645305634,0.15780921280384064,-0.0368020236492157,-0.0368020236492157,0.7799793952255574,0.7799793952255574,-1.9590950012207031,-1.9590950012207031,3.4640518219933303,3.4640518219933303
qwen3_8b,10,down_proj,-0.15,dense,1,0.19461123645305634,0.16711729764938354,-0.02749393880367279,-0.02749393880367279,0.8299699646694202,0.8299699646694202,-1.5139718055725098,-1.5139718055725098,3.4640518219933303,3.4640518219933303
qwen3_8b,10,down_proj,-0.1,dense,1,0.19461123645305634,0.17635414004325867,-0.01825709640979767,-0.01825709640979767,0.8831644062428675,0.8831644062428675,-1.040320873260498,-1.040320873260498,3.4640518219933303,3.4640518219933303
qwen3_8b,10,down_proj,-0.05,dense,1,0.19461123645305634,0.1855190098285675,-0.00909222662448883,-0.00909222662448883,0.9397683606930136,0.9397683606930136,-0.536311149597168,-0.536311149597168,3.4640518219933303,3.4640518219933303
qwen3_8b,10,down_proj,0.0,dense,1,0.19461123645305634,0.19461123645305634,0.0,0.0,1.0,1.0,0.0,0.0,3.4640518219933303,3.4640518219933303
qwen3_8b,10,down_proj,0.05,dense,1,0.19461123645305634,0.20363034307956696,0.00901910662651062,0.00901910662651062,1.0640921159158334,1.0640921159158334,0.5706853866577148,0.5706853866577148,3.4640518219933303,3.4640518219933303
qwen3_8b,10,down_proj,0.1,dense,1,0.19461123645305634,0.2125757336616516,0.017964497208595276,0.017964497208595276,1.1322921199643856,1.1322921199643856,1.177947998046875,1.177947998046875,3.4640518219933303,3.4640518219933303
qwen3_8b,10,down_proj,0.15,dense,1,0.19461123645305634,0.22144708037376404,0.026835843920707703,0.026835843920707703,1.2048630609346735,1.2048630609346735,1.8241300582885742,1.8241300582885742,3.4640518219933303,3.4640518219933303
qwen3_8b,10,down_proj,0.2,dense,1,0.19461123645305634,0.23024395108222961,0.03563271462917328,0.03563271462917328,1.2820851243446405,1.2820851243446405,2.5117263793945312,2.5117263793945312,3.4640518219933303,3.4640518219933303
qwen3_8b,10,up_proj,-0.2,dense,1,0.18591569364070892,0.1508881002664566,-0.03502759337425232,-0.03502759337425232,0.8155600149359545,0.8155600149359545,-1.3293495178222656,-1.3293495178222656,2.7715355860183006,2.7715355860183006
qwen3_8b,10,up_proj,-0.15,dense,1,0.18591569364070892,0.15975548326969147,-0.026160210371017456,-0.026160210371017456,0.8582067433558952,0.8582067433558952,-1.0219736099243164,-1.0219736099243164,2.7715355860183006,2.7715355860183006
qwen3_8b,10,up_proj,-0.1,dense,1,0.18591569364070892,0.16854976117610931,-0.01736593246459961,-0.01736593246459961,0.9030836103832935,0.9030836103832935,-0.698523998260498,-0.698523998260498,2.7715355860183006,2.7715355860183006
qwen3_8b,10,up_proj,-0.05,dense,1,0.18591569364070892,0.1772700846195221,-0.008645609021186829,-0.008645609021186829,0.9503071212270771,0.9503071212270771,-0.35816097259521484,-0.35816097259521484,2.7715355860183006,2.7715355860183006
qwen3_8b,10,up_proj,0.0,dense,1,0.18591569364070892,0.18591569364070892,0.0,0.0,1.0,1.0,0.0,0.0,2.7715355860183006,2.7715355860183006
qwen3_8b,10,up_proj,0.05,dense,1,0.18591569364070892,0.19448593258857727,0.008570238947868347,0.008570238947868347,1.0522915205114003,1.0522915205114003,0.3768906593322754,0.3768906593322754,2.7715355860183006,2.7715355860183006
qwen3_8b,10,up_proj,0.1,dense,1,0.18591569364070892,0.20298005640506744,0.01706436276435852,0.01706436276435852,1.1073173739500968,1.1073173739500968,0.7734889984130859,0.7734889984130859,2.7715355860183006,2.7715355860183006
qwen3_8b,10,up_proj,0.15,dense,1,0.18591569364070892,0.2113976627588272,0.025481969118118286,0.025481969118118286,1.165220528945557,1.165220528945557,1.1908254623413086,1.1908254623413086,2.7715355860183006,2.7715355860183006
qwen3_8b,10,up_proj,0.2,dense,1,0.18591569364070892,0.21973814070224762,0.033822447061538696,0.033822447061538696,1.2261514962021023,1.2261514962021023,1.6299848556518555,1.6299848556518555,2.7715355860183006,2.7715355860183006
qwen3_8b,11,down_proj,-0.2,dense,1,0.20479798316955566,0.16615386307239532,-0.03864412009716034,-0.03864412009716034,0.7848911536016604,0.7848911536016604,-1.8614139556884766,-1.8614139556884766,3.357012686603264,3.357012686603264
qwen3_8b,11,down_proj,-0.15,dense,1,0.20479798316955566,0.17593266069889069,-0.028865322470664978,-0.028865322470664978,0.8338866905951527,0.8338866905951527,-1.4374380111694336,-1.4374380111694336,3.357012686603264,3.357012686603264
qwen3_8b,11,down_proj,-0.1,dense,1,0.20479798316955566,0.18563345074653625,-0.01916453242301941,-0.01916453242301941,0.885940791103611,0.885940791103611,-0.9869952201843262,-0.9869952201843262,3.357012686603264,3.357012686603264
qwen3_8b,11,down_proj,-0.05,dense,1,0.20479798316955566,0.19525548815727234,-0.009542495012283325,-0.009542495012283325,0.9412442812769736,0.9412442812769736,-0.5084342956542969,-0.5084342956542969,3.357012686603264,3.357012686603264
qwen3_8b,11,down_proj,0.0,dense,1,0.20479798316955566,0.20479798316955566,0.0,0.0,1.0,1.0,0.0,0.0,3.357012686603264,3.357012686603264
qwen3_8b,11,down_proj,0.05,dense,1,0.20479798316955566,0.21426041424274445,0.009462431073188782,0.009462431073188782,1.0624234601437297,1.0624234601437297,0.5401725769042969,0.5401725769042969,3.357012686603264,3.357012686603264
qwen3_8b,11,down_proj,0.1,dense,1,0.20479798316955566,0.22364212572574615,0.01884414255619049,0.01884414255619049,1.1287436751298037,1.1287436751298037,1.114065170288086,1.114065170288086,3.357012686603264,3.357012686603264
qwen3_8b,11,down_proj,0.15,dense,1,0.20479798316955566,0.23294267058372498,0.02814468741416931,0.02814468741416931,1.1992037650776353,1.1992037650776353,1.7237815856933594,1.7237815856933594,3.357012686603264,3.357012686603264
qwen3_8b,11,down_proj,0.2,dense,1,0.20479798316955566,0.24216163158416748,0.037363648414611816,0.037363648414611816,1.274062279307326,1.274062279307326,2.3715591430664062,2.3715591430664062,3.357012686603264,3.357012686603264
qwen3_8b,11,up_proj,-0.2,dense,1,0.1930759847164154,0.15671342611312866,-0.03636255860328674,-0.03636255860328674,0.8127304045047518,0.8127304045047518,-1.3902015686035156,-1.3902015686035156,2.820117914663578,2.820117914663578
qwen3_8b,11,up_proj,-0.15,dense,1,0.1930759847164154,0.16592107713222504,-0.02715490758419037,-0.02715490758419037,0.8559726474460364,0.8559726474460364,-1.0691914558410645,-1.0691914558410645,2.820117914663578,2.820117914663578
qwen3_8b,11,up_proj,-0.1,dense,1,0.1930759847164154,0.17505136132240295,-0.01802462339401245,-0.01802462339401245,0.9015155310749966,0.9015155310749966,-0.731102466583252,-0.731102466583252,2.820117914663578,2.820117914663578
qwen3_8b,11,up_proj,-0.05,dense,1,0.1930759847164154,0.18410331010818481,-0.00897267460823059,-0.00897267460823059,0.9494817408123394,0.9494817408123394,-0.37502384185791016,-0.37502384185791016,2.820117914663578,2.820117914663578
qwen3_8b,11,up_proj,0.0,dense,1,0.1930759847164154,0.1930759847164154,0.0,0.0,0.9999998715335909,0.9999998715335909,-9.5367431640625e-07,-9.5367431640625e-07,2.820117914663578,2.820117914663578
qwen3_8b,11,up_proj,0.05,dense,1,0.1930759847164154,0.2019684761762619,0.008892491459846497,0.008892491459846497,1.0532059049328018,1.0532059049328018,0.3949756622314453,0.3949756622314453,2.820117914663578,2.820117914663578
qwen3_8b,11,up_proj,0.1,dense,1,0.1930759847164154,0.2107800990343094,0.017704114317893982,0.017704114317893982,1.1092428241233194,1.1092428241233194,0.8109674453735352,0.8109674453735352,2.820117914663578,2.820117914663578
qwen3_8b,11,up_proj,0.15,dense,1,0.1930759847164154,0.21951009333133698,0.02643410861492157,0.02643410861492157,1.1682614486694478,1.1682614486694478,1.249094009399414,1.249094009399414,2.820117914663578,2.820117914663578
qwen3_8b,11,up_proj,0.2,dense,1,0.1930759847164154,0.2281578779220581,0.0350818932056427,0.0350818932056427,1.2304200491872188,1.2304200491872188,1.7105302810668945,1.7105302810668945,2.820117914663578,2.820117914663578
qwen3_8b,12,down_proj,-0.2,dense,1,0.21028709411621094,0.1704474538564682,-0.03983964025974274,-0.03983964025974274,0.771757739756118,0.771757739756118,-2.1508054733276367,-2.1508054733276367,3.652540267759252,3.652540267759252
qwen3_8b,12,down_proj,-0.15,dense,1,0.21028709411621094,0.18052370846271515,-0.02976338565349579,-0.02976338565349579,0.8233996987985034,0.8233996987985034,-1.6641654968261719,-1.6641654968261719,3.652540267759252,3.652540267759252
qwen3_8b,12,down_proj,-0.1,dense,1,0.21028709411621094,0.1905231475830078,-0.019763946533203125,-0.019763946533203125,0.878497348420868,0.878497348420868,-1.1449613571166992,-1.1449613571166992,3.652540267759252,3.652540267759252
qwen3_8b,12,down_proj,-0.05,dense,1,0.21028709411621094,0.20044460892677307,-0.009842485189437866,-0.009842485189437866,0.9372818371408912,0.9372818371408912,-0.5910148620605469,-0.5910148620605469,3.652540267759252,3.652540267759252
qwen3_8b,12,down_proj,0.0,dense,1,0.21028709411621094,0.21028709411621094,0.0,0.0,1.0,1.0,0.0,0.0,3.652540267759252,3.652540267759252
qwen3_8b,12,down_proj,0.05,dense,1,0.21028709411621094,0.220049649477005,0.009762555360794067,0.009762555360794067,1.0669148645802646,1.0669148645802646,0.6305618286132812,0.6305618286132812,3.652540267759252,3.652540267759252
qwen3_8b,12,down_proj,0.1,dense,1,0.21028709411621094,0.22973136603832245,0.01944427192211151,0.01944427192211151,1.1383072702584622,1.1383072702584622,1.3033170700073242,1.3033170700073242,3.652540267759252,3.652540267759252
qwen3_8b,12,down_proj,0.15,dense,1,0.21028709411621094,0.23933158814907074,0.029044494032859802,0.029044494032859802,1.2144769814432472,1.2144769814432472,2.021090507507324,2.021090507507324,3.652540267759252,3.652540267759252
qwen3_8b,12,down_proj,0.2,dense,1,0.21028709411621094,0.24884949624538422,0.03856240212917328,0.03856240212917328,1.295743193592045,1.295743193592045,2.7868900299072266,2.7868900299072266,3.652540267759252,3.652540267759252
qwen3_8b,12,up_proj,-0.2,dense,1,0.19672612845897675,0.15971748530864716,-0.03700864315032959,-0.03700864315032959,0.8044115372350015,0.8044115372350015,-1.544748306274414,-1.544748306274414,2.968987702148075,2.968987702148075
qwen3_8b,12,up_proj,-0.15,dense,1,0.19672612845897675,0.16909079253673553,-0.02763533592224121,-0.02763533592224121,0.849393046249621,0.849393046249621,-1.1894865036010742,-1.1894865036010742,2.968987702148075,2.968987702148075
qwen3_8b,12,up_proj,-0.1,dense,1,0.19672612845897675,0.17838400602340698,-0.018342122435569763,-0.018342122435569763,0.896889889553991,0.896889889553991,-0.8143587112426758,-0.8143587112426758,2.968987702148075,2.968987702148075
qwen3_8b,12,up_proj,-0.05,dense,1,0.19672612845897675,0.18759606778621674,-0.00913006067276001,-0.00913006067276001,0.9470428007717829,0.9470428007717829,-0.41825342178344727,-0.41825342178344727,2.968987702148075,2.968987702148075
qwen3_8b,12,up_proj,0.0,dense,1,0.19672612845897675,0.19672612845897675,0.0,0.0,0.999999939625215,0.999999939625215,-4.76837158203125e-07,-4.76837158203125e-07,2.968987702148075,2.968987702148075
qwen3_8b,12,up_proj,0.05,dense,1,0.19672612845897675,0.2057732790708542,0.009047150611877441,0.009047150611877441,1.055918401304675,1.055918401304675,0.44164085388183594,0.44164085388183594,2.968987702148075,2.968987702148075
qwen3_8b,12,up_proj,0.1,dense,1,0.19672612845897675,0.21473681926727295,0.018010690808296204,0.018010690808296204,1.1149638542200102,1.1149638542200102,0.9079790115356445,0.9079790115356445,2.968987702148075,2.968987702148075
qwen3_8b,12,up_proj,0.15,dense,1,0.19672612845897675,0.22361606359481812,0.02688993513584137,0.02688993513584137,1.1773109626240235,1.1773109626240235,1.4003934860229492,1.4003934860229492,2.968987702148075,2.968987702148075
qwen3_8b,12,up_proj,0.2,dense,1,0.19672612845897675,0.23241032660007477,0.03568419814109802,0.03568419814109802,1.2431445941081696,1.2431445941081696,1.920344352722168,1.920344352722168,2.968987702148075,2.968987702148075
qwen3_8b,13,down_proj,-0.2,dense,1,0.21204066276550293,0.17138540744781494,-0.04065525531768799,-0.04065525531768799,0.7772819652776701,0.7772819652776701,-2.0278968811035156,-2.0278968811035156,3.5245779604144136,3.5245779604144136
qwen3_8b,13,down_proj,-0.15,dense,1,0.21204066276550293,0.18164755403995514,-0.03039310872554779,-0.03039310872554779,0.8278162089490083,0.8278162089490083,-1.5677714347839355,-1.5677714347839355,3.5245779604144136,3.5245779604144136
qwen3_8b,13,down_proj,-0.1,dense,1,0.21204066276550293,0.19184517860412598,-0.020195484161376953,-0.020195484161376953,0.8816359145143092,0.8816359145143092,-1.0777311325073242,-1.0777311325073242,3.5245779604144136,3.5245779604144136
qwen3_8b,13,down_proj,-0.05,dense,1,0.21204066276550293,0.2019767016172409,-0.010063961148262024,-0.010063961148262024,0.9389546977454659,0.9389546977454659,-0.5558309555053711,-0.5558309555053711,3.5245779604144136,3.5245779604144136
qwen3_8b,13,down_proj,0.0,dense,1,0.21204066276550293,0.21204066276550293,0.0,0.0,1.0,1.0,0.0,0.0,3.5245779604144136,3.5245779604144136
qwen3_8b,13,down_proj,0.05,dense,1,0.21204066276550293,0.22203555703163147,0.00999489426612854,0.00999489426612854,1.065014187983555,1.065014187983555,0.5919685363769531,0.5919685363769531,3.5245779604144136,3.5245779604144136
qwen3_8b,13,down_proj,0.1,dense,1,0.21204066276550293,0.23196007311344147,0.019919410347938538,0.019919410347938538,1.1342551298159647,1.1342551298159647,1.2224225997924805,1.2224225997924805,3.5245779604144136,3.5245779604144136
qwen3_8b,13,down_proj,0.15,dense,1,0.21204066276550293,0.24181292951107025,0.029772266745567322,0.029772266745567322,1.207997661381243,1.207997661381243,1.893864631652832,1.893864631652832,3.5245779604144136,3.5245779604144136
qwen3_8b,13,down_proj,0.2,dense,1,0.21204066276550293,0.2515929043292999,0.039552241563797,0.039552241563797,1.2865345289811507,1.2865345289811507,2.6089601516723633,2.6089601516723633,3.5245779604144136,3.5245779604144136
qwen3_8b,13,up_proj,-0.2,dense,1,0.1963573396205902,0.1592281609773636,-0.037129178643226624,-0.037129178643226624,0.8043875639697788,0.8043875639697788,-1.5616955757141113,-1.5616955757141113,2.969432672993041,2.969432672993041
qwen3_8b,13,up_proj,-0.15,dense,1,0.1963573396205902,0.16862259805202484,-0.02773474156856537,-0.02773474156856537,0.8493740050613793,0.8493740050613793,-1.2025408744812012,-1.2025408744812012,2.969432672993041,2.969432672993041
qwen3_8b,13,up_proj,-0.1,dense,1,0.1963573396205902,0.1779429316520691,-0.018414407968521118,-0.018414407968521118,0.8968765026921613,0.8968765026921613,-0.8232989311218262,-0.8232989311218262,2.969432672993041,2.969432672993041
qwen3_8b,13,up_proj,-0.05,dense,1,0.1963573396205902,0.18718817830085754,-0.009169161319732666,-0.009169161319732666,0.947035654048975,0.947035654048975,-0.42284727096557617,-0.42284727096557617,2.969432672993041,2.969432672993041
qwen3_8b,13,up_proj,0.0,dense,1,0.1963573396205902,0.1963573396205902,0.0,0.0,1.0,1.0,0.0,0.0,2.969432672993041,2.969432672993041
qwen3_8b,13,up_proj,0.05,dense,1,0.1963573396205902,0.2054494321346283,0.009092092514038086,0.009092092514038086,1.0559264431832374,1.0559264431832374,0.44649553298950195,0.44649553298950195,2.969432672993041,2.969432672993041
qwen3_8b,13,up_proj,0.1,dense,1,0.1963573396205902,0.2144637405872345,0.018106400966644287,0.018106400966644287,1.1149807258219275,1.1149807258219275,0.9179625511169434,0.9179625511169434,2.969432672993041,2.969432672993041
qwen3_8b,13,up_proj,0.15,dense,1,0.1963573396205902,0.22339949011802673,0.027042150497436523,0.027042150497436523,1.1773376686322599,1.1773376686322599,1.4157967567443848,1.4157967567443848,2.969432672993041,2.969432672993041
qwen3_8b,13,up_proj,0.2,dense,1,0.1963573396205902,0.23225590586662292,0.035898566246032715,0.035898566246032715,1.2431820667272815,1.2431820667272815,1.9414734840393066,1.9414734840393066,2.969432672993041,2.969432672993041
qwen3_8b,14,down_proj,-0.2,dense,1,0.20698300004005432,0.16773225367069244,-0.03925074636936188,-0.03925074636936188,0.7502408256608565,0.7502408256608565,-2.7097530364990234,-2.7097530364990234,4.207233628395984,4.207233628395984
qwen3_8b,14,down_proj,-0.15,dense,1,0.20698300004005432,0.17765666544437408,-0.029326334595680237,-0.029326334595680237,0.8061215206416532,0.8061215206416532,-2.1034774780273438,-2.1034774780273438,4.207233628395984,4.207233628395984
qwen3_8b,14,down_proj,-0.1,dense,1,0.20698300004005432,0.18750722706317902,-0.019475772976875305,-0.019475772976875305,0.8661643967948981,0.8661643967948981,-1.4520444869995117,-1.4520444869995117,4.207233628395984,4.207233628395984
qwen3_8b,14,down_proj,-0.05,dense,1,0.20698300004005432,0.19728295505046844,-0.009700044989585876,-0.009700044989585876,0.9306795674270977,0.9306795674270977,-0.7520895004272461,-0.7520895004272461,4.207233628395984,4.207233628395984
qwen3_8b,14,down_proj,0.0,dense,1,0.20698300004005432,0.20698300004005432,0.0,0.0,1.000000087900597,1.000000087900597,9.5367431640625e-07,9.5367431640625e-07,4.207233628395984,4.207233628395984
qwen3_8b,14,down_proj,0.05,dense,1,0.20698300004005432,0.21660655736923218,0.009623557329177856,0.009623557329177856,1.0744838015461187,1.0744838015461187,0.8081092834472656,0.8081092834472656,4.207233628395984,4.207233628395984
qwen3_8b,14,down_proj,0.1,dense,1,0.20698300004005432,0.2261529564857483,0.01916995644569397,0.01916995644569397,1.1545153613764951,1.1545153613764951,1.6764087677001953,1.6764087677001953,4.207233628395984,4.207233628395984
qwen3_8b,14,down_proj,0.15,dense,1,0.20698300004005432,0.23562154173851013,0.02863854169845581,0.02863854169845581,1.2405079001980137,1.2405079001980137,2.609381675720215,2.609381675720215,4.207233628395984,4.207233628395984
qwen3_8b,14,down_proj,0.2,dense,1,0.20698300004005432,0.24501168727874756,0.03802868723869324,0.03802868723869324,1.3329055797277314,1.3329055797277314,3.611846923828125,3.611846923828125,4.207233628395984,4.207233628395984
qwen3_8b,14,up_proj,-0.2,dense,1,0.19818204641342163,0.16072843968868256,-0.037453606724739075,-0.037453606724739075,0.815086360730075,0.815086360730075,-1.3640108108520508,-1.3640108108520508,2.7795968219757494,2.7795968219757494
qwen3_8b,14,up_proj,-0.15,dense,1,0.19818204641342163,0.17020496726036072,-0.027977079153060913,-0.027977079153060913,0.8578329391944415,0.8578329391944415,-1.048691749572754,-1.048691749572754,2.7795968219757494,2.7795968219757494
qwen3_8b,14,up_proj,-0.1,dense,1,0.19818204641342163,0.17960672080516815,-0.01857532560825348,-0.01857532560825348,0.9028214001031314,0.9028214001031314,-0.7168354988098145,-0.7168354988098145,2.7795968219757494,2.7795968219757494
qwen3_8b,14,up_proj,-0.05,dense,1,0.19818204641342163,0.18893271684646606,-0.009249329566955566,-0.009249329566955566,0.9501691997117699,0.9501691997117699,-0.36757564544677734,-0.36757564544677734,2.7795968219757494,2.7795968219757494
qwen3_8b,14,up_proj,0.0,dense,1,0.19818204641342163,0.19818204641342163,0.0,0.0,1.0000000646429585,1.0000000646429585,4.76837158203125e-07,4.76837158203125e-07,2.7795968219757494,2.7795968219757494
qwen3_8b,14,up_proj,0.05,dense,1,0.19818204641342163,0.20735391974449158,0.009171873331069946,0.009171873331069946,1.0524443797440255,1.0524443797440255,0.3868546485900879,0.3868546485900879,2.7795968219757494,2.7795968219757494
qwen3_8b,14,up_proj,0.1,dense,1,0.19818204641342163,0.2164475917816162,0.01826554536819458,0.01826554536819458,1.1076389941581513,1.1076389941581513,0.7939963340759277,0.7939963340759277,2.7795968219757494,2.7795968219757494
qwen3_8b,14,up_proj,0.15,dense,1,0.19818204641342163,0.22546236217021942,0.02728031575679779,0.02728031575679779,1.1657281909687451,1.1657281909687451,1.222489833831787,1.222489833831787,2.7795968219757494,2.7795968219757494
qwen3_8b,14,up_proj,0.2,dense,1,0.19818204641342163,0.23439760506153107,0.036215558648109436,0.036215558648109436,1.2268638811283221,1.2268638811283221,1.6734557151794434,1.6734557151794434,2.7795968219757494,2.7795968219757494
qwen3_8b,15,down_proj,-0.2,dense,1,0.2153015285730362,0.17420276999473572,-0.041098758578300476,-0.041098758578300476,0.7436312150388853,0.7436312150388853,-2.863217353820801,-2.863217353820801,4.397561130393607,4.397561130393607
qwen3_8b,15,down_proj,-0.15,dense,1,0.2153015285730362,0.18458454310894012,-0.03071698546409607,-0.03071698546409607,0.8007892327024777,0.8007892327024777,-2.224856376647949,-2.224856376647949,4.397561130393607,4.397561130393607
qwen3_8b,15,down_proj,-0.1,dense,1,0.2153015285730362,0.19489584863185883,-0.020405679941177368,-0.020405679941177368,0.8623406907156669,0.8623406907156669,-1.5374279022216797,-1.5374279022216797,4.397561130393607,4.397561130393607
qwen3_8b,15,down_proj,-0.05,dense,1,0.2153015285730362,0.2051352858543396,-0.010166242718696594,-0.010166242718696594,0.9286228826078476,0.9286228826078476,-0.7971649169921875,-0.7971649169921875,4.397561130393607,4.397561130393607
qwen3_8b,15,down_proj,0.0,dense,1,0.2153015285730362,0.2153014987707138,-2.9802322387695312e-08,-2.9802322387695312e-08,1.0,1.0,0.0,0.0,4.397561130393607,4.397561130393607
qwen3_8b,15,down_proj,0.05,dense,1,0.2153015285730362,0.22539345920085907,0.010091930627822876,0.010091930627822876,1.076863474167756,1.076863474167756,0.8584384918212891,0.8584384918212891,4.397561130393607,4.397561130393607
qwen3_8b,15,down_proj,0.1,dense,1,0.2153015285730362,0.2354099303483963,0.020108401775360107,0.020108401775360107,1.1596345377644082,1.1596345377644082,1.7828550338745117,1.7828550338745117,4.397561130393607,4.397561130393607
qwen3_8b,15,down_proj,0.15,dense,1,0.2153015285730362,0.2453499436378479,0.030048415064811707,0.030048415064811707,1.248768067405422,1.248768067405422,2.778329849243164,2.778329849243164,4.397561130393607,4.397561130393607
qwen3_8b,15,down_proj,0.2,dense,1,0.2153015285730362,0.255212664604187,0.03991113603115082,0.03991113603115082,1.344752583668435,1.344752583668435,3.8503189086914062,3.8503189086914062,4.397561130393607,4.397561130393607
qwen3_8b,15,up_proj,-0.2,dense,1,0.205308198928833,0.166378915309906,-0.038929283618927,-0.038929283618927,0.8053180225493535,0.8053180225493535,-1.4966282844543457,-1.4966282844543457,2.9523172950409147,2.9523172950409147
qwen3_8b,15,up_proj,-0.15,dense,1,0.205308198928833,0.1762240082025528,-0.029084190726280212,-0.029084190726280212,0.8501108735470914,0.8501108735470914,-1.1522808074951172,-1.1522808074951172,2.9523172950409147,2.9523172950409147
qwen3_8b,15,up_proj,-0.1,dense,1,0.205308198928833,0.18599465489387512,-0.019313544034957886,-0.019313544034957886,0.8973951074217357,0.8973951074217357,-0.788780689239502,-0.788780689239502,2.9523172950409147,2.9523172950409147
qwen3_8b,15,up_proj,-0.05,dense,1,0.205308198928833,0.19568979740142822,-0.009618401527404785,-0.009618401527404785,0.9473094789284436,0.9473094789284436,-0.4050612449645996,-0.4050612449645996,2.9523172950409147,2.9523172950409147
qwen3_8b,15,up_proj,0.0,dense,1,0.205308198928833,0.205308198928833,0.0,0.0,1.0000000620271592,1.0000000620271592,4.76837158203125e-07,4.76837158203125e-07,2.9523172950409147,2.9523172950409147
qwen3_8b,15,up_proj,0.05,dense,1,0.205308198928833,0.21484895050525665,0.009540751576423645,0.009540751576423645,1.055621490425798,1.055621490425798,0.4275932312011719,0.4275932312011719,2.9523172950409147,2.9523172950409147
qwen3_8b,15,up_proj,0.1,dense,1,0.205308198928833,0.2243110090494156,0.01900281012058258,0.01900281012058258,1.114336399335813,1.114336399335813,0.87896728515625,0.87896728515625,2.9523172950409147,2.9523172950409147
qwen3_8b,15,up_proj,0.15,dense,1,0.205308198928833,0.23369356989860535,0.02838537096977234,0.02838537096977234,1.1763172862869735,1.1763172862869735,1.3554487228393555,1.3554487228393555,2.9523172950409147,2.9523172950409147
qwen3_8b,15,up_proj,0.2,dense,1,0.205308198928833,0.24299578368663788,0.03768758475780487,0.03768758475780487,1.2417456427471332,1.2417456427471332,1.8584327697753906,1.8584327697753906,2.9523172950409147,2.9523172950409147
qwen3_8b,16,down_proj,-0.2,dense,1,0.20995651185512543,0.1701960265636444,-0.03976048529148102,-0.03976048529148102,0.7159607756802087,0.7159607756802087,-3.8290414810180664,-3.8290414810180664,5.3156140132671155,5.3156140132671155
qwen3_8b,16,down_proj,-0.15,dense,1,0.20995651185512543,0.18025337159633636,-0.029703140258789062,-0.029703140258789062,0.7783357183423655,0.7783357183423655,-2.988184928894043,-2.988184928894043,5.3156140132671155,5.3156140132671155
qwen3_8b,16,down_proj,-0.1,dense,1,0.20995651185512543,0.1902332752943039,-0.019723236560821533,-0.019723236560821533,0.8461445623916382,0.8461445623916382,-2.074075698852539,-2.074075698852539,5.3156140132671155,5.3156140132671155
qwen3_8b,16,down_proj,-0.05,dense,1,0.20995651185512543,0.20013463497161865,-0.009821876883506775,-0.009821876883506775,0.9198612204888735,0.9198612204888735,-1.0803251266479492,-1.0803251266479492,5.3156140132671155,5.3156140132671155
qwen3_8b,16,down_proj,0.0,dense,1,0.20995651185512543,0.20995651185512543,0.0,0.0,0.9999998585124166,0.9999998585124166,-1.9073486328125e-06,-1.9073486328125e-06,5.3156140132671155,5.3156140132671155
qwen3_8b,16,down_proj,0.05,dense,1,0.20995651185512543,0.21969804167747498,0.009741529822349548,0.009741529822349548,1.0871202720862825,1.0871202720862825,1.1744403839111328,1.1744403839111328,5.3156140132671155,5.3156140132671155
qwen3_8b,16,down_proj,0.1,dense,1,0.20995651185512543,0.22935843467712402,0.019401922821998596,0.019401922821998596,1.1818308578194103,1.1818308578194103,2.4512033462524414,2.4512033462524414,5.3156140132671155,5.3156140132671155
qwen3_8b,16,down_proj,0.15,dense,1,0.20995651185512543,0.23893709480762482,0.02898058295249939,0.02898058295249939,1.284792433470416,1.284792433470416,3.8391952514648438,3.8391952514648438,5.3156140132671155,5.3156140132671155
qwen3_8b,16,down_proj,0.2,dense,1,0.20995651185512543,0.2484334409236908,0.03847692906856537,0.03847692906856537,1.39672425116989,1.39672425116989,5.348112106323242,5.348112106323242,5.3156140132671155,5.3156140132671155
qwen3_8b,16,up_proj,-0.2,dense,1,0.20605988800525665,0.16698016226291656,-0.03907972574234009,-0.03907972574234009,0.7373043514810051,0.7373043514810051,-3.1351852416992188,-3.1351852416992188,4.58950738935677,4.58950738935677
qwen3_8b,16,up_proj,-0.15,dense,1,0.20605988800525665,0.17686253786087036,-0.02919735014438629,-0.02919735014438629,0.795673801856836,0.795673801856836,-2.438565254211426,-2.438565254211426,4.58950738935677,4.58950738935677
qwen3_8b,16,up_proj,-0.1,dense,1,0.20605988800525665,0.1866706758737564,-0.019389212131500244,-0.019389212131500244,0.8586641667211372,0.8586641667211372,-1.6867961883544922,-1.6867961883544922,4.58950738935677,4.58950738935677
qwen3_8b,16,up_proj,-0.05,dense,1,0.20605988800525665,0.19640345871448517,-0.009656429290771484,-0.009656429290771484,0.9266414242913327,0.9266414242913327,-0.8755102157592773,-0.8755102157592773,4.58950738935677,4.58950738935677
qwen3_8b,16,up_proj,0.0,dense,1,0.20605988800525665,0.20605988800525665,0.0,0.0,0.9999999200920923,0.9999999200920923,-9.5367431640625e-07,-9.5367431640625e-07,4.58950738935677,4.58950738935677
qwen3_8b,16,up_proj,0.05,dense,1,0.20605988800525665,0.21563899517059326,0.009579107165336609,0.009579107165336609,1.0791659628111794,1.0791659628111794,0.944819450378418,0.944819450378418,4.58950738935677,4.58950738935677
qwen3_8b,16,up_proj,0.1,dense,1,0.20605988800525665,0.22513988614082336,0.01907999813556671,0.01907999813556671,1.1645995822734214,1.1645995822734214,1.9644412994384766,1.9644412994384766,4.58950738935677,4.58950738935677
qwen3_8b,16,up_proj,0.15,dense,1,0.20605988800525665,0.23456181585788727,0.028501927852630615,0.028501927852630615,1.2567963673225881,1.2567963673225881,3.064779281616211,3.064779281616211,4.58950738935677,4.58950738935677
qwen3_8b,16,up_proj,0.2,dense,1,0.20605988800525665,0.24390408396720886,0.03784419596195221,0.03784419596195221,1.3562919406642233,1.3562919406642233,4.252225875854492,4.252225875854492,4.58950738935677,4.58950738935677
qwen3_8b,17,down_proj,-0.2,dense,1,0.21645595133304596,0.17538870871067047,-0.04106724262237549,-0.04106724262237549,0.7352809730467478,0.7352809730467478,-3.1130733489990234,-3.1130733489990234,4.653003799971436,4.653003799971436
qwen3_8b,17,down_proj,-0.15,dense,1,0.21645595133304596,0.18577565252780914,-0.030680298805236816,-0.030680298805236816,0.7940356811379947,0.7940356811379947,-2.4221229553222656,-2.4221229553222656,4.653003799971436,4.653003799971436
qwen3_8b,17,down_proj,-0.1,dense,1,0.21645595133304596,0.19608338177204132,-0.02037256956100464,-0.02037256956100464,0.8574850794714044,0.8574850794714044,-1.6759634017944336,-1.6759634017944336,4.653003799971436,4.653003799971436
qwen3_8b,17,down_proj,-0.05,dense,1,0.21645595133304596,0.20631060004234314,-0.01014535129070282,-0.01014535129070282,0.9260048827503322,0.9260048827503322,-0.8701763153076172,-0.8701763153076172,4.653003799971436,4.653003799971436
qwen3_8b,17,down_proj,0.0,dense,1,0.21645595133304596,0.21645595133304596,0.0,0.0,0.9999999189046614,0.9999999189046614,-9.5367431640625e-07,-9.5367431640625e-07,4.653003799971436,4.653003799971436
qwen3_8b,17,down_proj,0.05,dense,1,0.21645595133304596,0.2265181690454483,0.010062217712402344,0.010062217712402344,1.0799076972856985,1.0799076972856985,0.9397077560424805,0.9397077560424805,4.653003799971436,4.653003799971436
qwen3_8b,17,down_proj,0.1,dense,1,0.21645595133304596,0.2364962100982666,0.020040258765220642,0.020040258765220642,1.1662007604309892,1.1662007604309892,1.9545068740844727,1.9545068740844727,4.653003799971436,4.653003799971436
qwen3_8b,17,down_proj,0.15,dense,1,0.21645595133304596,0.24638912081718445,0.02993316948413849,0.02993316948413849,1.259389035829137,1.259389035829137,3.0503931045532227,3.0503931045532227,4.653003799971436,4.653003799971436
qwen3_8b,17,down_proj,0.2,dense,1,0.21645595133304596,0.25619590282440186,0.039739951491355896,0.039739951491355896,1.3600240528774046,1.3600240528774046,4.233852386474609,4.233852386474609,4.653003799971436,4.653003799971436
qwen3_8b,17,up_proj,-0.2,dense,1,0.21248428523540497,0.1721145361661911,-0.04036974906921387,-0.04036974906921387,0.8034666840876843,0.8034666840876843,-1.523442268371582,-1.523442268371582,2.986487141896584,2.986487141896584
qwen3_8b,17,up_proj,-0.15,dense,1,0.21248428523540497,0.18232277035713196,-0.03016151487827301,-0.03016151487827301,0.8486445747001795,0.8486445747001795,-1.1732425689697266,-1.1732425689697266,2.986487141896584,2.986487141896584
qwen3_8b,17,up_proj,-0.1,dense,1,0.21248428523540497,0.19245482981204987,-0.020029455423355103,-0.020029455423355103,0.8963629688711267,0.8963629688711267,-0.8033499717712402,-0.8033499717712402,2.986487141896584,2.986487141896584
qwen3_8b,17,up_proj,-0.05,dense,1,0.21248428523540497,0.20250916481018066,-0.009975120425224304,-0.009975120425224304,0.946764396607183,0.946764396607183,-0.4126596450805664,-0.4126596450805664,2.986487141896584,2.986487141896584
qwen3_8b,17,up_proj,0.0,dense,1,0.21248428523540497,0.21248428523540497,0.0,0.0,0.9999999384851072,0.9999999384851072,-4.76837158203125e-07,-4.76837158203125e-07,2.986487141896584,2.986487141896584
qwen3_8b,17,up_proj,0.05,dense,1,0.21248428523540497,0.2223789542913437,0.00989466905593872,0.00989466905593872,1.0562287950475098,1.0562287950475098,0.43586158752441406,0.43586158752441406,2.986487141896584,2.986487141896584
qwen3_8b,17,up_proj,0.1,dense,1,0.21248428523540497,0.23219181597232819,0.019707530736923218,0.019707530736923218,1.115619332556031,1.115619332556031,0.8962316513061523,0.8962316513061523,2.986487141896584,2.986487141896584
qwen3_8b,17,up_proj,0.15,dense,1,0.21248428523540497,0.2419218122959137,0.029437527060508728,0.029437527060508728,1.1783493905658053,1.1783493905658053,1.3824882507324219,1.3824882507324219,2.986487141896584,2.986487141896584
qwen3_8b,17,up_proj,0.2,dense,1,0.21248428523540497,0.2515678405761719,0.03908355534076691,0.03908355534076691,1.2446067125297102,1.2446067125297102,1.8960866928100586,1.8960866928100586,2.986487141896584,2.986487141896584
qwen3_8b,18,down_proj,-0.2,dense,1,0.2210085093975067,0.17890717089176178,-0.042101338505744934,-0.042101338505744934,0.7311940089279935,0.7311940089279935,-3.227677345275879,-3.227677345275879,4.784503748814156,4.784503748814156
qwen3_8b,18,down_proj,-0.15,dense,1,0.2210085093975067,0.1895488053560257,-0.03145970404148102,-0.03145970404148102,0.7907232580147228,0.7907232580147228,-2.5128822326660156,-2.5128822326660156,4.784503748814156,4.784503748814156
qwen3_8b,18,down_proj,-0.1,dense,1,0.2210085093975067,0.2001139521598816,-0.020894557237625122,-0.020894557237625122,0.8550988484786631,0.8550988484786631,-1.7398948669433594,-1.7398948669433594,4.784503748814156,4.784503748814156
qwen3_8b,18,down_proj,-0.05,dense,1,0.2210085093975067,0.2106010615825653,-0.010407447814941406,-0.010407447814941406,0.9247156738665375,0.9247156738665375,-0.9039735794067383,-0.9039735794067383,4.784503748814156,4.784503748814156
qwen3_8b,18,down_proj,0.0,dense,1,0.2210085093975067,0.2210085093975067,0.0,0.0,1.000000079423481,1.000000079423481,9.5367431640625e-07,9.5367431640625e-07,4.784503748814156,4.784503748814156
qwen3_8b,18,down_proj,0.05,dense,1,0.2210085093975067,0.23133499920368195,0.010326489806175232,0.010326489806175232,1.0814135949966384,1.0814135949966384,0.9775705337524414,0.9775705337524414,4.784503748814156,4.784503748814156
qwen3_8b,18,down_proj,0.1,dense,1,0.2210085093975067,0.24157914519309998,0.02057063579559326,0.02057063579559326,1.1694555560100344,1.1694555560100344,2.034730911254883,2.034730911254883,4.784503748814156,4.784503748814156
qwen3_8b,18,down_proj,0.15,dense,1,0.2210085093975067,0.2517397999763489,0.030731290578842163,0.030731290578842163,1.2646650890515923,1.2646650890515923,3.1779556274414062,3.1779556274414062,4.784503748814156,4.784503748814156
qwen3_8b,18,down_proj,0.2,dense,1,0.2210085093975067,0.2618158459663391,0.0408073365688324,0.0408073365688324,1.3676262743993897,1.3676262743993897,4.414258003234863,4.414258003234863,4.784503748814156,4.784503748814156
qwen3_8b,18,up_proj,-0.2,dense,1,0.21237394213676453,0.17210684716701508,-0.04026709496974945,-0.04026709496974945,0.8098138661539613,0.8098138661539613,-1.4181609153747559,-1.4181609153747559,2.8712688185744693,2.8712688185744693
qwen3_8b,18,up_proj,-0.15,dense,1,0.21237394213676453,0.18229351937770844,-0.03008042275905609,-0.03008042275905609,0.853667704470306,0.853667704470306,-1.091156005859375,-1.091156005859375,2.8712688185744693,2.8712688185744693
qwen3_8b,18,up_proj,-0.1,dense,1,0.21237394213676453,0.19240128993988037,-0.019972652196884155,-0.019972652196884155,0.8998964882154707,0.8998964882154707,-0.7464418411254883,-0.7464418411254883,2.8712688185744693,2.8712688185744693
qwen3_8b,18,up_proj,-0.05,dense,1,0.21237394213676453,0.20242853462696075,-0.009945407509803772,-0.009945407509803772,0.9486286878751039,0.9486286878751039,-0.3830604553222656,-0.3830604553222656,2.8712688185744693,2.8712688185744693
qwen3_8b,18,up_proj,0.0,dense,1,0.21237394213676453,0.21237392723560333,-1.4901161193847656e-08,-1.4901161193847656e-08,0.9999998721050417,0.9999998721050417,-9.5367431640625e-07,-9.5367431640625e-07,2.8712688185744693,2.8712688185744693
qwen3_8b,18,up_proj,0.05,dense,1,0.21237394213676453,0.2222360521554947,0.009862110018730164,0.009862110018730164,1.0541530274687037,1.0541530274687037,0.40380287170410156,0.40380287170410156,2.8712688185744693,2.8712688185744693
qwen3_8b,18,up_proj,0.1,dense,1,0.21237394213676453,0.23201365768909454,0.019639715552330017,0.019639715552330017,1.111238622384572,1.111238622384572,0.8294730186462402,0.8294730186462402,2.8712688185744693,2.8712688185744693
qwen3_8b,18,up_proj,0.15,dense,1,0.21237394213676453,0.24170556664466858,0.029331624507904053,0.029331624507904053,1.171415758180817,1.171415758180817,1.278195858001709,1.278195858001709,2.8712688185744693,2.8712688185744693
qwen3_8b,18,up_proj,0.2,dense,1,0.21237394213676453,0.25131070613861084,0.038936764001846313,0.038936764001846313,1.2348515296205043,1.2348515296205043,1.7512173652648926,1.7512173652648926,2.8712688185744693,2.8712688185744693
qwen3_8b,19,down_proj,-0.2,dense,1,0.21634551882743835,0.17464420199394226,-0.041701316833496094,-0.041701316833496094,0.7343374421933633,0.7343374421933633,-3.146365165710449,-3.146365165710449,4.682974038884403,4.682974038884403
qwen3_8b,19,down_proj,-0.15,dense,1,0.21634551882743835,0.1851617395877838,-0.03118377923965454,-0.03118377923965454,0.7932712837250507,0.7932712837250507,-2.4483842849731445,-2.4483842849731445,4.682974038884403,4.682974038884403
qwen3_8b,19,down_proj,-0.1,dense,1,0.21634551882743835,0.19561900198459625,-0.020726516842842102,-0.020726516842842102,0.8569348195671183,0.8569348195671183,-1.694387435913086,-1.694387435913086,4.682974038884403,4.682974038884403
qwen3_8b,19,down_proj,-0.05,dense,1,0.21634551882743835,0.20601418614387512,-0.010331332683563232,-0.010331332683563232,0.9257078779038799,0.9257078779038799,-0.8798761367797852,-0.8798761367797852,4.682974038884403,4.682974038884403
qwen3_8b,19,down_proj,0.0,dense,1,0.21634551882743835,0.21634553372859955,1.4901161193847656e-08,1.4901161193847656e-08,1.0,1.0,0.0,0.0,4.682974038884403,4.682974038884403
qwen3_8b,19,down_proj,0.05,dense,1,0.21634551882743835,0.22661137580871582,0.010265856981277466,0.010265856981277466,1.0802544663631424,1.0802544663631424,0.9504909515380859,0.9504909515380859,4.682974038884403,4.682974038884403
qwen3_8b,19,down_proj,0.1,dense,1,0.21634551882743835,0.23681023716926575,0.020464718341827393,0.020464718341827393,1.1669499072090295,1.1669499072090295,1.9772653579711914,1.9772653579711914,4.682974038884403,4.682974038884403
qwen3_8b,19,down_proj,0.15,dense,1,0.21634551882743835,0.24694061279296875,0.030595093965530396,0.030595093965530396,1.2606028792055382,1.2606028792055382,3.0864410400390625,3.0864410400390625,4.682974038884403,4.682974038884403
qwen3_8b,19,down_proj,0.2,dense,1,0.21634551882743835,0.2570011019706726,0.04065558314323425,0.04065558314323425,1.3617717305888433,1.3617717305888433,4.28463077545166,4.28463077545166,4.682974038884403,4.682974038884403
qwen3_8b,19,up_proj,-0.2,dense,1,0.2125723510980606,0.1722850203514099,-0.040287330746650696,-0.040287330746650696,0.793159167489297,0.793159167489297,-1.7218942642211914,-1.7218942642211914,3.1856512882853014,3.1856512882853014
qwen3_8b,19,up_proj,-0.15,dense,1,0.2125723510980606,0.18247771263122559,-0.030094638466835022,-0.030094638466835022,0.8404662077349669,0.8404662077349669,-1.328075885772705,-1.328075885772705,3.1856512882853014,3.1856512882853014
qwen3_8b,19,up_proj,-0.1,dense,1,0.2125723510980606,0.1925908327102661,-0.019981518387794495,-0.019981518387794495,0.8905948405067045,0.8905948405067045,-0.9107685089111328,-0.9107685089111328,3.1856512882853014,3.1856512882853014
qwen3_8b,19,up_proj,-0.05,dense,1,0.2125723510980606,0.2026228904724121,-0.009949460625648499,-0.009949460625648499,0.9437133532353172,0.9437133532353172,-0.46857118606567383,-0.46857118606567383,3.1856512882853014,3.1856512882853014
qwen3_8b,19,up_proj,0.0,dense,1,0.2125723510980606,0.2125723510980606,0.0,0.0,1.0,1.0,0.0,0.0,3.1856512882853014,3.1856512882853014
qwen3_8b,19,up_proj,0.05,dense,1,0.2125723510980606,0.2224380224943161,0.009865671396255493,0.009865671396255493,1.0596438607221603,1.0596438607221603,0.4965190887451172,0.4965190887451172,3.1856512882853014,3.1856512882853014
qwen3_8b,19,up_proj,0.1,dense,1,0.2125723510980606,0.23221857845783234,0.01964622735977173,0.01964622735977173,1.1228451275633617,1.1228451275633617,1.0226526260375977,1.0226526260375977,3.1856512882853014,3.1856512882853014
qwen3_8b,19,up_proj,0.15,dense,1,0.2125723510980606,0.24191293120384216,0.029340580105781555,0.029340580105781555,1.1898159641191492,1.1898159641191492,1.5801668167114258,1.5801668167114258,3.1856512882853014,3.1856512882853014
qwen3_8b,19,up_proj,0.2,dense,1,0.2125723510980606,0.25151991844177246,0.03894756734371185,0.03894756734371185,1.2607811354945229,1.2607811354945229,2.1709327697753906,2.1709327697753906,3.1856512882853014,3.1856512882853014
qwen3_8b,20,down_proj,-0.2,dense,1,0.2176189422607422,0.17598466575145721,-0.04163427650928497,-0.04163427650928497,0.7576424024995374,0.7576424024995374,-2.4692234992980957,-2.4692234992980957,4.00570188553672,4.00570188553672
qwen3_8b,20,down_proj,-0.15,dense,1,0.2176189422607422,0.18649941682815552,-0.03111952543258667,-0.03111952543258667,0.8120789380991209,0.8120789380991209,-1.9146051406860352,-1.9146051406860352,4.00570188553672,4.00570188553672
qwen3_8b,20,down_proj,-0.1,dense,1,0.2176189422607422,0.1969444751739502,-0.020674467086791992,-0.020674467086791992,0.8704265000832612,0.8704265000832612,-1.3201398849487305,-1.3201398849487305,4.00570188553672,4.00570188553672
qwen3_8b,20,down_proj,-0.05,dense,1,0.2176189422607422,0.20731820166110992,-0.010300740599632263,-0.010300740599632263,0.9329665101195262,0.9329665101195262,-0.6829605102539062,-0.6829605102539062,4.00570188553672,4.00570188553672
qwen3_8b,20,down_proj,0.0,dense,1,0.2176189422607422,0.21761897206306458,2.9802322387695312e-08,2.9802322387695312e-08,1.0,1.0,0.0,0.0,4.00570188553672,4.00570188553672
qwen3_8b,20,down_proj,0.05,dense,1,0.2176189422607422,0.22784535586833954,0.010226413607597351,0.010226413607597351,1.0718499049493988,1.0718499049493988,0.7320318222045898,0.7320318222045898,4.00570188553672,4.00570188553672
qwen3_8b,20,down_proj,0.1,dense,1,0.2176189422607422,0.23799601197242737,0.02037706971168518,0.02037706971168518,1.148862186878028,1.148862186878028,1.5166597366333008,1.5166597366333008,4.00570188553672,4.00570188553672
qwen3_8b,20,down_proj,0.15,dense,1,0.2176189422607422,0.24806968867778778,0.030450746417045593,0.030450746417045593,1.231407425656801,1.231407425656801,2.357659339904785,2.357659339904785,4.00570188553672,4.00570188553672
qwen3_8b,20,down_proj,0.2,dense,1,0.2176189422607422,0.25806528329849243,0.040446341037750244,0.040446341037750244,1.3198839080628688,1.3198839080628688,3.2590885162353516,3.2590885162353516,4.00570188553672,4.00570188553672
qwen3_8b,20,up_proj,-0.2,dense,1,0.2129775583744049,0.17268821597099304,-0.040289342403411865,-0.040289342403411865,0.8026705042115707,0.8026705042115707,-1.5494256019592285,-1.5494256019592285,3.0013265287523923,3.0013265287523923
qwen3_8b,20,up_proj,-0.15,dense,1,0.2129775583744049,0.18288424611091614,-0.03009331226348877,-0.03009331226348877,0.848013922335019,0.848013922335019,-1.1933903694152832,-1.1933903694152832,3.0013265287523923,3.0013265287523923
qwen3_8b,20,up_proj,-0.1,dense,1,0.2129775583744049,0.19299869239330292,-0.01997886598110199,-0.01997886598110199,0.8959187401445504,0.8959187401445504,-0.8172430992126465,-0.8172430992126465,3.0013265287523923,3.0013265287523923
qwen3_8b,20,up_proj,-0.05,dense,1,0.2129775583744049,0.2030302882194519,-0.009947270154953003,-0.009947270154953003,0.946529916174251,0.946529916174251,-0.4198455810546875,-0.4198455810546875,3.0013265287523923,3.0013265287523923
qwen3_8b,20,up_proj,0.0,dense,1,0.2129775583744049,0.2129775583744049,0.0,0.0,0.9999998785433313,0.9999998785433313,-9.5367431640625e-07,-9.5367431640625e-07,3.0013265287523923,3.0013265287523923
qwen3_8b,20,up_proj,0.05,dense,1,0.2129775583744049,0.2228393405675888,0.009861782193183899,0.009861782193183899,1.056490468262826,1.056490468262826,0.4435615539550781,0.4435615539550781,3.0013265287523923,3.0013265287523923
qwen3_8b,20,up_proj,0.1,dense,1,0.2129775583744049,0.23261450231075287,0.01963694393634796,0.01963694393634796,1.1161724534089184,1.1161724534089184,0.9121828079223633,0.9121828079223633,3.0013265287523923,3.0013265287523923
qwen3_8b,20,up_proj,0.15,dense,1,0.2129775583744049,0.24230192601680756,0.02932436764240265,0.02932436764240265,1.1792255898512751,1.1792255898512751,1.4072742462158203,1.4072742462158203,3.0013265287523923,3.0013265287523923
qwen3_8b,20,up_proj,0.2,dense,1,0.2129775583744049,0.2519007921218872,0.0389232337474823,0.0389232337474823,1.2458410503864206,1.2458410503864206,1.9303369522094727,1.9303369522094727,3.0013265287523923,3.0013265287523923
qwen3_8b,21,down_proj,-0.2,dense,1,0.21519416570663452,0.17390775680541992,-0.0412864089012146,-0.0412864089012146,0.760417051783029,0.760417051783029,-2.422584056854248,-2.422584056854248,3.9331525621528063,3.9331525621528063
qwen3_8b,21,down_proj,-0.15,dense,1,0.21519416570663452,0.18432770669460297,-0.030866459012031555,-0.030866459012031555,0.8143084278424606,0.8143084278424606,-1.8776521682739258,-1.8776521682739258,3.9331525621528063,3.9331525621528063
qwen3_8b,21,down_proj,-0.1,dense,1,0.21519416570663452,0.19468308985233307,-0.020511075854301453,-0.020511075854301453,0.8720191050411323,0.8720191050411323,-1.2941007614135742,-1.2941007614135742,3.9331525621528063,3.9331525621528063
qwen3_8b,21,down_proj,-0.05,dense,1,0.21519416570663452,0.20497235655784607,-0.010221809148788452,-0.010221809148788452,0.9338195293796313,0.9338195293796313,-0.6691951751708984,-0.6691951751708984,3.9331525621528063,3.9331525621528063
qwen3_8b,21,down_proj,0.0,dense,1,0.21519416570663452,0.2151941955089569,2.9802322387695312e-08,2.9802322387695312e-08,1.000000094314211,1.000000094314211,9.5367431640625e-07,9.5367431640625e-07,3.9331525621528063,3.9331525621528063
qwen3_8b,21,down_proj,0.05,dense,1,0.21519416570663452,0.22534716129302979,0.010152995586395264,0.010152995586395264,1.0708709049712644,1.0708709049712644,0.7166233062744141,0.7166233062744141,3.9331525621528063,3.9331525621528063
qwen3_8b,21,down_proj,0.1,dense,1,0.21519416570663452,0.23543009161949158,0.020235925912857056,0.020235925912857056,1.1467640416883904,1.1467640416883904,1.484029769897461,1.484029769897461,3.9331525621528063,3.9331525621528063
qwen3_8b,21,down_proj,0.15,dense,1,0.21519416570663452,0.24544183909893036,0.030247673392295837,0.030247673392295837,1.2280362008123094,1.2280362008123094,2.3058271408081055,2.3058271408081055,3.9331525621528063,3.9331525621528063
qwen3_8b,21,down_proj,0.2,dense,1,0.21519416570663452,0.25538140535354614,0.04018723964691162,0.04018723964691162,1.315068034499384,1.315068034499384,3.1858644485473633,3.1858644485473633,3.9331525621528063,3.9331525621528063
qwen3_8b,21,up_proj,-0.2,dense,1,0.20890827476978302,0.16945452988147736,-0.039453744888305664,-0.039453744888305664,0.802656026775147,0.802656026775147,-1.5563840866088867,-1.5563840866088867,3.001598661109978,3.001598661109978
qwen3_8b,21,up_proj,-0.15,dense,1,0.20890827476978302,0.17944176495075226,-0.02946650981903076,-0.02946650981903076,0.8480024537596835,0.8480024537596835,-1.1987524032592773,-1.1987524032592773,3.001598661109978,3.001598661109978
qwen3_8b,21,up_proj,-0.1,dense,1,0.20890827476978302,0.18934734165668488,-0.019560933113098145,-0.019560933113098145,0.8959106242340692,0.8959106242340692,-0.8209171295166016,-0.8209171295166016,3.001598661109978,3.001598661109978
qwen3_8b,21,up_proj,-0.05,dense,1,0.20890827476978302,0.19916993379592896,-0.009738340973854065,-0.009738340973854065,0.9465256452168465,0.9465256452168465,-0.4217338562011719,-0.4217338562011719,3.001598661109978,3.001598661109978
qwen3_8b,21,up_proj,0.0,dense,1,0.20890827476978302,0.20890827476978302,0.0,0.0,0.9999999395387422,0.9999999395387422,-4.76837158203125e-07,-4.76837158203125e-07,3.001598661109978,3.001598661109978
qwen3_8b,21,up_proj,0.05,dense,1,0.20890827476978302,0.21856117248535156,0.009652897715568542,0.009652897715568542,1.0564953015254315,1.0564953015254315,0.445559024810791,0.445559024810791,3.001598661109978,3.001598661109978
qwen3_8b,21,up_proj,0.1,dense,1,0.20890827476978302,0.2281276434659958,0.01921936869621277,0.01921936869621277,1.1161826551525054,1.1161826551525054,0.916292667388916,0.916292667388916,3.001598661109978,3.001598661109978
qwen3_8b,21,up_proj,0.15,dense,1,0.20890827476978302,0.2376066893339157,0.02869841456413269,0.02869841456413269,1.1792416912779256,1.1792416912779256,1.4136176109313965,1.4136176109313965,3.001598661109978,3.001598661109978
qwen3_8b,21,up_proj,0.2,dense,1,0.20890827476978302,0.24699744582176208,0.038089171051979065,0.038089171051979065,1.2458637093211367,1.2458637093211367,1.939042568206787,1.939042568206787,3.001598661109978,3.001598661109978
qwen3_8b,22,down_proj,-0.2,dense,1,0.20302057266235352,0.16438959538936615,-0.038630977272987366,-0.038630977272987366,0.7700985713958586,0.7700985713958586,-2.2404799461364746,-2.2404799461364746,3.6920540592489717,3.6920540592489717
qwen3_8b,22,down_proj,-0.15,dense,1,0.20302057266235352,0.17415545880794525,-0.028865113854408264,-0.028865113854408264,0.8220719173490862,0.8220719173490862,-1.7339792251586914,-1.7339792251586914,3.6920540592489717,3.6920540592489717
qwen3_8b,22,down_proj,-0.1,dense,1,0.20302057266235352,0.18385012447834015,-0.019170448184013367,-0.019170448184013367,0.8775525781633944,0.8775525781633944,-1.19329833984375,-1.19329833984375,3.6920540592489717,3.6920540592489717
qwen3_8b,22,down_proj,-0.05,dense,1,0.20302057266235352,0.19347228109836578,-0.009548291563987732,-0.009548291563987732,0.9367778129417721,0.9367778129417721,-0.6161251068115234,-0.6161251068115234,3.6920540592489717,3.6920540592489717
qwen3_8b,22,down_proj,0.0,dense,1,0.20302057266235352,0.20302057266235352,0.0,0.0,0.9999999021410175,0.9999999021410175,-9.5367431640625e-07,-9.5367431640625e-07,3.6920540592489717,3.6920540592489717
qwen3_8b,22,down_proj,0.05,dense,1,0.20302057266235352,0.21249376237392426,0.00947318971157074,0.00947318971157074,1.0674888386937549,1.0674888386937549,0.6577053070068359,0.6577053070068359,3.6920540592489717,3.6920540592489717
qwen3_8b,22,down_proj,0.1,dense,1,0.20302057266235352,0.22189079225063324,0.018870219588279724,0.018870219588279724,1.1395327194443645,1.1395327194443645,1.3598012924194336,1.3598012924194336,3.6920540592489717,3.6920540592489717
qwen3_8b,22,down_proj,0.15,dense,1,0.20302057266235352,0.23121055960655212,0.02818998694419861,0.02818998694419861,1.2164385280208432,1.2164385280208432,2.109278678894043,2.109278678894043,3.6920540592489717,3.6920540592489717
qwen3_8b,22,down_proj,0.2,dense,1,0.20302057266235352,0.2404521405696869,0.037431567907333374,0.037431567907333374,1.2985348748863124,1.2985348748863124,2.9093399047851562,2.9093399047851562,3.6920540592489717,3.6920540592489717
qwen3_8b,22,up_proj,-0.2,dense,1,0.20779983699321747,0.16850948333740234,-0.039290353655815125,-0.039290353655815125,0.8020728408738601,0.8020728408738601,-1.599412441253662,-1.599412441253662,3.012527091368306,3.012527091368306
qwen3_8b,22,up_proj,-0.15,dense,1,0.20779983699321747,0.17845341563224792,-0.029346421360969543,-0.029346421360969543,0.8475402341011173,0.8475402341011173,-1.2319989204406738,-1.2319989204406738,3.012527091368306,3.012527091368306
qwen3_8b,22,up_proj,-0.1,dense,1,0.20779983699321747,0.18831734359264374,-0.01948249340057373,-0.01948249340057373,0.89558523922129,0.89558523922129,-0.8437561988830566,-0.8437561988830566,3.012527091368306,3.012527091368306
qwen3_8b,22,up_proj,-0.05,dense,1,0.20779983699321747,0.19809994101524353,-0.009699895977973938,-0.009699895977973938,0.9463535483676049,0.9463535483676049,-0.43350696563720703,-0.43350696563720703,3.012527091368306,3.012527091368306
qwen3_8b,22,up_proj,0.0,dense,1,0.20779983699321747,0.20779982209205627,-1.4901161193847656e-08,-1.4901161193847656e-08,1.0,1.0,0.0,0.0,3.012527091368306,3.012527091368306
qwen3_8b,22,up_proj,0.05,dense,1,0.20779983699321747,0.217415913939476,0.009616076946258545,0.009616076946258545,1.0566876347681737,1.0566876347681737,0.4580821990966797,0.4580821990966797,3.012527091368306,3.012527091368306
qwen3_8b,22,up_proj,0.1,dense,1,0.20779983699321747,0.2269471138715744,0.019147276878356934,0.019147276878356934,1.116588403614298,1.116588403614298,0.9421291351318359,0.9421291351318359,3.012527091368306,3.012527091368306
qwen3_8b,22,up_proj,0.15,dense,1,0.20779983699321747,0.23639239370822906,0.028592556715011597,0.028592556715011597,1.1798849970383605,1.1798849970383605,1.4536170959472656,1.4536170959472656,3.012527091368306,3.012527091368306
qwen3_8b,22,up_proj,0.2,dense,1,0.20779983699321747,0.24575088918209076,0.03795105218887329,0.03795105218887329,1.2467695469098574,1.2467695469098574,1.9940986633300781,1.9940986633300781,3.012527091368306,3.012527091368306
qwen3_8b,23,down_proj,-0.2,dense,1,0.20424099266529083,0.16590160131454468,-0.038339391350746155,-0.038339391350746155,0.768973256238717,0.768973256238717,-2.285892963409424,-2.285892963409424,3.7191504813954293,3.7191504813954293
qwen3_8b,23,down_proj,-0.15,dense,1,0.20424099266529083,0.1756170690059662,-0.028623923659324646,-0.028623923659324646,0.8211707226801014,0.8211707226801014,-1.769425392150879,-1.769425392150879,3.7191504813954293,3.7191504813954293
qwen3_8b,23,down_proj,-0.1,dense,1,0.20424099266529083,0.18524618446826935,-0.018994808197021484,-0.018994808197021484,0.8769112290641178,0.8769112290641178,-1.2179012298583984,-1.2179012298583984,3.7191504813954293,3.7191504813954293
qwen3_8b,23,down_proj,-0.05,dense,1,0.20424099266529083,0.19478777050971985,-0.009453222155570984,-0.009453222155570984,0.936435398881749,0.936435398881749,-0.6289396286010742,-0.6289396286010742,3.7191504813954293,3.7191504813954293
qwen3_8b,23,down_proj,0.0,dense,1,0.20424099266529083,0.20424099266529083,0.0,0.0,1.0000000963843345,1.0000000963843345,9.5367431640625e-07,9.5367431640625e-07,3.7191504813954293,3.7191504813954293
qwen3_8b,23,down_proj,0.05,dense,1,0.20424099266529083,0.21360500156879425,0.009364008903503418,0.009364008903503418,1.0678794386190824,1.0678794386190824,0.6716327667236328,0.6716327667236328,3.7191504813954293,3.7191504813954293
qwen3_8b,23,down_proj,0.1,dense,1,0.20424099266529083,0.22287893295288086,0.018637940287590027,0.018637940287590027,1.140366433962755,1.140366433962755,1.38885498046875,1.38885498046875,3.7191504813954293,3.7191504813954293
qwen3_8b,23,down_proj,0.15,dense,1,0.20424099266529083,0.23206229507923126,0.02782130241394043,0.02782130241394043,1.2177737531963455,1.2177737531963455,2.15476131439209,2.15476131439209,3.7191504813954293,3.7191504813954293
qwen3_8b,23,down_proj,0.2,dense,1,0.20424099266529083,0.24115444719791412,0.03691345453262329,0.03691345453262329,1.3004354644230964,1.3004354644230964,2.9726572036743164,2.9726572036743164,3.7191504813954293,3.7191504813954293
qwen3_8b,23,up_proj,-0.2,dense,1,0.20758648216724396,0.16847306489944458,-0.03911341726779938,-0.03911341726779938,0.7871530515450984,0.7871530515450984,-1.896378993988037,-1.896378993988037,3.3090561074949427,3.3090561074949427
qwen3_8b,23,up_proj,-0.15,dense,1,0.20758648216724396,0.17837825417518616,-0.0292082279920578,-0.0292082279920578,0.8356885321109756,0.8356885321109756,-1.4639477729797363,-1.4639477729797363,3.3090561074949427,3.3090561074949427
qwen3_8b,23,up_proj,-0.1,dense,1,0.20758648216724396,0.1881997138261795,-0.019386768341064453,-0.019386768341064453,0.887216504313354,0.887216504313354,-1.004854679107666,-1.004854679107666,3.3090561074949427,3.3090561074949427
qwen3_8b,23,up_proj,-0.05,dense,1,0.20758648216724396,0.19793616235256195,-0.009650319814682007,-0.009650319814682007,0.9419218781676879,0.9419218781676879,-0.5174522399902344,-0.5174522399902344,3.3090561074949427,3.3090561074949427
qwen3_8b,23,up_proj,0.0,dense,1,0.20758648216724396,0.20758648216724396,0.0,0.0,1.0000001070390827,1.0000001070390827,9.5367431640625e-07,9.5367431640625e-07,3.3090561074949427,3.3090561074949427
qwen3_8b,23,up_proj,0.05,dense,1,0.20758648216724396,0.21714957058429718,0.009563088417053223,0.009563088417053223,1.0616594354630329,1.0616594354630329,0.5493602752685547,0.5493602752685547,3.3090561074949427,3.3090561074949427
qwen3_8b,23,up_proj,0.1,dense,1,0.20758648216724396,0.2266244739294052,0.019037991762161255,0.019037991762161255,1.1271207921063386,1.1271207921063386,1.132594108581543,1.132594108581543,3.3090561074949427,3.3090561074949427
qwen3_8b,23,up_proj,0.15,dense,1,0.20758648216724396,0.23601031303405762,0.02842383086681366,0.02842383086681366,1.196618271442979,1.196618271442979,1.7517881393432617,1.7517881393432617,3.3090561074949427,3.3090561074949427
qwen3_8b,23,up_proj,0.2,dense,1,0.20758648216724396,0.24530628323554993,0.03771980106830597,0.03771980106830597,1.2704012745357662,1.2704012745357662,2.4091644287109375,2.4091644287109375,3.3090561074949427,3.3090561074949427
qwen3_8b,24,down_proj,-0.2,dense,1,0.1948208212852478,0.15813694894313812,-0.03668387234210968,-0.03668387234210968,0.7726684950571856,0.7726684950571856,-2.24192476272583,-2.24192476272583,3.631064420850009,3.631064420850009
qwen3_8b,24,down_proj,-0.15,dense,1,0.1948208212852478,0.16742698848247528,-0.027393832802772522,-0.027393832802772522,0.8241284111521056,0.8241284111521056,-1.734431266784668,-1.734431266784668,3.631064420850009,3.631064420850009
qwen3_8b,24,down_proj,-0.1,dense,1,0.1948208212852478,0.17663829028606415,-0.018182530999183655,-0.018182530999183655,0.8790158100240296,0.8790158100240296,-1.193136215209961,-1.193136215209961,3.631064420850009,3.631064420850009
qwen3_8b,24,down_proj,-0.05,dense,1,0.1948208212852478,0.18576988577842712,-0.009050935506820679,-0.009050935506820679,0.9375584749246468,0.9375584749246468,-0.6157932281494141,-0.6157932281494141,3.631064420850009,3.631064420850009
qwen3_8b,24,down_proj,0.0,dense,1,0.1948208212852478,0.1948208212852478,0.0,0.0,1.0000000967027178,1.0000000967027178,9.5367431640625e-07,9.5367431640625e-07,3.631064420850009,3.631064420850009
qwen3_8b,24,down_proj,0.05,dense,1,0.1948208212852478,0.20379027724266052,0.00896945595741272,0.00896945595741272,1.0666003221554339,1.0666003221554339,0.6568069458007812,0.6568069458007812,3.631064420850009,3.631064420850009
qwen3_8b,24,down_proj,0.1,dense,1,0.1948208212852478,0.212677463889122,0.017856642603874207,0.017856642603874207,1.1376362045691841,1.1376362045691841,1.3573570251464844,1.3573570251464844,3.631064420850009,3.631064420850009
qwen3_8b,24,down_proj,0.15,dense,1,0.1948208212852478,0.22148174047470093,0.026660919189453125,0.026660919189453125,1.2134032674494495,1.2134032674494495,2.1045656204223633,2.1045656204223633,3.631064420850009,3.631064420850009
qwen3_8b,24,down_proj,0.2,dense,1,0.1948208212852478,0.2302025556564331,0.0353817343711853,0.0353817343711853,1.2942162781425457,1.2942162781425457,2.9015369415283203,2.9015369415283203,3.631064420850009,3.631064420850009
qwen3_8b,24,up_proj,-0.2,dense,1,0.2075977772474289,0.16866624355316162,-0.03893153369426727,-0.03893153369426727,0.7847117166394858,0.7847117166394858,-1.951490879058838,-1.951490879058838,3.3608523990563315,3.3608523990563315
qwen3_8b,24,up_proj,-0.15,dense,1,0.2075977772474289,0.17853286862373352,-0.029064908623695374,-0.029064908623695374,0.8337437546469614,0.8337437546469614,-1.50703763961792,-1.50703763961792,3.3608523990563315,3.3608523990563315
qwen3_8b,24,up_proj,-0.1,dense,1,0.2075977772474289,0.18831107020378113,-0.019286707043647766,-0.019286707043647766,0.8858396440476232,0.8858396440476232,-1.0348119735717773,-1.0348119735717773,3.3608523990563315,3.3608523990563315
qwen3_8b,24,up_proj,-0.05,dense,1,0.2075977772474289,0.19799968600273132,-0.00959809124469757,-0.00959809124469757,0.9411904448531473,0.9411904448531473,-0.5330820083618164,-0.5330820083618164,3.3608523990563315,3.3608523990563315
qwen3_8b,24,up_proj,0.0,dense,1,0.2075977772474289,0.2075977772474289,0.0,0.0,1.0,1.0,0.0,0.0,3.3608523990563315,3.3608523990563315
qwen3_8b,24,up_proj,0.05,dense,1,0.2075977772474289,0.21710450947284698,0.00950673222541809,0.00950673222541809,1.062484304093892,1.062484304093892,0.5663919448852539,0.5663919448852539,3.3608523990563315,3.3608523990563315
qwen3_8b,24,up_proj,0.1,dense,1,0.2075977772474289,0.22651909291744232,0.018921315670013428,0.018921315670013428,1.1288726081069835,1.1288726081069835,1.1681718826293945,1.1681718826293945,3.3608523990563315,3.3608523990563315
qwen3_8b,24,up_proj,0.15,dense,1,0.2075977772474289,0.23584088683128357,0.028243109583854675,0.028243109583854675,1.199409418353776,1.199409418353776,1.80755615234375,1.80755615234375,3.3608523990563315,3.3608523990563315
qwen3_8b,24,up_proj,0.2,dense,1,0.2075977772474289,0.2450692504644394,0.0374714732170105,0.0374714732170105,1.274353654817053,1.274353654817053,2.486891746520996,2.486891746520996,3.3608523990563315,3.3608523990563315
qwen3_8b,25,down_proj,-0.2,dense,1,0.19418087601661682,0.15764440596103668,-0.03653647005558014,-0.03653647005558014,0.7898581115865182,0.7898581115865182,-1.8674111366271973,-1.8674111366271973,3.2527778837144012,3.2527778837144012
qwen3_8b,25,down_proj,-0.15,dense,1,0.19418087601661682,0.16689887642860413,-0.027281999588012695,-0.027281999588012695,0.8378413532290981,0.8378413532290981,-1.4410114288330078,-1.4410114288330078,3.2527778837144012,3.2527778837144012
qwen3_8b,25,down_proj,-0.1,dense,1,0.19418087601661682,0.17607378959655762,-0.018107086420059204,-0.018107086420059204,0.8887395677465044,0.8887395677465044,-0.9887080192565918,-0.9887080192565918,3.2527778837144012,3.2527778837144012
qwen3_8b,25,down_proj,-0.05,dense,1,0.19418087601661682,0.1851681023836136,-0.009012773633003235,-0.009012773633003235,0.9427298299212812,0.9427298299212812,-0.5089273452758789,-0.5089273452758789,3.2527778837144012,3.2527778837144012
qwen3_8b,25,down_proj,0.0,dense,1,0.19418087601661682,0.19418087601661682,0.0,0.0,0.99999989268195,0.99999989268195,-9.5367431640625e-07,-9.5367431640625e-07,3.2527778837144012,3.2527778837144012
qwen3_8b,25,down_proj,0.05,dense,1,0.19418087601661682,0.20311109721660614,0.008930221199989319,0.008930221199989319,1.0607490993064357,1.0607490993064357,0.5398426055908203,0.5398426055908203,3.2527778837144012,3.2527778837144012
qwen3_8b,25,down_proj,0.1,dense,1,0.19418087601661682,0.21195802092552185,0.01777714490890503,0.01777714490890503,1.1251887590352407,1.1251887590352407,1.1124811172485352,1.1124811172485352,3.2527778837144012,3.2527778837144012
qwen3_8b,25,down_proj,0.15,dense,1,0.19418087601661682,0.2207210212945938,0.02654014527797699,0.02654014527797699,1.1935430592748713,1.1935430592748713,1.7199068069458008,1.7199068069458008,3.2527778837144012,3.2527778837144012
qwen3_8b,25,down_proj,0.2,dense,1,0.19418087601661682,0.22939927875995636,0.03521840274333954,0.03521840274333954,1.2660499241422363,1.2660499241422363,2.36423397064209,2.36423397064209,3.2527778837144012,3.2527778837144012
qwen3_8b,25,up_proj,-0.2,dense,1,0.20218655467033386,0.1641588658094406,-0.03802768886089325,-0.03802768886089325,0.7898455858374623,0.7898455858374623,-1.8628029823303223,-1.8628029823303223,3.2530381902290197,3.2530381902290197
qwen3_8b,25,up_proj,-0.15,dense,1,0.20218655467033386,0.17379134893417358,-0.02839520573616028,-0.02839520573616028,0.8378313460932855,0.8378313460932855,-1.4374585151672363,-1.4374585151672363,3.2530381902290197,3.2530381902290197
qwen3_8b,25,up_proj,-0.1,dense,1,0.20218655467033386,0.18334084749221802,-0.018845707178115845,-0.018845707178115845,0.888732578632917,0.888732578632917,-0.9862713813781738,-0.9862713813781738,3.2530381902290197,3.2530381902290197
qwen3_8b,25,up_proj,-0.05,dense,1,0.20218655467033386,0.19280627369880676,-0.0093802809715271,-0.0093802809715271,0.94272621511813,0.94272621511813,-0.5076732635498047,-0.5076732635498047,3.2530381902290197,3.2530381902290197
qwen3_8b,25,up_proj,0.0,dense,1,0.20218655467033386,0.20218655467033386,0.0,0.0,1.0000001075899434,1.0000001075899434,9.5367431640625e-07,9.5367431640625e-07,3.2530381902290197,3.2530381902290197
qwen3_8b,25,up_proj,0.05,dense,1,0.20218655467033386,0.21148081123828888,0.009294256567955017,0.009294256567955017,1.0607536740082817,1.0607536740082817,0.5385189056396484,0.5385189056396484,3.2530381902290197,3.2530381902290197
qwen3_8b,25,up_proj,0.1,dense,1,0.20218655467033386,0.22068819403648376,0.018501639366149902,0.018501639366149902,1.125198113431862,1.125198113431862,1.1097526550292969,1.1097526550292969,3.2530381902290197,3.2530381902290197
qwen3_8b,25,up_proj,0.15,dense,1,0.20218655467033386,0.22980786859989166,0.0276213139295578,0.0276213139295578,1.1935578584824287,1.1935578584824287,1.7156915664672852,1.7156915664672852,3.2530381902290197,3.2530381902290197
qwen3_8b,25,up_proj,0.2,dense,1,0.20218655467033386,0.2388392835855484,0.03665272891521454,0.03665272891521454,1.2660703601648666,1.2660703601648666,2.358440399169922,2.358440399169922,3.2530381902290197,3.2530381902290197
qwen3_8b,26,down_proj,-0.2,dense,1,0.19880187511444092,0.16183096170425415,-0.03697091341018677,-0.03697091341018677,0.7934644357294046,0.7934644357294046,-1.798227310180664,-1.798227310180664,3.1795268909027063,3.1795268909027063
qwen3_8b,26,down_proj,-0.15,dense,1,0.19880187511444092,0.17121300101280212,-0.027588874101638794,-0.027588874101638794,0.840708847177234,0.840708847177234,-1.386888027191162,-1.386888027191162,3.1795268909027063,3.1795268909027063
qwen3_8b,26,down_proj,-0.1,dense,1,0.19880187511444092,0.18050260841846466,-0.018299266695976257,-0.018299266695976257,0.8907661555501714,0.8907661555501714,-0.9510579109191895,-0.9510579109191895,3.1795268909027063,3.1795268909027063
qwen3_8b,26,down_proj,-0.05,dense,1,0.19880187511444092,0.18969903886318207,-0.00910283625125885,-0.00910283625125885,0.9438041674753953,0.9438041674753953,-0.4892759323120117,-0.4892759323120117,3.1795268909027063,3.1795268909027063
qwen3_8b,26,down_proj,0.0,dense,1,0.19880187511444092,0.19880187511444092,0.0,0.0,1.0,1.0,0.0,0.0,3.1795268909027063,3.1795268909027063
qwen3_8b,26,down_proj,0.05,dense,1,0.19880187511444092,0.207810640335083,0.00900876522064209,0.00900876522064209,1.05954177837345,1.05954177837345,0.5184078216552734,0.5184078216552734,3.1795268909027063,3.1795268909027063
qwen3_8b,26,down_proj,0.1,dense,1,0.19880187511444092,0.21672499179840088,0.01792311668395996,0.01792311668395996,1.1226289646506358,1.1226289646506358,1.0676841735839844,1.0676841735839844,3.1795268909027063,3.1795268909027063
qwen3_8b,26,down_proj,0.15,dense,1,0.19880187511444092,0.22554458677768707,0.026742711663246155,0.026742711663246155,1.1894723029246987,1.1894723029246987,1.6496639251708984,1.6496639251708984,3.1795268909027063,3.1795268909027063
qwen3_8b,26,down_proj,0.2,dense,1,0.19880187511444092,0.23426929116249084,0.03546741604804993,0.03546741604804993,1.2602956814110127,1.2602956814110127,2.26629638671875,2.26629638671875,3.1795268909027063,3.1795268909027063
qwen3_8b,26,up_proj,-0.2,dense,1,0.2013372778892517,0.1636425256729126,-0.03769475221633911,-0.03769475221633911,0.7933485865126974,0.7933485865126974,-1.8097262382507324,-1.8097262382507324,3.18185169011892,3.18185169011892
qwen3_8b,26,up_proj,-0.15,dense,1,0.2013372778892517,0.17319798469543457,-0.02813929319381714,-0.02813929319381714,0.8406167627794836,0.8406167627794836,-1.3957805633544922,-1.3957805633544922,3.18185169011892,3.18185169011892
qwen3_8b,26,up_proj,-0.1,dense,1,0.2013372778892517,0.18266624212265015,-0.018671035766601562,-0.018671035766601562,0.8907012415078868,0.8907012415078868,-0.9571714401245117,-0.9571714401245117,3.18185169011892,3.18185169011892
qwen3_8b,26,up_proj,-0.05,dense,1,0.2013372778892517,0.19204626977443695,-0.009291008114814758,-0.009291008114814758,0.9437696733616218,0.9437696733616218,-0.4924306869506836,-0.4924306869506836,3.18185169011892,3.18185169011892
qwen3_8b,26,up_proj,0.0,dense,1,0.2013372778892517,0.2013372778892517,0.0,0.0,1.0000001088994244,1.0000001088994244,9.5367431640625e-07,9.5367431640625e-07,3.18185169011892,3.18185169011892
qwen3_8b,26,up_proj,0.05,dense,1,0.2013372778892517,0.21053846180438995,0.009201183915138245,0.009201183915138245,1.0595807263264903,1.0595807263264903,0.5217714309692383,0.5217714309692383,3.18185169011892,3.18185169011892
qwen3_8b,26,up_proj,0.1,dense,1,0.2013372778892517,0.21964915096759796,0.018311873078346252,0.018311873078346252,1.122711029388143,1.122711029388143,1.0746278762817383,1.0746278762817383,3.18185169011892,3.18185169011892
qwen3_8b,26,up_proj,0.15,dense,1,0.2013372778892517,0.22866879403591156,0.02733151614665985,0.02733151614665985,1.189602936364077,1.189602936364077,1.660426139831543,1.660426139831543,3.18185169011892,3.18185169011892
qwen3_8b,26,up_proj,0.2,dense,1,0.2013372778892517,0.23759688436985016,0.03625960648059845,0.03625960648059845,1.260480344470659,1.260480344470659,2.2811269760131836,2.2811269760131836,3.18185169011892,3.18185169011892
qwen3_8b,27,down_proj,-0.2,dense,1,0.1998395025730133,0.16263380646705627,-0.03720569610595703,-0.03720569610595703,0.7982154760460722,0.7982154760460722,-1.7165513038635254,-1.7165513038635254,3.08602207454197,3.08602207454197
qwen3_8b,27,down_proj,-0.15,dense,1,0.1998395025730133,0.17207254469394684,-0.027766957879066467,-0.027766957879066467,0.8444814184443596,0.8444814184443596,-1.3229737281799316,-1.3229737281799316,3.08602207454197,3.08602207454197
qwen3_8b,27,down_proj,-0.1,dense,1,0.1998395025730133,0.18142011761665344,-0.018419384956359863,-0.018419384956359863,0.893429006594334,0.893429006594334,-0.9065837860107422,-0.9065837860107422,3.08602207454197,3.08602207454197
qwen3_8b,27,down_proj,-0.05,dense,1,0.1998395025730133,0.19067592918872833,-0.009163573384284973,-0.009163573384284973,0.9452138444467214,0.9452138444467214,-0.46605777740478516,-0.46605777740478516,3.08602207454197,3.08602207454197
qwen3_8b,27,down_proj,0.0,dense,1,0.1998395025730133,0.1998395025730133,0.0,0.0,0.9999998878934072,0.9999998878934072,-9.5367431640625e-07,-9.5367431640625e-07,3.08602207454197,3.08602207454197
qwen3_8b,27,down_proj,0.05,dense,1,0.1998395025730133,0.2089104801416397,0.009070977568626404,0.009070977568626404,1.0579614626861054,1.0579614626861054,0.4930696487426758,0.4930696487426758,3.08602207454197,3.08602207454197
qwen3_8b,27,down_proj,0.1,dense,1,0.1998395025730133,0.2178884893655777,0.018048986792564392,0.018048986792564392,1.1192828720632837,1.1192828720632837,1.0147218704223633,1.0147218704223633,3.08602207454197,3.08602207454197
qwen3_8b,27,down_proj,0.15,dense,1,0.1998395025730133,0.22677330672740936,0.026933804154396057,0.026933804154396057,1.1841582846435716,1.1841582846435716,1.5666074752807617,1.5666074752807617,3.08602207454197,3.08602207454197
qwen3_8b,27,down_proj,0.2,dense,1,0.1998395025730133,0.23556463420391083,0.03572513163089752,0.03572513163089752,1.2527943128773928,1.2527943128773928,2.150484085083008,2.150484085083008,3.08602207454197,3.08602207454197
qwen3_8b,27,up_proj,-0.2,dense,1,0.1993960291147232,0.16201160848140717,-0.03738442063331604,-0.03738442063331604,0.7897303334301041,0.7897303334301041,-1.9057354927062988,-1.9057354927062988,3.255411962748367,3.255411962748367
qwen3_8b,27,up_proj,-0.15,dense,1,0.1993960291147232,0.1714860200881958,-0.027910009026527405,-0.027910009026527405,0.8377398090461134,0.8377398090461134,-1.470611572265625,-1.470611572265625,3.255411962748367,3.255411962748367
qwen3_8b,27,up_proj,-0.1,dense,1,0.1993960291147232,0.1808754950761795,-0.0185205340385437,-0.0185205340385437,0.8886676148736404,0.8886676148736404,-1.009037971496582,-1.009037971496582,3.255411962748367,3.255411962748367
qwen3_8b,27,up_proj,-0.05,dense,1,0.1993960291147232,0.19017915427684784,-0.009216874837875366,-0.009216874837875366,0.9426917370149326,0.9426917370149326,-0.5194015502929688,-0.5194015502929688,3.255411962748367,3.255411962748367
qwen3_8b,27,up_proj,0.0,dense,1,0.1993960291147232,0.1993960291147232,0.0,0.0,1.0,1.0,0.0,0.0,3.255411962748367,3.255411962748367
qwen3_8b,27,up_proj,0.05,dense,1,0.1993960291147232,0.2085254043340683,0.009129375219345093,0.009129375219345093,1.0607922238750547,1.0607922238750547,0.5509777069091797,0.5509777069091797,3.255411962748367,3.255411962748367
qwen3_8b,27,up_proj,0.1,dense,1,0.1993960291147232,0.21756653487682343,0.01817050576210022,0.01817050576210022,1.125280118978685,1.125280118978685,1.1354503631591797,1.1354503631591797,3.255411962748367,3.255411962748367
qwen3_8b,27,up_proj,0.15,dense,1,0.1993960291147232,0.22651879489421844,0.02712276577949524,0.02712276577949524,1.193688022508639,1.193688022508639,1.7554512023925781,1.7554512023925781,3.255411962748367,3.255411962748367
qwen3_8b,27,up_proj,0.2,dense,1,0.1993960291147232,0.23538164794445038,0.03598561882972717,0.03598561882972717,1.266255002998353,1.266255002998353,2.41314697265625,2.41314697265625,3.255411962748367,3.255411962748367
qwen3_8b,28,down_proj,-0.2,dense,1,0.20315240323543549,0.16551832854747772,-0.037634074687957764,-0.037634074687957764,0.7890112755648033,0.7890112755648033,-1.9090242385864258,-1.9090242385864258,3.270270838546805,3.270270838546805
qwen3_8b,28,down_proj,-0.15,dense,1,0.20315240323543549,0.17507220804691315,-0.02808019518852234,-0.02808019518852234,0.8371674982690395,0.8371674982690395,-1.4733071327209473,-1.4733071327209473,3.270270838546805,3.270270838546805
qwen3_8b,28,down_proj,-0.1,dense,1,0.20315240323543549,0.1845293790102005,-0.018623024225234985,-0.018623024225234985,0.8882629546412983,0.8882629546412983,-1.010995864868164,-1.010995864868164,3.270270838546805,3.270270838546805
qwen3_8b,28,down_proj,-0.05,dense,1,0.20315240323543549,0.19388951361179352,-0.009262889623641968,-0.009262889623641968,0.9424769857877312,0.9424769857877312,-0.5204677581787109,-0.5204677581787109,3.270270838546805,3.270270838546805
qwen3_8b,28,down_proj,0.0,dense,1,0.20315240323543549,0.20315240323543549,0.0,0.0,1.0,1.0,0.0,0.0,3.270270838546805,3.270270838546805
qwen3_8b,28,down_proj,0.05,dense,1,0.20315240323543549,0.21231788396835327,0.009165480732917786,0.009165480732917786,1.061033736259694,1.061033736259694,0.5522327423095703,0.5522327423095703,3.270270838546805,3.270270838546805
qwen3_8b,28,down_proj,0.1,dense,1,0.20315240323543549,0.2213858962059021,0.018233492970466614,0.018233492970466614,1.125792581760414,1.125792581760414,1.1381702423095703,1.1381702423095703,3.270270838546805,3.270270838546805
qwen3_8b,28,down_proj,0.15,dense,1,0.20315240323543549,0.23035642504692078,0.02720402181148529,0.02720402181148529,1.19450399351484,1.19450399351484,1.7598705291748047,1.7598705291748047,3.270270838546805,3.270270838546805
qwen3_8b,28,down_proj,0.2,dense,1,0.20315240323543549,0.2392295002937317,0.036077097058296204,0.036077097058296204,1.2674087091582646,1.2674087091582646,2.4195117950439453,2.4195117950439453,3.270270838546805,3.270270838546805
qwen3_8b,28,up_proj,-0.2,dense,1,0.19804668426513672,0.1608724445104599,-0.03717423975467682,-0.03717423975467682,0.781682846384964,0.781682846384964,-2.1041183471679688,-2.1041183471679688,3.4264725091088173,3.4264725091088173
qwen3_8b,28,up_proj,-0.15,dense,1,0.19804668426513672,0.17029127478599548,-0.027755409479141235,-0.027755409479141235,0.8313288610367553,0.8313288610367553,-1.6256351470947266,-1.6256351470947266,3.4264725091088173,3.4264725091088173
qwen3_8b,28,up_proj,-0.1,dense,1,0.19804668426513672,0.17962723970413208,-0.01841944456100464,-0.01841944456100464,0.8841281297533323,0.8841281297533323,-1.1167612075805664,-1.1167612075805664,3.4264725091088173,3.4264725091088173
qwen3_8b,28,up_proj,-0.05,dense,1,0.19804668426513672,0.18887929618358612,-0.009167388081550598,-0.009167388081550598,0.9402809282502353,0.9402809282502353,-0.575566291809082,-0.575566291809082,3.4264725091088173,3.4264725091088173
qwen3_8b,28,up_proj,0.0,dense,1,0.19804668426513672,0.1980466991662979,1.4901161193847656e-08,1.4901161193847656e-08,1.0,1.0,0.0,0.0,3.4264725091088173,3.4264725091088173
qwen3_8b,28,up_proj,0.05,dense,1,0.19804668426513672,0.2071285843849182,0.009081900119781494,0.009081900119781494,1.0635119415384895,1.0635119415384895,0.61212158203125,0.61212158203125,3.4264725091088173,3.4264725091088173
qwen3_8b,28,up_proj,0.1,dense,1,0.19804668426513672,0.21612435579299927,0.01807767152786255,0.01807767152786255,1.131057697217157,1.131057697217157,1.2631206512451172,1.2631206512451172,3.4264725091088173,3.4264725091088173
qwen3_8b,28,up_proj,0.15,dense,1,0.19804668426513672,0.22503328323364258,0.02698659896850586,0.02698659896850586,1.202893350806664,1.202893350806664,1.955465316772461,1.955465316772461,3.4264725091088173,3.4264725091088173
qwen3_8b,28,up_proj,0.2,dense,1,0.19804668426513672,0.23385493457317352,0.035808250308036804,0.035808250308036804,1.2792912139518555,1.2792912139518555,2.6917800903320312,2.6917800903320312,3.4264725091088173,3.4264725091088173
qwen3_8b,29,down_proj,-0.2,dense,1,0.2082289159297943,0.17017674446105957,-0.03805217146873474,-0.03805217146873474,0.783511328115749,0.783511328115749,-2.0312323570251465,-2.0312323570251465,3.386673643065955,3.386673643065955
qwen3_8b,29,down_proj,-0.15,dense,1,0.2082289159297943,0.17985576391220093,-0.028373152017593384,-0.028373152017593384,0.8327870891975593,0.8327870891975593,-1.5688962936401367,-1.5688962936401367,3.386673643065955,3.386673643065955
qwen3_8b,29,down_proj,-0.1,dense,1,0.2082289159297943,0.18942376971244812,-0.01880514621734619,-0.01880514621734619,0.8851617799119105,0.8851617799119105,-1.077484130859375,-1.077484130859375,3.386673643065955,3.386673643065955
qwen3_8b,29,down_proj,-0.05,dense,1,0.2082289159297943,0.19888125360012054,-0.009347662329673767,-0.009347662329673767,0.9408301982528251,0.9408301982528251,-0.5551681518554688,-0.5551681518554688,3.386673643065955,3.386673643065955
qwen3_8b,29,down_proj,0.0,dense,1,0.2082289159297943,0.2082289159297943,0.0,0.0,0.9999998983574255,0.9999998983574255,-9.5367431640625e-07,-9.5367431640625e-07,3.386673643065955,3.386673643065955
qwen3_8b,29,down_proj,0.05,dense,1,0.2082289159297943,0.21746724843978882,0.009238332509994507,0.009238332509994507,1.0628908347569224,1.0628908347569224,0.5900812149047852,0.5900812149047852,3.386673643065955,3.386673643065955
qwen3_8b,29,down_proj,0.1,dense,1,0.2082289159297943,0.22659701108932495,0.01836809515953064,0.01836809515953064,1.1297367853726579,1.1297367853726579,1.2172718048095703,1.2172718048095703,3.386673643065955,3.386673643065955
qwen3_8b,29,down_proj,0.15,dense,1,0.2082289159297943,0.23561887443065643,0.02738995850086212,0.02738995850086212,1.2007869777972977,1.2007869777972977,1.8839092254638672,1.8839092254638672,3.386673643065955,3.386673643065955
qwen3_8b,29,down_proj,0.2,dense,1,0.2082289159297943,0.24453362822532654,0.03630471229553223,0.03630471229553223,1.2763054794393842,1.2763054794393842,2.592471122741699,2.592471122741699,3.386673643065955,3.386673643065955
qwen3_8b,29,up_proj,-0.2,dense,1,0.20120349526405334,0.16350337862968445,-0.037700116634368896,-0.037700116634368896,0.7747520756707066,0.7747520756707066,-2.2834763526916504,-2.2834763526916504,3.5825031567898553,3.5825031567898553
qwen3_8b,29,up_proj,-0.15,dense,1,0.20120349526405334,0.1730591356754303,-0.028144359588623047,-0.028144359588623047,0.8257945535198397,0.8257945535198397,-1.7660274505615234,-1.7660274505615234,3.5825031567898553,3.5825031567898553
qwen3_8b,29,up_proj,-0.1,dense,1,0.20120349526405334,0.1825283020734787,-0.018675193190574646,-0.018675193190574646,0.8802000892187042,0.8802000892187042,-1.2144851684570312,-1.2144851684570312,3.5825031567898553,3.5825031567898553
qwen3_8b,29,up_proj,-0.05,dense,1,0.20120349526405334,0.1919100433588028,-0.00929345190525055,-0.00929345190525055,0.9381897069611473,0.9381897069611473,-0.6266088485717773,-0.6266088485717773,3.5825031567898553,3.5825031567898553
qwen3_8b,29,up_proj,0.0,dense,1,0.20120349526405334,0.20120349526405334,0.0,0.0,1.000000094072864,1.000000094072864,9.5367431640625e-07,9.5367431640625e-07,3.5825031567898553,3.5825031567898553
qwen3_8b,29,up_proj,0.05,dense,1,0.20120349526405334,0.21040776371955872,0.009204268455505371,0.009204268455505371,1.0658827073191888,1.0658827073191888,0.6678934097290039,0.6678934097290039,3.5825031567898553,3.5825031567898553
qwen3_8b,29,up_proj,0.1,dense,1,0.20120349526405334,0.21952225267887115,0.01831875741481781,0.01831875741481781,1.1361055602895112,1.1361055602895112,1.3797855377197266,1.3797855377197266,3.5825031567898553,3.5825031567898553
qwen3_8b,29,up_proj,0.15,dense,1,0.20120349526405334,0.22854627668857574,0.0273427814245224,0.0273427814245224,1.2109551989274188,1.2109551989274188,2.138582229614258,2.138582229614258,3.5825031567898553,3.5825031567898553
qwen3_8b,29,up_proj,0.2,dense,1,0.20120349526405334,0.2374793291091919,0.03627583384513855,0.03627583384513855,1.2907357608020578,1.2907357608020578,2.947366714477539,2.947366714477539,3.5825031567898553,3.5825031567898553
qwen3_8b,30,down_proj,-0.2,dense,1,0.2130802720785141,0.17411240935325623,-0.038967862725257874,-0.038967862725257874,0.7695433393956009,0.7695433393956009,-2.3672561645507812,-2.3672561645507812,3.7053940830987573,3.7053940830987573
qwen3_8b,30,down_proj,-0.15,dense,1,0.2130802720785141,0.18402132391929626,-0.029058948159217834,-0.029058948159217834,0.8216272829711121,0.8216272829711121,-1.8322486877441406,-1.8322486877441406,3.7053940830987573,3.7053940830987573
qwen3_8b,30,down_proj,-0.1,dense,1,0.2130802720785141,0.19381850957870483,-0.019261762499809265,-0.019261762499809265,0.8772360627340254,0.8772360627340254,-1.2610340118408203,-1.2610340118408203,3.7053940830987573,3.7053940830987573
qwen3_8b,30,down_proj,-0.05,dense,1,0.2130802720785141,0.20350457727909088,-0.009575694799423218,-0.009575694799423218,0.9366087466183493,0.9366087466183493,-0.6511564254760742,-0.6511564254760742,3.7053940830987573,3.7053940830987573
qwen3_8b,30,down_proj,0.0,dense,1,0.2130802720785141,0.2130802720785141,0.0,0.0,0.9999999071580838,0.9999999071580838,-9.5367431640625e-07,-9.5367431640625e-07,3.7053940830987573,3.7053940830987573
qwen3_8b,30,down_proj,0.05,dense,1,0.2130802720785141,0.22254639863967896,0.009466126561164856,0.009466126561164856,1.067681478325544,1.067681478325544,0.695225715637207,0.695225715637207,3.7053940830987573,3.7053940830987573
qwen3_8b,30,down_proj,0.1,dense,1,0.2130802720785141,0.23190371692180634,0.018823444843292236,0.018823444843292236,1.1399437767924363,1.1399437767924363,1.4375057220458984,1.4375057220458984,3.7053940830987573,3.7053940830987573
qwen3_8b,30,down_proj,0.15,dense,1,0.2130802720785141,0.24115315079689026,0.02807287871837616,0.02807287871837616,1.217096708874768,1.217096708874768,2.230022430419922,2.230022430419922,3.7053940830987573,3.7053940830987573
qwen3_8b,30,down_proj,0.2,dense,1,0.2130802720785141,0.2502954602241516,0.03721518814563751,0.03721518814563751,1.299471720213087,1.299471720213087,3.0761804580688477,3.0761804580688477,3.7053940830987573,3.7053940830987573
qwen3_8b,30,up_proj,-0.2,dense,1,0.1997458040714264,0.16232609748840332,-0.03741970658302307,-0.03741970658302307,0.755277703932989,0.755277703932989,-2.8426809310913086,-2.8426809310913086,4.068803393285667,4.068803393285667
qwen3_8b,30,up_proj,-0.15,dense,1,0.1997458040714264,0.1718100905418396,-0.027935713529586792,-0.027935713529586792,0.8101771218572565,0.8101771218572565,-2.204972267150879,-2.204972267150879,4.068803393285667,4.068803393285667
qwen3_8b,30,up_proj,-0.1,dense,1,0.1997458040714264,0.18120859563350677,-0.018537208437919617,-0.018537208437919617,0.869067113993676,0.869067113993676,-1.520909309387207,-1.520909309387207,4.068803393285667,4.068803393285667
qwen3_8b,30,up_proj,-0.05,dense,1,0.1997458040714264,0.190520778298378,-0.009225025773048401,-0.009225025773048401,0.9322375770122696,0.9322375770122696,-0.7871246337890625,-0.7871246337890625,4.068803393285667,4.068803393285667
qwen3_8b,30,up_proj,0.0,dense,1,0.1997458040714264,0.19974581897258759,1.4901161193847656e-08,1.4901161193847656e-08,0.9999999178995553,0.9999999178995553,-9.5367431640625e-07,-9.5367431640625e-07,4.068803393285667,4.068803393285667
qwen3_8b,30,up_proj,0.05,dense,1,0.1997458040714264,0.2088831663131714,0.009137362241744995,0.009137362241744995,1.0726878749629931,1.0726878749629931,0.8443384170532227,0.8443384170532227,4.068803393285667,4.068803393285667
qwen3_8b,30,up_proj,0.1,dense,1,0.1997458040714264,0.21793211996555328,0.018186315894126892,0.018186315894126892,1.1506589956389885,1.1506589956389885,1.750046730041504,1.750046730041504,4.068803393285667,4.068803393285667
qwen3_8b,30,up_proj,0.15,dense,1,0.1997458040714264,0.22689224779605865,0.027146443724632263,0.027146443724632263,1.2342979205106779,1.2342979205106779,2.7215919494628906,2.7215919494628906,4.068803393285667,4.068803393285667
qwen3_8b,30,up_proj,0.2,dense,1,0.1997458040714264,0.23576314747333527,0.036017343401908875,0.036017343401908875,1.3240161370065948,1.3240161370065948,3.763753890991211,3.763753890991211,4.068803393285667,4.068803393285667
qwen3_8b,31,down_proj,-0.2,dense,1,0.22001172602176666,0.17991386353969574,-0.04009786248207092,-0.04009786248207092,0.7785823181243422,0.7785823181243422,-2.1435470581054688,-2.1435470581054688,3.495243236198731,3.495243236198731
qwen3_8b,31,down_proj,-0.15,dense,1,0.22001172602176666,0.1901126205921173,-0.029899105429649353,-0.029899105429649353,0.8288546188676182,0.8288546188676182,-1.6568603515625,-1.6568603515625,3.495243236198731,3.495243236198731
qwen3_8b,31,down_proj,-0.1,dense,1,0.22001172602176666,0.20019441843032837,-0.019817307591438293,-0.019817307591438293,0.8823732110130785,0.8823732110130785,-1.1387462615966797,-1.1387462615966797,3.495243236198731,3.495243236198731
qwen3_8b,31,down_proj,-0.05,dense,1,0.22001172602176666,0.21016037464141846,-0.009851351380348206,-0.009851351380348206,0.9393472308308828,0.9393472308308828,-0.5871801376342773,-0.5871801376342773,3.495243236198731,3.495243236198731
qwen3_8b,31,down_proj,0.0,dense,1,0.22001172602176666,0.22001172602176666,0.0,0.0,1.0,1.0,0.0,0.0,3.495243236198731,3.495243236198731
qwen3_8b,31,down_proj,0.05,dense,1,0.22001172602176666,0.22974953055381775,0.009737804532051086,0.009737804532051086,1.0645691241179926,1.0645691241179926,0.6250944137573242,0.6250944137573242,3.495243236198731,3.495243236198731
qwen3_8b,31,down_proj,0.1,dense,1,0.22001172602176666,0.23937508463859558,0.01936335861682892,0.01936335861682892,1.1333073792890667,1.1333073792890667,1.2905502319335938,1.2905502319335938,3.495243236198731,3.495243236198731
qwen3_8b,31,down_proj,0.15,dense,1,0.22001172602176666,0.2488895207643509,0.02887779474258423,0.02887779474258423,1.2064842882806064,1.2064842882806064,1.998976707458496,1.998976707458496,3.495243236198731,3.495243236198731
qwen3_8b,31,down_proj,0.2,dense,1,0.22001172602176666,0.25829407572746277,0.038282349705696106,0.038282349705696106,1.2843858249938234,1.2843858249938234,2.7531423568725586,2.7531423568725586,3.495243236198731,3.495243236198731
qwen3_8b,31,up_proj,-0.2,dense,1,0.19819024205207825,0.16095136106014252,-0.03723888099193573,-0.03723888099193573,0.7548568107219898,0.7548568107219898,-2.883939743041992,-2.883939743041992,4.0801589558488045,4.0801589558488045
qwen3_8b,31,up_proj,-0.15,dense,1,0.19819024205207825,0.1703852266073227,-0.027805015444755554,-0.027805015444755554,0.8098384616444697,0.8098384616444697,-2.237118721008301,-2.237118721008301,4.0801589558488045,4.0801589558488045
qwen3_8b,31,up_proj,-0.1,dense,1,0.19819024205207825,0.17973698675632477,-0.01845325529575348,-0.01845325529575348,0.8688248889205943,0.8688248889205943,-1.5431842803955078,-1.5431842803955078,4.0801589558488045,4.0801589558488045
qwen3_8b,31,up_proj,-0.05,dense,1,0.19819024205207825,0.18900559842586517,-0.009184643626213074,-0.009184643626213074,0.9321077646551451,0.9321077646551451,-0.7987051010131836,-0.7987051010131836,4.0801589558488045,4.0801589558488045
qwen3_8b,31,up_proj,0.0,dense,1,0.19819024205207825,0.19819024205207825,0.0,0.0,0.9999999189349348,0.9999999189349348,-9.5367431640625e-07,-9.5367431640625e-07,4.0801589558488045,4.0801589558488045
qwen3_8b,31,up_proj,0.05,dense,1,0.19819024205207825,0.20729008316993713,0.009099841117858887,0.009099841117858887,1.0728371232602423,1.0728371232602423,0.8568782806396484,0.8568782806396484,4.0801589558488045,4.0801589558488045
qwen3_8b,31,up_proj,0.1,dense,1,0.19819024205207825,0.21630442142486572,0.018114179372787476,0.018114179372787476,1.1509796307810538,1.1509796307810538,1.7761707305908203,1.7761707305908203,4.0801589558488045,4.0801589558488045
qwen3_8b,31,up_proj,0.15,dense,1,0.19819024205207825,0.22523263096809387,0.027042388916015625,0.027042388916015625,1.2348138786634317,1.2348138786634317,2.762422561645508,2.762422561645508,4.0801589558488045,4.0801589558488045
qwen3_8b,31,up_proj,0.2,dense,1,0.19819024205207825,0.2340741902589798,0.03588394820690155,0.03588394820690155,1.3247542715209508,1.3247542715209508,3.8205089569091797,3.8205089569091797,4.0801589558488045,4.0801589558488045
qwen3_8b,32,down_proj,-0.2,dense,1,0.21788382530212402,0.1778794378042221,-0.040004387497901917,-0.040004387497901917,0.7863065284447647,0.7863065284447647,-1.9784836769104004,-1.9784836769104004,3.326907580150999,3.326907580150999
qwen3_8b,32,down_proj,-0.15,dense,1,0.21788382530212402,0.18804343044757843,-0.029840394854545593,-0.029840394854545593,0.835014359945671,0.835014359945671,-1.5275216102600098,-1.5275216102600098,3.326907580150999,3.326907580150999
qwen3_8b,32,down_proj,-0.1,dense,1,0.21788382530212402,0.19809839129447937,-0.019785434007644653,-0.019785434007644653,0.886739263311405,0.886739263311405,-1.0486259460449219,-1.0486259460449219,3.326907580150999,3.326907580150999
qwen3_8b,32,down_proj,-0.05,dense,1,0.21788382530212402,0.2080449014902115,-0.009838923811912537,-0.009838923811912537,0.9416683988696629,0.9416683988696629,-0.5400638580322266,-0.5400638580322266,3.326907580150999,3.326907580150999
qwen3_8b,32,down_proj,0.0,dense,1,0.21788382530212402,0.21788382530212402,0.0,0.0,1.0000001030051335,1.0000001030051335,9.5367431640625e-07,9.5367431640625e-07,3.326907580150999,3.326907580150999
qwen3_8b,32,down_proj,0.05,dense,1,0.21788382530212402,0.22761572897434235,0.009731903672218323,0.009731903672218323,1.0619452272262344,1.0619452272262344,0.5735206604003906,0.5735206604003906,3.326907580150999,3.326907580150999
qwen3_8b,32,down_proj,0.1,dense,1,0.21788382530212402,0.23724150657653809,0.019357681274414062,0.019357681274414062,1.1277274986830794,1.1277274986830794,1.1825666427612305,1.1825666427612305,3.326907580150999,3.326907580150999
qwen3_8b,32,down_proj,0.15,dense,1,0.21788382530212402,0.24676181375980377,0.02887798845767975,0.02887798845767975,1.1975844472136803,1.1975844472136803,1.8293380737304688,1.8293380737304688,3.326907580150999,3.326907580150999
qwen3_8b,32,down_proj,0.2,dense,1,0.21788382530212402,0.2561775743961334,0.0382937490940094,0.0382937490940094,1.2717688474158175,1.2717688474158175,2.5161752700805664,2.5161752700805664,3.326907580150999,3.326907580150999
qwen3_8b,32,up_proj,-0.2,dense,1,0.19706708192825317,0.15995745360851288,-0.037109628319740295,-0.037109628319740295,0.7573012025973431,0.7573012025973431,-2.821335792541504,-2.821335792541504,4.014731566295218,4.014731566295218
qwen3_8b,32,up_proj,-0.15,dense,1,0.19706708192825317,0.16935519874095917,-0.027711883187294006,-0.027711883187294006,0.8118046031788092,0.8118046031788092,-2.187742233276367,-2.187742233276367,4.014731566295218,4.014731566295218
qwen3_8b,32,up_proj,-0.1,dense,1,0.19706708192825317,0.17867344617843628,-0.018393635749816895,-0.018393635749816895,0.8702305494394248,0.8702305494394248,-1.508549690246582,-1.508549690246582,4.014731566295218,4.014731566295218
qwen3_8b,32,up_proj,-0.05,dense,1,0.19706708192825317,0.1879110485315323,-0.009156033396720886,-0.009156033396720886,0.9328614968268267,0.9328614968268267,-0.7804746627807617,-0.7804746627807617,4.014731566295218,4.014731566295218
qwen3_8b,32,up_proj,0.0,dense,1,0.19706708192825317,0.19706708192825317,0.0,0.0,1.0,1.0,0.0,0.0,4.014731566295218,4.014731566295218
qwen3_8b,32,up_proj,0.05,dense,1,0.19706708192825317,0.2061406821012497,0.009073600172996521,0.009073600172996521,1.0719704356188215,1.0719704356188215,0.8366451263427734,0.8366451263427734,4.014731566295218,4.014731566295218
qwen3_8b,32,up_proj,0.1,dense,1,0.19706708192825317,0.2151309698820114,0.01806388795375824,0.01806388795375824,1.1491207251336044,1.1491207251336044,1.7335052490234375,1.7335052490234375,4.014731566295218,4.014731566295218
qwen3_8b,32,up_proj,0.15,dense,1,0.19706708192825317,0.224037304520607,0.02697022259235382,0.02697022259235382,1.2318234833114607,1.2318234833114607,2.6949119567871094,2.6949119567871094,4.014731566295218,4.014731566295218
qwen3_8b,32,up_proj,0.2,dense,1,0.19706708192825317,0.23285908997058868,0.03579200804233551,0.03579200804233551,1.3204784793642217,1.3204784793642217,3.7255125045776367,3.7255125045776367,4.014731566295218,4.014731566295218
qwen3_8b,33,down_proj,-0.2,dense,1,0.2051708847284317,0.16672009229660034,-0.03845079243183136,-0.03845079243183136,0.7732821550257528,0.7732821550257528,-2.311777114868164,-2.311777114868164,3.6166821533202382,3.6166821533202382
qwen3_8b,33,down_proj,-0.15,dense,1,0.2051708847284317,0.1764620989561081,-0.02870878577232361,-0.02870878577232361,0.8246191789585327,0.8246191789585327,-1.7883081436157227,-1.7883081436157227,3.6166821533202382,3.6166821533202382
qwen3_8b,33,down_proj,-0.1,dense,1,0.2051708847284317,0.18611831963062286,-0.019052565097808838,-0.019052565097808838,0.8793645360142087,0.8793645360142087,-1.2300853729248047,-1.2300853729248047,3.6166821533202382,3.6166821533202382
qwen3_8b,33,down_proj,-0.05,dense,1,0.2051708847284317,0.19568811357021332,-0.009482771158218384,-0.009482771158218384,0.9377443759510589,0.9377443759510589,-0.6348028182983398,-0.6348028182983398,3.6166821533202382,3.6166821533202382
qwen3_8b,33,down_proj,0.0,dense,1,0.2051708847284317,0.2051708847284317,0.0,0.0,1.0,1.0,0.0,0.0,3.6166821533202382,3.6166821533202382
qwen3_8b,33,down_proj,0.05,dense,1,0.2051708847284317,0.2145661860704422,0.009395301342010498,0.009395301342010498,1.0663887026130678,1.0663887026130678,0.6769466400146484,0.6769466400146484,3.6166821533202382,3.6166821533202382
qwen3_8b,33,down_proj,0.1,dense,1,0.2051708847284317,0.223873570561409,0.018702685832977295,0.018702685832977295,1.1371848937947238,1.1371848937947238,1.3988351821899414,1.3988351821899414,3.6166821533202382,3.6166821533202382
qwen3_8b,33,down_proj,0.15,dense,1,0.2051708847284317,0.23309272527694702,0.02792184054851532,0.02792184054851532,1.212681127905552,1.212681127905552,2.1686487197875977,2.1686487197875977,3.6166821533202382,3.6166821533202382
qwen3_8b,33,down_proj,0.2,dense,1,0.2051708847284317,0.24222327768802643,0.03705239295959473,0.03705239295959473,1.2931891324659583,1.2931891324659583,2.989565849304199,2.989565849304199,3.6166821533202382,3.6166821533202382
qwen3_8b,33,up_proj,-0.2,dense,1,0.19573771953582764,0.15871083736419678,-0.03702688217163086,-0.03702688217163086,0.744792912366778,0.744792912366778,-3.2329225540161133,-3.2329225540161133,4.363373423687324,4.363373423687324
qwen3_8b,33,up_proj,-0.15,dense,1,0.19573771953582764,0.16807979345321655,-0.027657926082611084,-0.027657926082611084,0.8017272654248117,0.8017272654248117,-2.5116872787475586,-2.5116872787475586,4.363373423687324,4.363373423687324
qwen3_8b,33,up_proj,-0.1,dense,1,0.19573771953582764,0.1773746907711029,-0.01836302876472473,-0.01836302876472473,0.8630138852909839,0.8630138852909839,-1.7353181838989258,-1.7353181838989258,4.363373423687324,4.363373423687324
qwen3_8b,33,up_proj,-0.05,dense,1,0.19573771953582764,0.18659433722496033,-0.00914338231086731,-0.00914338231086731,0.9289854480018471,0.9289854480018471,-0.8996009826660156,-0.8996009826660156,4.363373423687324,4.363373423687324
qwen3_8b,33,up_proj,0.0,dense,1,0.19573771953582764,0.19573771953582764,0.0,0.0,1.000000075283104,1.000000075283104,9.5367431640625e-07,9.5367431640625e-07,4.363373423687324,4.363373423687324
qwen3_8b,33,up_proj,0.05,dense,1,0.19573771953582764,0.20480382442474365,0.009066104888916016,0.009066104888916016,1.076443291910311,1.076443291910311,0.9683713912963867,0.9683713912963867,4.363373423687324,4.363373423687324
qwen3_8b,33,up_proj,0.1,dense,1,0.19573771953582764,0.21379172801971436,0.01805400848388672,0.01805400848388672,1.1587300583526867,1.1587300583526867,2.0107669830322266,2.0107669830322266,4.363373423687324,4.363373423687324
qwen3_8b,33,up_proj,0.15,dense,1,0.19573771953582764,0.22270074486732483,0.026963025331497192,0.026963025331497192,1.2473071045493354,1.2473071045493354,3.1328468322753906,3.1328468322753906,4.363373423687324,4.363373423687324
qwen3_8b,33,up_proj,0.2,dense,1,0.19573771953582764,0.23153004050254822,0.03579232096672058,0.03579232096672058,1.3426551884023668,1.3426551884023668,4.340701103210449,4.340701103210449,4.363373423687324,4.363373423687324
qwen3_8b,34,down_proj,-0.2,dense,1,0.1931145340204239,0.15619529783725739,-0.036919236183166504,-0.036919236183166504,0.6620843136714615,0.6620843136714615,-7.25112247467041,-7.25112247467041,7.860199937696864,7.860199937696864
qwen3_8b,34,down_proj,-0.15,dense,1,0.1931145340204239,0.16551519930362701,-0.027599334716796875,-0.027599334716796875,0.7339812379503963,0.7339812379503963,-5.708331108093262,-5.708331108093262,7.860199937696864,7.860199937696864
qwen3_8b,34,down_proj,-0.1,dense,1,0.1931145340204239,0.17477545142173767,-0.018339082598686218,-0.018339082598686218,0.8136855054544873,0.8136855054544873,-3.998006820678711,-3.998006820678711,7.860199937696864,7.860199937696864
qwen3_8b,34,down_proj,-0.05,dense,1,0.1931145340204239,0.1839754283428192,-0.009139105677604675,-0.009139105677604675,0.9020452660668049,0.9020452660668049,-2.101949691772461,-2.101949691772461,7.860199937696864,7.860199937696864
qwen3_8b,34,down_proj,0.0,dense,1,0.1931145340204239,0.1931145340204239,0.0,0.0,1.0,1.0,0.0,0.0,7.860199937696864,7.860199937696864
qwen3_8b,34,down_proj,0.05,dense,1,0.1931145340204239,0.20219235122203827,0.00907781720161438,0.00907781720161438,1.1085917174279603,1.1085917174279603,2.330202102661133,2.330202102661133,7.860199937696864,7.860199937696864
qwen3_8b,34,down_proj,0.1,dense,1,0.1931145340204239,0.21120858192443848,0.018094047904014587,0.018094047904014587,1.2289759359025525,1.2289759359025525,4.9134521484375,4.9134521484375,7.860199937696864,7.860199937696864
qwen3_8b,34,down_proj,0.15,dense,1,0.1931145340204239,0.22016307711601257,0.027048543095588684,0.027048543095588684,1.3624326133273839,1.3624326133273839,7.777215957641602,7.777215957641602,7.860199937696864,7.860199937696864
qwen3_8b,34,down_proj,0.2,dense,1,0.1931145340204239,0.22905580699443817,0.03594127297401428,0.03594127297401428,1.5103816141158024,1.5103816141158024,10.951961517333984,10.951961517333984,7.860199937696864,7.860199937696864
qwen3_8b,34,up_proj,-0.2,dense,1,0.1966899335384369,0.15921498835086823,-0.037474945187568665,-0.037474945187568665,0.6886596899753635,0.6886596899753635,-5.736483573913574,-5.736483573913574,6.456195893311478,6.456195893311478
qwen3_8b,34,up_proj,-0.15,dense,1,0.1966899335384369,0.16868211328983307,-0.02800782024860382,-0.02800782024860382,0.755968097957044,0.755968097957044,-4.4963178634643555,-4.4963178634643555,6.456195893311478,6.456195893311478
qwen3_8b,34,up_proj,-0.1,dense,1,0.1966899335384369,0.17808423936367035,-0.01860569417476654,-0.01860569417476654,0.8298551325347402,0.8298551325347402,-3.1349401473999023,-3.1349401473999023,6.456195893311478,6.456195893311478
qwen3_8b,34,up_proj,-0.05,dense,1,0.1966899335384369,0.18742044270038605,-0.009269490838050842,-0.009269490838050842,0.9109640084425881,0.9109640084425881,-1.6404991149902344,-1.6404991149902344,6.456195893311478,6.456195893311478
qwen3_8b,34,up_proj,0.0,dense,1,0.1966899335384369,0.1966899335384369,0.0,0.0,1.0,1.0,0.0,0.0,6.456195893311478,6.456195893311478
qwen3_8b,34,up_proj,0.05,dense,1,0.1966899335384369,0.20589199662208557,0.009202063083648682,0.009202063083648682,1.0977383085486638,1.0977383085486638,1.8008403778076172,1.8008403778076172,6.456195893311478,6.456195893311478
qwen3_8b,34,up_proj,0.1,dense,1,0.1966899335384369,0.2150261253118515,0.018336191773414612,0.018336191773414612,1.205029548954661,1.205029548954661,3.7776947021484375,3.7776947021484375,6.456195893311478,6.456195893311478
qwen3_8b,34,up_proj,0.15,dense,1,0.1966899335384369,0.2240917831659317,0.027401849627494812,0.027401849627494812,1.3228070476914715,1.3228070476914715,5.947759628295898,5.947759628295898,6.456195893311478,6.456195893311478
qwen3_8b,34,up_proj,0.2,dense,1,0.1966899335384369,0.2330886870622635,0.0363987535238266,0.0363987535238266,1.4520959525038688,1.4520959525038688,8.329923629760742,8.329923629760742,6.456195893311478,6.456195893311478
qwen3_8b,35,down_proj,-0.2,dense,1,0.19600751996040344,0.1585351824760437,-0.03747233748435974,-0.03747233748435974,0.722381747239689,0.722381747239689,-3.475052833557129,-3.475052833557129,5.083541388714844,5.083541388714844
qwen3_8b,35,down_proj,-0.15,dense,1,0.19600751996040344,0.16800060868263245,-0.028006911277770996,-0.028006911277770996,0.7835649944386555,0.7835649944386555,-2.7091989517211914,-2.7091989517211914,5.083541388714844,5.083541388714844
qwen3_8b,35,down_proj,-0.1,dense,1,0.19600751996040344,0.17740215361118317,-0.018605366349220276,-0.018605366349220276,0.849930474621656,0.849930474621656,-1.8784770965576172,-1.8784770965576172,5.083541388714844,5.083541388714844
qwen3_8b,35,down_proj,-0.05,dense,1,0.19600751996040344,0.18673823773860931,-0.009269282221794128,-0.009269282221794128,0.9219165736601403,0.9219165736601403,-0.9773998260498047,-0.9773998260498047,5.083541388714844,5.083541388714844
qwen3_8b,35,down_proj,0.0,dense,1,0.19600751996040344,0.19600751996040344,0.0,0.0,1.0,1.0,0.0,0.0,5.083541388714844,5.083541388714844
qwen3_8b,35,down_proj,0.05,dense,1,0.19600751996040344,0.20520862936973572,0.009201109409332275,0.009201109409332275,1.0846967751058385,1.0846967751058385,1.0601816177368164,1.0601816177368164,5.083541388714844,5.083541388714844
qwen3_8b,35,down_proj,0.1,dense,1,0.19600751996040344,0.2143404483795166,0.01833292841911316,0.01833292841911316,1.1765668047422166,1.1765668047422166,2.210153579711914,2.210153579711914,5.083541388714844,5.083541388714844
qwen3_8b,35,down_proj,0.15,dense,1,0.19600751996040344,0.22340182960033417,0.027394309639930725,0.027394309639930725,1.276218297878857,1.276218297878857,3.457529067993164,3.457529067993164,5.083541388714844,5.083541388714844
qwen3_8b,35,down_proj,0.2,dense,1,0.19600751996040344,0.23239177465438843,0.036384254693984985,0.036384254693984985,1.3843095190151204,1.3843095190151204,4.810547828674316,4.810547828674316,5.083541388714844,5.083541388714844
qwen3_8b,35,up_proj,-0.2,dense,1,0.1956476867198944,0.15806731581687927,-0.03758037090301514,-0.03758037090301514,0.6489762143261555,0.6489762143261555,-8.501245498657227,-8.501245498657227,8.686724514616659,8.686724514616659
qwen3_8b,35,up_proj,-0.15,dense,1,0.1956476867198944,0.16753946244716644,-0.028108224272727966,-0.028108224272727966,0.7230553608749107,0.7230553608749107,-6.707164764404297,-6.707164764404297,8.686724514616659,8.686724514616659
qwen3_8b,35,up_proj,-0.1,dense,1,0.1956476867198944,0.17696021497249603,-0.018687471747398376,-0.018687471747398376,0.8055906260737898,0.8055906260737898,-4.708290100097656,-4.708290100097656,8.686724514616659,8.686724514616659
qwen3_8b,35,up_proj,-0.05,dense,1,0.1956476867198944,0.18632958829402924,-0.009318098425865173,-0.009318098425865173,0.8975470868796867,0.8975470868796867,-2.4812488555908203,-2.4812488555908203,8.686724514616659,8.686724514616659
qwen3_8b,35,up_proj,0.0,dense,1,0.1956476867198944,0.1956476867198944,0.0,0.0,1.0,1.0,0.0,0.0,8.686724514616659,8.686724514616659
qwen3_8b,35,up_proj,0.05,dense,1,0.1956476867198944,0.20491497218608856,0.009267285466194153,0.009267285466194153,1.1141477178891197,1.1141477178891197,2.7644786834716797,2.7644786834716797,8.686724514616659,8.686724514616659
qwen3_8b,35,up_proj,0.1,dense,1,0.1956476867198944,0.21413187682628632,0.018484190106391907,0.018484190106391907,1.241325313549597,1.241325313549597,5.844520568847656,5.844520568847656,8.686724514616659,8.686724514616659
qwen3_8b,35,up_proj,0.15,dense,1,0.1956476867198944,0.22329910099506378,0.027651414275169373,0.027651414275169373,1.3830200167230653,1.3830200167230653,9.276144027709961,9.276144027709961,8.686724514616659,8.686724514616659
qwen3_8b,35,up_proj,0.2,dense,1,0.1956476867198944,0.232417494058609,0.0367698073387146,0.0367698073387146,1.5408886189830653,1.5408886189830653,13.09947395324707,13.09947395324707,8.686724514616659,8.686724514616659
qwen3_30b_a3b_moe,0,down_proj,-0.2,moe_expert_mean_max,128,0.2879194151610136,0.2423940496519208,-0.04552536550909281,-0.03149634599685669,0.7079624147802503,0.8015893796525625,-1.1221634047105908,-0.546151876449585,7.349263850463356,48.897604251724275
qwen3_30b_a3b_moe,0,down_proj,-0.15,moe_expert_mean_max,128,0.2879194151610136,0.2540023196488619,-0.03391709551215172,-0.022895991802215576,0.7709276063894978,0.8471571108282661,-0.8814615057781339,-0.42072057723999023,7.349263850463356,48.897604251724275
qwen3_30b_a3b_moe,0,down_proj,-0.1,moe_expert_mean_max,128,0.2879194151610136,0.2654507990228012,-0.022468616138212383,-0.014858067035675049,0.840108259952539,0.8953151410715191,-0.6161672454327345,-0.2881591320037842,7.349263850463356,48.897604251724275
qwen3_30b_a3b_moe,0,down_proj,-0.05,moe_expert_mean_max,128,0.2879194151610136,0.27675298193935305,-0.011166433221660554,-0.007258117198944092,0.9162028474529305,0.9462109752078428,-0.32342489808797836,-0.14806151390075684,7.349263850463356,48.897604251724275
qwen3_30b_a3b_moe,0,down_proj,0.0,moe_expert_mean_max,128,0.2879194151610136,0.2879194151610136,0.0,2.9802322387695312e-08,1.000000002367508,1.000000112079817,7.450580596923828e-09,4.76837158203125e-07,7.349263850463356,48.897604251724275
qwen3_30b_a3b_moe,0,down_proj,0.05,moe_expert_mean_max,128,0.2879194151610136,0.29895826149731874,0.011038846336305141,0.013640433549880981,1.092391747629099,1.2146869737444805,0.357777314260602,1.2462749481201172,7.349263850463356,48.897604251724275
qwen3_30b_a3b_moe,0,down_proj,0.1,moe_expert_mean_max,128,0.2879194151610136,0.3098757998086512,0.021956384647637606,0.027168601751327515,1.1943887441906649,1.4754645400068083,0.7540776859968901,2.7385778427124023,7.349263850463356,48.897604251724275
qwen3_30b_a3b_moe,0,down_proj,0.15,moe_expert_mean_max,128,0.2879194151610136,0.32067679101601243,0.03275737585499883,0.040582478046417236,1.307138151459173,1.7922275121017364,1.1936494018882513,4.525486946105957,7.349263850463356,48.897604251724275
qwen3_30b_a3b_moe,0,down_proj,0.2,moe_expert_mean_max,128,0.2879194151610136,0.3313648421317339,0.04344542697072029,0.05388018488883972,1.431944242148435,2.176995268463771,1.6819070987403393,6.665148735046387,7.349263850463356,48.897604251724275
qwen3_30b_a3b_moe,0,up_proj,-0.2,moe_expert_mean_max,128,0.33713236660696566,0.28319132793694735,-0.053941038670018315,-0.04029756784439087,0.7376711632992,0.8269255977386509,-0.622594190761447,-0.36044085025787354,5.6961370025472755,34.57976541039819
qwen3_30b_a3b_moe,0,up_proj,-0.15,moe_expert_mean_max,128,0.33713236660696566,0.2970545662101358,-0.040077800396829844,-0.029201626777648926,0.7952061518100961,0.8671611430981447,-0.485961158759892,-0.2766472101211548,5.6961370025472755,34.57976541039819
qwen3_30b_a3b_moe,0,up_proj,-0.1,moe_expert_mean_max,128,0.33713236660696566,0.31065881543327123,-0.026473551173694432,-0.01887565851211548,0.8577613545489431,0.9093544529038073,-0.3374596741050482,-0.18877637386322021,5.6961370025472755,34.57976541039819
qwen3_30b_a3b_moe,0,up_proj,-0.05,moe_expert_mean_max,128,0.33713236660696566,0.32401519489940256,-0.013117171707563102,-0.009179234504699707,0.9258391643903656,0.9536007765573821,-0.17591068800538778,-0.09662997722625732,5.6961370025472755,34.57976541039819
qwen3_30b_a3b_moe,0,up_proj,0.0,moe_expert_mean_max,128,0.33713236660696566,0.33713236753828824,9.313225746154785e-10,5.960464477539063e-08,1.000000002369783,1.0000000887417906,7.450580596923828e-09,2.384185791015625e-07,5.6961370025472755,34.57976541039819
qwen3_30b_a3b_moe,0,up_proj,0.05,moe_expert_mean_max,128,0.33713236660696566,0.3500170458573848,0.01288467925041914,0.017667412757873535,1.0808699227547411,1.1938261705070667,0.19173940178006887,0.46344923973083496,5.6961370025472755,34.57976541039819
qwen3_30b_a3b_moe,0,up_proj,0.1,moe_expert_mean_max,128,0.33713236660696566,0.36267438088543713,0.02554201427847147,0.034877002239227295,1.1691493300992832,1.4252210829274363,0.40094746090471745,1.0167274475097656,5.6961370025472755,34.57976541039819
qwen3_30b_a3b_moe,0,up_proj,0.15,moe_expert_mean_max,128,0.33713236660696566,0.37510835914872587,0.037975992541760206,0.05162018537521362,1.2656229756252777,1.701466055414717,0.6294602807611227,1.6772446632385254,5.6961370025472755,34.57976541039819
qwen3_30b_a3b_moe,0,up_proj,0.2,moe_expert_mean_max,128,0.33713236660696566,0.3873220405075699,0.05018967390060425,0.06789082288742065,1.3711713838620727,2.031254935777065,0.8793365303426981,2.4657883644104004,5.6961370025472755,34.57976541039819
qwen3_30b_a3b_moe,1,down_proj,-0.2,moe_expert_mean_max,128,0.2373064556159079,0.19211263372562826,-0.04519382189027965,-0.040953293442726135,0.7758714665043022,0.8373154798482013,-0.746219715103507,-0.3775198459625244,3.6801021270130825,10.440942395621619
qwen3_30b_a3b_moe,1,down_proj,-0.15,moe_expert_mean_max,128,0.2373064556159079,0.2035463621141389,-0.033760093501769006,-0.03058166801929474,0.8265297160862068,0.8753200273991434,-0.5780557356774807,-0.28932785987854004,3.6801021270130825,10.440942395621619
qwen3_30b_a3b_moe,1,down_proj,-0.1,moe_expert_mean_max,128,0.2373064556159079,0.21489161730278283,-0.022414838313125074,-0.020297423005104065,0.8806080736351808,0.9150494017816019,-0.39820458367466927,-0.19713330268859863,3.6801021270130825,10.440942395621619
qwen3_30b_a3b_moe,1,down_proj,-0.05,moe_expert_mean_max,128,0.2373064556159079,0.22614579554647207,-0.011160660069435835,-0.01010286808013916,0.9383458962754193,0.9565822003583423,-0.205822030082345,-0.1007537841796875,3.6801021270130825,10.440942395621619
qwen3_30b_a3b_moe,1,down_proj,0.0,moe_expert_mean_max,128,0.2373064556159079,0.23730645549949259,-1.1641532182693481e-10,5.960464477539063e-08,0.9999999935635533,1.0000000854894047,-2.2351741790771484e-08,2.384185791015625e-07,3.6801021270130825,10.440942395621619
qwen3_30b_a3b_moe,1,down_proj,0.05,moe_expert_mean_max,128,0.2373064556159079,0.24837132869288325,0.011064873076975346,0.020618736743927002,1.0658459280558592,1.124441733719864,0.22023831121623516,0.8074097633361816,3.6801021270130825,10.440942395621619
qwen3_30b_a3b_moe,1,down_proj,0.1,moe_expert_mean_max,128,0.2373064556159079,0.25933829916175455,0.02203184354584664,0.0412120521068573,1.1361794455192775,1.2643691879491945,0.4559441264718771,1.7152948379516602,3.6801021270130825,10.440942395621619
qwen3_30b_a3b_moe,1,down_proj,0.15,moe_expert_mean_max,128,0.2373064556159079,0.2702053979737684,0.032898942357860506,0.06174764037132263,1.2113180842960702,1.4217098466082323,0.708249045535922,2.736161231994629,3.6801021270130825,10.440942395621619
qwen3_30b_a3b_moe,1,down_proj,0.2,moe_expert_mean_max,128,0.2373064556159079,0.2809708025306463,0.04366434691473842,0.08219107985496521,1.2916027561120242,1.5986298967770516,0.9783712811768055,3.884063720703125,3.6801021270130825,10.440942395621619
qwen3_30b_a3b_moe,1,up_proj,-0.2,moe_expert_mean_max,128,0.24639742996077985,0.20057803962845355,-0.04581939033232629,-0.04114930331707001,0.8122266928792369,0.850096032603512,-0.44604285806417465,-0.2984806299209595,3.028469151914472,19.505994099490206
qwen3_30b_a3b_moe,1,up_proj,-0.15,moe_expert_mean_max,128,0.24639742996077985,0.212203906965442,-0.034193522995337844,-0.030728846788406372,0.8553624647306832,0.8853214352093584,-0.34391195978969336,-0.2283536195755005,3.028469151914472,19.505994099490206
qwen3_30b_a3b_moe,1,up_proj,-0.1,moe_expert_mean_max,128,0.24639742996077985,0.22371636959724128,-0.022681060363538563,-0.020395666360855103,0.9009322339416971,0.9220065077363614,-0.23579762130975723,-0.1553126573562622,3.028469151914472,19.505994099490206
qwen3_30b_a3b_moe,1,up_proj,-0.05,moe_expert_mean_max,128,0.24639742996077985,0.23511454509571195,-0.0112828848650679,-0.010001271963119507,0.9490896391664316,0.9602117078155568,-0.12130308244377375,-0.07923686504364014,3.028469151914472,19.505994099490206
qwen3_30b_a3b_moe,1,up_proj,0.0,moe_expert_mean_max,128,0.24639742996077985,0.2463974297279492,-2.3283064365386963e-10,2.9802322387695312e-08,0.9999999994893304,1.0000000825571926,-1.862645149230957e-09,2.384185791015625e-07,3.028469151914472,19.505994099490206
qwen3_30b_a3b_moe,1,up_proj,0.05,moe_expert_mean_max,128,0.24639742996077985,0.25756392790935934,0.01116649794857949,0.01578548550605774,1.0538414281162571,1.1601346783217938,0.12857465725392103,0.7706198692321777,3.028469151914472,19.505994099490206
qwen3_30b_a3b_moe,1,up_proj,0.1,moe_expert_mean_max,128,0.24639742996077985,0.2686128781642765,0.022215448203496635,0.031507521867752075,1.1108060882081279,1.3459123749615767,0.264922053553164,1.6315455436706543,3.028469151914472,19.505994099490206
qwen3_30b_a3b_moe,1,up_proj,0.15,moe_expert_mean_max,128,0.24639742996077985,0.2795430781552568,0.03314564819447696,0.0471591055393219,1.171101599125994,1.561439754460349,0.40958534833043814,2.5933594703674316,3.028469151914472,19.505994099490206
qwen3_30b_a3b_moe,1,up_proj,0.2,moe_expert_mean_max,128,0.24639742996077985,0.2903533233329654,0.04395589337218553,0.06273272633552551,1.234952620810781,1.8114802153751055,0.5631540780887008,3.6678853034973145,3.028469151914472,19.505994099490206
qwen3_30b_a3b_moe,2,down_proj,-0.2,moe_expert_mean_max,128,0.23701990558765829,0.19134242797736079,-0.0456774776102975,-0.03997431695461273,0.7631151584003505,0.8237087834051394,-0.8400745466351509,-0.45234203338623047,3.929752775455622,8.48464076648456
qwen3_30b_a3b_moe,2,down_proj,-0.15,moe_expert_mean_max,128,0.23701990558765829,0.20287183148320764,-0.03414807410445064,-0.02985653281211853,0.8163921313728697,0.8646299660130724,-0.6514013763517141,-0.34734320640563965,3.929752775455622,8.48464076648456
qwen3_30b_a3b_moe,2,down_proj,-0.1,moe_expert_mean_max,128,0.23701990558765829,0.21432981279212981,-0.02269009279552847,-0.019820302724838257,0.8734471255156977,0.9075841201314355,-0.44916963391005993,-0.23712801933288574,3.929752775455622,8.48464076648456
qwen3_30b_a3b_moe,2,down_proj,-0.05,moe_expert_mean_max,128,0.23701990558765829,0.22571343649178743,-0.011306469095870852,-0.009867563843727112,0.9345523498510792,0.9526720627120466,-0.23239007964730263,-0.12143778800964355,3.929752775455622,8.48464076648456
qwen3_30b_a3b_moe,2,down_proj,0.0,moe_expert_mean_max,128,0.23701990558765829,0.23701990547124296,-1.1641532182693481e-10,2.9802322387695312e-08,0.9999999968010782,1.0000001162501424,-9.313225746154785e-09,4.76837158203125e-07,3.929752775455622,8.48464076648456
qwen3_30b_a3b_moe,2,down_proj,0.05,moe_expert_mean_max,128,0.23701990558765829,0.2482465673238039,0.011226661736145616,0.01646706461906433,1.0701036793595604,1.1128373295873548,0.24914211593568325,0.4372222423553467,3.929752775455622,8.48464076648456
qwen3_30b_a3b_moe,2,down_proj,0.1,moe_expert_mean_max,128,0.23701990558765829,0.2593908803537488,0.022370974766090512,0.032928675413131714,1.1452000712219141,1.2384068638535524,0.5162627622485161,0.9237792491912842,3.929752775455622,8.48464076648456
qwen3_30b_a3b_moe,2,down_proj,0.15,moe_expert_mean_max,128,0.23701990558765829,0.2704504334833473,0.03343052789568901,0.04937359690666199,1.2256506086881964,1.378145402177381,0.8026796523481607,1.465238332748413,3.929752775455622,8.48464076648456
qwen3_30b_a3b_moe,2,down_proj,0.2,moe_expert_mean_max,128,0.23701990558765829,0.2814229434588924,0.04440303787123412,0.06579023599624634,1.3118433329611738,1.5336516307589882,1.109808649867773,2.06779408454895,3.929752775455622,8.48464076648456
qwen3_30b_a3b_moe,2,up_proj,-0.2,moe_expert_mean_max,128,0.2307532235281542,0.18681357824243605,-0.04393964528571814,-0.03963930904865265,0.8189303494916653,0.8618107589831205,-0.43030419014394283,-0.2631112337112427,2.7604931953640035,8.536692623525658
qwen3_30b_a3b_moe,2,up_proj,-0.15,moe_expert_mean_max,128,0.2307532235281542,0.1979322157567367,-0.0328210077714175,-0.029598847031593323,0.8607949836745613,0.8944558937590424,-0.33096901420503855,-0.20095515251159668,2.7604931953640035,8.536692623525658
qwen3_30b_a3b_moe,2,up_proj,-0.1,moe_expert_mean_max,128,0.2307532235281542,0.2089636391028762,-0.021789584425278008,-0.019644156098365784,0.9048482248472239,0.9283376421658013,-0.22633887734264135,-0.1364445686340332,2.7604931953640035,8.536692623525658
qwen3_30b_a3b_moe,2,up_proj,-0.05,moe_expert_mean_max,128,0.2307532235281542,0.2199049071641639,-0.010848316363990307,-0.009777218103408813,0.9512082648947617,0.9635028366167363,-0.11611969955265522,-0.06949031352996826,2.7604931953640035,8.536692623525658
qwen3_30b_a3b_moe,2,up_proj,0.0,moe_expert_mean_max,128,0.2307532235281542,0.23075322341173887,-1.1641532182693481e-10,1.4901161193847656e-08,1.0000000014740056,1.0000000872268415,3.725290298461914e-09,2.384185791015625e-07,2.7604931953640035,8.536692623525658
qwen3_30b_a3b_moe,2,up_proj,0.05,moe_expert_mean_max,128,0.2307532235281542,0.24150594358798116,0.01075272005982697,0.016690611839294434,1.051355484950529,1.113177708040932,0.12235032394528389,0.4212524890899658,2.7604931953640035,8.536692623525658
qwen3_30b_a3b_moe,2,up_proj,0.1,moe_expert_mean_max,128,0.2307532235281542,0.2521605754736811,0.021407351945526898,0.03335300087928772,1.1054143031067234,1.239164463734068,0.2512810518965125,0.8901808261871338,2.7604931953640035,8.536692623525658
qwen3_30b_a3b_moe,2,up_proj,0.15,moe_expert_mean_max,128,0.2307532235281542,0.26271478726994246,0.03196156374178827,0.049974650144577026,1.1623240918199276,1.3794100421698596,0.38716308306902647,1.4121811389923096,2.7604931953640035,8.536692623525658
qwen3_30b_a3b_moe,2,up_proj,0.2,moe_expert_mean_max,128,0.2307532235281542,0.2731663844315335,0.04241316090337932,0.06654283404350281,1.2222410045480918,1.5355286496965324,0.5303897419944406,1.9932615756988525,2.7604931953640035,8.536692623525658
qwen3_30b_a3b_moe,3,down_proj,-0.2,moe_expert_mean_max,128,0.22762404824607074,0.1840381205547601,-0.043585927691310644,-0.03828401863574982,0.792556365772403,0.8555775925020818,-0.6346553666517138,-0.30913424491882324,3.265961812424557,4.524026698131792
qwen3_30b_a3b_moe,3,down_proj,-0.15,moe_expert_mean_max,128,0.22762404824607074,0.19505244679749012,-0.03257160144858062,-0.028582409024238586,0.8398735936139886,0.8895995946469155,-0.49019663874059916,-0.23631060123443604,3.265961812424557,4.524026698131792
qwen3_30b_a3b_moe,3,down_proj,-0.1,moe_expert_mean_max,128,0.22762404824607074,0.20598996116314083,-0.02163408708292991,-0.01896671950817108,0.890096096367148,0.9249743702613944,-0.3366626789793372,-0.16059136390686035,3.265961812424557,4.524026698131792
qwen3_30b_a3b_moe,3,down_proj,-0.05,moe_expert_mean_max,128,0.22762404824607074,0.21684800065122545,-0.010776047594845295,-0.009438768029212952,0.9434067061588807,0.961755885483521,-0.17347074672579765,-0.08186101913452148,3.265961812424557,4.524026698131792
qwen3_30b_a3b_moe,3,down_proj,0.0,moe_expert_mean_max,128,0.22762404824607074,0.22762404894456267,6.984919309616089e-10,2.9802322387695312e-08,1.0000000064713221,1.0000000840587604,2.2351741790771484e-08,2.384185791015625e-07,3.265961812424557,4.524026698131792
qwen3_30b_a3b_moe,3,down_proj,0.05,moe_expert_mean_max,128,0.22762404824607074,0.23831571219488978,0.010691663948819041,0.012925714254379272,1.060083108931305,1.078391038578337,0.1844111680984497,0.3231668472290039,3.265961812424557,4.524026698131792
qwen3_30b_a3b_moe,3,down_proj,0.1,moe_expert_mean_max,128,0.22762404824607074,0.24892072135116905,0.021296673105098307,0.025763273239135742,1.1238764646987598,1.1629273000484122,0.3804675918072462,0.6715316772460938,3.265961812424557,4.524026698131792
qwen3_30b_a3b_moe,3,down_proj,0.15,moe_expert_mean_max,128,0.22762404824607074,0.25943695311434567,0.03181290486827493,0.03850802779197693,1.1916147638113423,1.2540902458476066,0.5889205057173967,1.0470600128173828,3.265961812424557,4.524026698131792
qwen3_30b_a3b_moe,3,down_proj,0.2,moe_expert_mean_max,128,0.22762404824607074,0.26986239897087216,0.04223835072480142,0.05115559697151184,1.2635477881695147,1.3523996657095474,0.8105702959001064,1.451869010925293,3.265961812424557,4.524026698131792
qwen3_30b_a3b_moe,3,up_proj,-0.2,moe_expert_mean_max,128,0.22820265451446176,0.18483526620548218,-0.04336738830897957,-0.04000967741012573,0.8297716447356218,0.8595093653106062,-0.38592240400612354,-0.2624567747116089,2.5648978276248324,3.935454354691362
qwen3_30b_a3b_moe,3,up_proj,-0.15,moe_expert_mean_max,128,0.22820265451446176,0.19581257284153253,-0.03239008167292923,-0.02987910807132721,0.8693523192468703,0.892663898519124,-0.29629495833069086,-0.20051932334899902,2.5648978276248324,3.935454354691362
qwen3_30b_a3b_moe,3,up_proj,-0.1,moe_expert_mean_max,128,0.22820265451446176,0.20670140988659114,-0.02150124462787062,-0.019832581281661987,0.9108532357487402,0.9270972801578444,-0.20224868599325418,-0.13619279861450195,2.5648978276248324,3.935454354691362
qwen3_30b_a3b_moe,3,up_proj,-0.05,moe_expert_mean_max,128,0.22820265451446176,0.21749898314010352,-0.010703671374358237,-0.009872227907180786,0.954369246244519,0.9628589004111382,-0.10356153082102537,-0.06938493251800537,2.5648978276248324,3.935454354691362
qwen3_30b_a3b_moe,3,up_proj,0.0,moe_expert_mean_max,128,0.22820265451446176,0.2282026542816311,-2.3283064365386963e-10,2.9802322387695312e-08,0.9999999975205632,1.0,-6.51925802230835e-09,0.0,2.5648978276248324,3.935454354691362
qwen3_30b_a3b_moe,3,up_proj,0.05,moe_expert_mean_max,128,0.22820265451446176,0.2388099350500852,0.010607280535623431,0.012561380863189697,1.04785015609434,1.0709020442506716,0.10868135001510382,0.22953295707702637,2.5648978276248324,3.935454354691362
qwen3_30b_a3b_moe,3,up_proj,0.1,moe_expert_mean_max,128,0.22820265451446176,0.24931849329732358,0.02111583878286183,0.02501392364501953,1.0980296625298938,1.146831070842685,0.2227406008169055,0.4753398895263672,2.5648978276248324,3.935454354691362
qwen3_30b_a3b_moe,3,up_proj,0.15,moe_expert_mean_max,128,0.22820265451446176,0.2597261506598443,0.031523496145382524,0.03735378384590149,1.1506540366606974,1.2281438248090246,0.34244914073497057,0.7385756969451904,2.5648978276248324,3.935454354691362
qwen3_30b_a3b_moe,3,up_proj,0.2,moe_expert_mean_max,128,0.22820265451446176,0.27003087382763624,0.041828219313174486,0.04957735538482666,1.20584458659183,1.315221722856096,0.46809221524745226,1.020475149154663,2.5648978276248324,3.935454354691362
qwen3_30b_a3b_moe,4,down_proj,-0.2,moe_expert_mean_max,128,0.2301509304670617,0.1860191641608253,-0.044131766306236386,-0.03873272240161896,0.7821514412526323,0.8433929236116936,-0.6909605981782079,-0.35299181938171387,3.4664464415701843,4.963419867846593
qwen3_30b_a3b_moe,4,down_proj,-0.15,moe_expert_mean_max,128,0.2301509304670617,0.19716857594903558,-0.032982354518026114,-0.028921619057655334,0.8316251495709205,0.8800806160643803,-0.5342755652964115,-0.2702978849411011,3.4664464415701843,4.963419867846593
qwen3_30b_a3b_moe,4,down_proj,-0.1,moe_expert_mean_max,128,0.2301509304670617,0.2082421265076846,-0.02190880395937711,-0.019194558262825012,0.8842833547500129,0.9183642556913002,-0.36734764836728573,-0.1840066909790039,3.4664464415701843,4.963419867846593
qwen3_30b_a3b_moe,4,down_proj,-0.05,moe_expert_mean_max,128,0.2301509304670617,0.219237100915052,-0.010913829552009702,-0.009553462266921997,0.9403342836066835,0.9583131786120654,-0.18949749134480953,-0.09396195411682129,3.4664464415701843,4.963419867846593
qwen3_30b_a3b_moe,4,down_proj,0.0,moe_expert_mean_max,128,0.2301509304670617,0.2301509310491383,5.820766091346741e-10,2.9802322387695312e-08,1.0000000106184572,1.0000000847744064,3.5390257835388184e-08,2.384185791015625e-07,3.4664464415701843,4.963419867846593
qwen3_30b_a3b_moe,4,down_proj,0.05,moe_expert_mean_max,128,0.2301509304670617,0.24098115938249975,0.010830228915438056,0.01298588514328003,1.0635173286128516,1.0834004844744693,0.20191875472664833,0.3548402786254883,3.4664464415701843,4.963419867846593
qwen3_30b_a3b_moe,4,down_proj,0.1,moe_expert_mean_max,128,0.2301509304670617,0.25172547006513923,0.021574539598077536,0.02587994933128357,1.1311387770841432,1.173756855860664,0.4170846287161112,0.7392754554748535,3.4664464415701843,4.963419867846593
qwen3_30b_a3b_moe,4,down_proj,0.15,moe_expert_mean_max,128,0.2301509304670617,0.26238169078715146,0.03223076032008976,0.038677722215652466,1.2031336887048805,1.2716487620617085,0.6463792473077774,1.1557717323303223,3.4664464415701843,4.963419867846593
qwen3_30b_a3b_moe,4,down_proj,0.2,moe_expert_mean_max,128,0.2301509304670617,0.2729477637913078,0.04279683332424611,0.05137515068054199,1.2797893285538746,1.3777048274180184,0.8907436784356833,1.6070036888122559,3.4664464415701843,4.963419867846593
qwen3_30b_a3b_moe,4,up_proj,-0.2,moe_expert_mean_max,128,0.22459126799367368,0.1819244617363438,-0.04266680625732988,-0.039349257946014404,0.831437184432561,0.8670548635184486,-0.3824106492102146,-0.24617993831634521,2.548739641490904,3.910143999536843
qwen3_30b_a3b_moe,4,up_proj,-0.15,moe_expert_mean_max,128,0.22459126799367368,0.19272399530746043,-0.031867272686213255,-0.029381856322288513,0.8706412909314755,0.8985348338123831,-0.29360610991716385,-0.18788719177246094,2.548739641490904,3.910143999536843
qwen3_30b_a3b_moe,4,up_proj,-0.1,moe_expert_mean_max,128,0.22459126799367368,0.20343670272268355,-0.021154565270990133,-0.019499853253364563,0.911739733221869,0.9311578155329555,-0.20041948091238737,-0.12747788429260254,2.548739641490904,3.910143999536843
qwen3_30b_a3b_moe,4,up_proj,-0.05,moe_expert_mean_max,128,0.22459126799367368,0.2140599531121552,-0.010531314881518483,-0.009705320000648499,0.9548264061210419,0.9649652030111897,-0.10262867249548435,-0.06487536430358887,2.548739641490904,3.910143999536843
qwen3_30b_a3b_moe,4,up_proj,0.0,moe_expert_mean_max,128,0.22459126799367368,0.2245912685757503,5.820766091346741e-10,2.9802322387695312e-08,0.9999999991558305,1.000000071183902,-2.7939677238464355e-09,2.384185791015625e-07,2.548739641490904,3.910143999536843
qwen3_30b_a3b_moe,4,up_proj,0.05,moe_expert_mean_max,128,0.22459126799367368,0.23502830846700817,0.010437040473334491,0.012398004531860352,1.0473642300520767,1.0705566296415463,0.10771240666508675,0.23631763458251953,2.548739641490904,3.910143999536843
qwen3_30b_a3b_moe,4,up_proj,0.1,moe_expert_mean_max,128,0.22459126799367368,0.24536888767033815,0.02077761967666447,0.024697870016098022,1.097028123567481,1.1460915054825842,0.22076730616390705,0.48930907249450684,2.548739641490904,3.910143999536843
qwen3_30b_a3b_moe,4,up_proj,0.15,moe_expert_mean_max,128,0.22459126799367368,0.2556109563447535,0.03101968835107982,0.036895692348480225,1.1491062342811247,1.2269559200804094,0.33943687845021486,0.7601509094238281,2.548739641490904,3.910143999536843
qwen3_30b_a3b_moe,4,up_proj,0.2,moe_expert_mean_max,128,0.22459126799367368,0.26575262285768986,0.041161354864016175,0.048988014459609985,1.2037190164012141,1.3135256532546704,0.4640076542273164,1.0501017570495605,2.548739641490904,3.910143999536843
qwen3_30b_a3b_moe,5,down_proj,-0.2,moe_expert_mean_max,128,0.23187321447767317,0.18738726677838713,-0.044485947699286044,-0.03861738741397858,0.7757666490844134,0.8334896118578068,-0.7406346453353763,-0.3950563669204712,3.600315551634094,5.63399291166412
qwen3_30b_a3b_moe,5,down_proj,-0.15,moe_expert_mean_max,128,0.23187321447767317,0.19862545980140567,-0.033247754676267505,-0.028839409351348877,0.8265466742657585,0.8723186534354981,-0.5731058530509472,-0.3029320240020752,3.600315551634094,5.63399291166412
qwen3_30b_a3b_moe,5,down_proj,-0.1,moe_expert_mean_max,128,0.23187321447767317,0.20978768053464592,-0.022085533943027258,-0.019142702221870422,0.8806924632463317,0.9129565632458234,-0.3943409454077482,-0.20651602745056152,3.600315551634094,5.63399291166412
qwen3_30b_a3b_moe,5,down_proj,-0.05,moe_expert_mean_max,128,0.23187321447767317,0.22087114839814603,-0.01100206607952714,-0.00952903926372528,0.9384298419055213,0.9554876020600427,-0.2035773415118456,-0.10560846328735352,3.600315551634094,5.63399291166412
qwen3_30b_a3b_moe,5,down_proj,0.0,moe_expert_mean_max,128,0.23187321447767317,0.23187321424484253,-2.3283064365386963e-10,1.4901161193847656e-08,1.0000000050732905,1.0000000875858834,1.6763806343078613e-08,2.384185791015625e-07,3.600315551634094,5.63399291166412
qwen3_30b_a3b_moe,5,down_proj,0.05,moe_expert_mean_max,128,0.23187321447767317,0.24279137642588466,0.010918161948211491,0.01299169659614563,1.0656605089768891,1.0902869348293336,0.21726209856569767,0.40941572189331055,3.600315551634094,5.63399291166412
qwen3_30b_a3b_moe,5,down_proj,0.1,moe_expert_mean_max,128,0.23187321447767317,0.2536232544807717,0.021750040003098547,0.02588474750518799,1.1356864517695628,1.188725716356162,0.4491398464888334,0.8552775382995605,3.600315551634094,5.63399291166412
qwen3_30b_a3b_moe,5,down_proj,0.15,moe_expert_mean_max,128,0.23187321447767317,0.2643666233634576,0.03249340888578445,0.0386752188205719,1.2103716732686027,1.2960520280781471,0.6966283470392227,1.3408312797546387,3.600315551634094,5.63399291166412
qwen3_30b_a3b_moe,5,down_proj,0.2,moe_expert_mean_max,128,0.23187321447767317,0.27501937467604876,0.04314616019837558,0.05136194825172424,1.2900299766423866,1.413068661357749,0.960791040211916,1.8696088790893555,3.600315551634094,5.63399291166412
qwen3_30b_a3b_moe,5,up_proj,-0.2,moe_expert_mean_max,128,0.22407284192740917,0.1814461584435776,-0.042626683483831584,-0.038787901401519775,0.8263311030516768,0.8628609548188759,-0.4056571125984192,-0.2560213804244995,2.6287007730723775,4.26804995190767
qwen3_30b_a3b_moe,5,up_proj,-0.15,moe_expert_mean_max,128,0.22407284192740917,0.19223221228457987,-0.0318406296428293,-0.02896641194820404,0.8666280892978531,0.8952732477258996,-0.3116682693362236,-0.19551169872283936,2.6287007730723775,4.26804995190767
qwen3_30b_a3b_moe,5,up_proj,-0.1,moe_expert_mean_max,128,0.22407284192740917,0.2029337139101699,-0.021139128017239273,-0.01922670006752014,0.9089357947843028,0.9289030641338023,-0.21289769001305103,-0.13272905349731445,2.6287007730723775,4.26804995190767
qwen3_30b_a3b_moe,5,up_proj,-0.05,moe_expert_mean_max,128,0.22407284192740917,0.21354807494208217,-0.010524766985327005,-0.009570673108100891,0.9533570296885117,0.9637961880857021,-0.10909588541835546,-0.0675879716873169,2.6287007730723775,4.26804995190767
qwen3_30b_a3b_moe,5,up_proj,0.0,moe_expert_mean_max,128,0.22407284192740917,0.22407284134533256,-5.820766091346741e-10,0.0,1.0000000001768226,1.0000000841449748,9.313225746154785e-10,2.384185791015625e-07,2.6287007730723775,4.26804995190767
qwen3_30b_a3b_moe,5,up_proj,0.05,moe_expert_mean_max,128,0.22407284192740917,0.23450570669956505,0.010432864772155881,0.012762993574142456,1.04897859919627,1.075255082999327,0.11466693226248026,0.24720382690429688,2.6287007730723775,4.26804995190767
qwen3_30b_a3b_moe,5,up_proj,0.1,moe_expert_mean_max,128,0.22407284192740917,0.24484449054580182,0.020771648618392646,0.02542877197265625,1.1004127087476887,1.1561733357907504,0.2351967291906476,0.5121328830718994,2.6287007730723775,4.26804995190767
qwen3_30b_a3b_moe,5,up_proj,0.15,moe_expert_mean_max,128,0.22407284192740917,0.2550871680723503,0.03101432614494115,0.03799310326576233,1.1544285258245703,1.2431812072559405,0.3618969200178981,0.7960577011108398,2.6287007730723775,4.26804995190767
qwen3_30b_a3b_moe,5,up_proj,0.2,moe_expert_mean_max,128,0.22407284192740917,0.2652318440377712,0.04115900211036205,0.050451964139938354,1.2111588892201628,1.3367367872437892,0.4950915491208434,1.1003398895263672,2.6287007730723775,4.26804995190767
qwen3_30b_a3b_moe,6,down_proj,-0.2,moe_expert_mean_max,128,0.22426728066056967,0.18135784252081066,-0.042909438139759004,-0.037912845611572266,0.7800447669421647,0.8398601076168636,-0.7001930540427566,-0.36020827293395996,3.5009767500008,4.911190408192092
qwen3_30b_a3b_moe,6,down_proj,-0.15,moe_expert_mean_max,128,0.22426728066056967,0.19220130611211061,-0.03206597454845905,-0.028315648436546326,0.8299638883683115,0.8773143375913347,-0.5414736578240991,-0.27596116065979004,3.5009767500008,4.911190408192092
qwen3_30b_a3b_moe,6,down_proj,-0.1,moe_expert_mean_max,128,0.22426728066056967,0.20296895469073206,-0.021298325969837606,-0.01879681646823883,0.8831189516237883,0.9164388389504573,-0.37233696691691875,-0.1879570484161377,3.5009767500008,4.911190408192092
qwen3_30b_a3b_moe,6,down_proj,-0.05,moe_expert_mean_max,128,0.22426728066056967,0.21365837415214628,-0.010608906508423388,-0.00935778021812439,0.9397222034592055,0.9573081262762477,-0.1920916736125946,-0.09602832794189453,3.5009767500008,4.911190408192092
qwen3_30b_a3b_moe,6,down_proj,0.0,moe_expert_mean_max,128,0.22426728066056967,0.22426728054415435,-1.1641532182693481e-10,1.4901161193847656e-08,1.0000000028452771,1.000000085627237,7.450580596923828e-09,2.384185791015625e-07,3.5009767500008,4.911190408192092
qwen3_30b_a3b_moe,6,down_proj,0.05,moe_expert_mean_max,128,0.22426728066056967,0.23479352274443954,0.010526242083869874,0.013538539409637451,1.0641937384105389,1.0828275900059654,0.20472539402544498,0.35274839401245117,3.5009767500008,4.911190408192092
qwen3_30b_a3b_moe,6,down_proj,0.1,moe_expert_mean_max,128,0.22426728066056967,0.24523507116828114,0.02096779050771147,0.026986300945281982,1.1325608163769956,1.1725158004202696,0.4229246284812689,0.7347149848937988,3.5009767500008,4.911190408192092
qwen3_30b_a3b_moe,6,down_proj,0.15,moe_expert_mean_max,128,0.22426728066056967,0.2555900344159454,0.03132275375537574,0.040338099002838135,1.2053757988149911,1.2696324028641397,0.6554944608360529,1.148317813873291,3.5009767500008,4.911190408192092
qwen3_30b_a3b_moe,6,down_proj,0.2,moe_expert_mean_max,128,0.22426728066056967,0.26585663959849626,0.04158935893792659,0.05358889698982239,1.2829314112972798,1.3747930897345637,0.9033916406333447,1.5961790084838867,3.5009767500008,4.911190408192092
qwen3_30b_a3b_moe,6,up_proj,-0.2,moe_expert_mean_max,128,0.21744403149932623,0.1761964305769652,-0.041247600922361016,-0.038545578718185425,0.8422482596179056,0.8661745130487626,-0.3347100233659148,-0.2455747127532959,2.3818700312410304,4.193177711517215
qwen3_30b_a3b_moe,6,up_proj,-0.15,moe_expert_mean_max,128,0.21744403149932623,0.18663775699678808,-0.030806274502538145,-0.02878132462501526,0.8791373696578391,0.8978505625763752,-0.25654555577784777,-0.187461256980896,2.3818700312410304,4.193177711517215
qwen3_30b_a3b_moe,6,up_proj,-0.1,moe_expert_mean_max,128,0.21744403149932623,0.19699432468041778,-0.020449706818908453,-0.01910114288330078,0.9176747860096379,0.930684981465183,-0.17481854930520058,-0.12721359729766846,2.3818700312410304,4.193177711517215
qwen3_30b_a3b_moe,6,up_proj,-0.05,moe_expert_mean_max,128,0.21744403149932623,0.20726381102576852,-0.01018022047355771,-0.009506821632385254,0.9579359865619332,0.964720149082059,-0.08936180081218481,-0.06475365161895752,2.3818700312410304,4.193177711517215
qwen3_30b_a3b_moe,6,up_proj,0.0,moe_expert_mean_max,128,0.21744403149932623,0.21744403161574155,1.1641532182693481e-10,1.4901161193847656e-08,1.0000000005048455,1.0000000646202218,9.313225746154785e-10,1.1920928955078125e-07,2.3818700312410304,4.193177711517215
qwen3_30b_a3b_moe,6,up_proj,0.05,moe_expert_mean_max,128,0.21744403149932623,0.22753293998539448,0.010088908486068249,0.01304510235786438,1.0439495985883016,1.0743038763278552,0.09345072321593761,0.25899624824523926,2.3818700312410304,4.193177711517215
qwen3_30b_a3b_moe,6,up_proj,0.1,moe_expert_mean_max,128,0.21744403149932623,0.23752861039247364,0.02008457889314741,0.025989115238189697,1.089871463721218,1.1541288891734343,0.19118319172412157,0.5372371673583984,2.3818700312410304,4.193177711517215
qwen3_30b_a3b_moe,6,up_proj,0.15,moe_expert_mean_max,128,0.21744403149932623,0.247429262381047,0.02998523088172078,0.038827866315841675,1.1378563885652682,1.2398852352177345,0.29339967016130686,0.8361525535583496,2.3818700312410304,4.193177711517215
qwen3_30b_a3b_moe,6,up_proj,0.2,moe_expert_mean_max,128,0.21744403149932623,0.25723323633428663,0.0397892048349604,0.051557183265686035,1.1879994831870841,1.3320136176816453,0.4003123277798295,1.1572785377502441,2.3818700312410304,4.193177711517215
qwen3_30b_a3b_moe,7,down_proj,-0.2,moe_expert_mean_max,128,0.22701734385918826,0.18352896452415735,-0.04348837933503091,-0.03963150084018707,0.7771222694981519,0.8365770593084411,-0.7328653233125806,-0.3875274658203125,3.5782038441009,8.72361971765206
qwen3_30b_a3b_moe,7,down_proj,-0.15,moe_expert_mean_max,128,0.22701734385918826,0.19451678835321218,-0.03250055550597608,-0.029603898525238037,0.8276215409409463,0.8747409642509301,-0.5671577174216509,-0.2970287799835205,3.5782038441009,8.72361971765206
qwen3_30b_a3b_moe,7,down_proj,-0.1,moe_expert_mean_max,128,0.22701734385918826,0.2054291166132316,-0.02158822724595666,-0.019654884934425354,0.8814497979563689,0.9146458669250749,-0.3902978114783764,-0.20240163803100586,3.5782038441009,8.72361971765206
qwen3_30b_a3b_moe,7,down_proj,-0.05,moe_expert_mean_max,128,0.22701734385918826,0.21626343112438917,-0.010753912734799087,-0.009786292910575867,0.9388299256236136,0.9563711960793165,-0.20151886902749538,-0.10345768928527832,3.5782038441009,8.72361971765206
qwen3_30b_a3b_moe,7,down_proj,0.0,moe_expert_mean_max,128,0.22701734385918826,0.2270173440920189,2.3283064365386963e-10,2.9802322387695312e-08,0.9999999951087377,1.0000000810859155,-1.30385160446167e-08,4.76837158203125e-07,3.5782038441009,8.72361971765206
qwen3_30b_a3b_moe,7,down_proj,0.05,moe_expert_mean_max,128,0.22701734385918826,0.237688600551337,0.010671256692148745,0.012050434947013855,1.0652143616207654,1.1143838803370165,0.2151378784328699,0.8786964416503906,3.5782038441009,8.72361971765206
qwen3_30b_a3b_moe,7,down_proj,0.1,moe_expert_mean_max,128,0.22701734385918826,0.24827508453745395,0.02125774067826569,0.02407185733318329,1.1347447544895375,1.2418516786018794,0.44483632408082485,1.8579034805297852,3.5782038441009,8.72361971765206
qwen3_30b_a3b_moe,7,down_proj,0.15,moe_expert_mean_max,128,0.22701734385918826,0.25877481035422534,0.03175746649503708,0.036065563559532166,1.2088815256815708,1.3838994552060817,0.6901038661599159,2.9491138458251953,3.5782038441009,8.72361971765206
qwen3_30b_a3b_moe,7,down_proj,0.2,moe_expert_mean_max,128,0.22701734385918826,0.26918592874426395,0.04216858488507569,0.048033252358436584,1.287934934534267,1.5421952101238015,0.9520210660994053,4.1651411056518555,3.5782038441009,8.72361971765206
qwen3_30b_a3b_moe,7,up_proj,-0.2,moe_expert_mean_max,128,0.2175267820712179,0.17626701237168163,-0.041259769699536264,-0.038666799664497375,0.8443612405238492,0.8697669754144222,-0.3258972121402621,-0.22988879680633545,2.3437863864967707,3.565915439128614
qwen3_30b_a3b_moe,7,up_proj,-0.15,moe_expert_mean_max,128,0.2175267820712179,0.18671172752510756,-0.030815054546110332,-0.028872668743133545,0.8808076548079209,0.9006419985865428,-0.2496387604624033,-0.17538785934448242,2.3437863864967707,3.565915439128614
qwen3_30b_a3b_moe,7,up_proj,-0.1,moe_expert_mean_max,128,0.2175267820712179,0.19707146158907562,-0.02045532048214227,-0.019162267446517944,0.9188485170528476,0.9326130081954177,-0.170005495660007,-0.11895227432250977,2.3437863864967707,3.565915439128614
qwen3_30b_a3b_moe,7,up_proj,-0.05,moe_expert_mean_max,128,0.2175267820712179,0.2073438795050606,-0.010182902566157281,-0.009537488222122192,0.9585546293956889,0.9657189030140809,-0.0868455320596695,-0.06051337718963623,2.3437863864967707,3.565915439128614
qwen3_30b_a3b_moe,7,up_proj,0.0,moe_expert_mean_max,128,0.2175267820712179,0.21752678230404854,2.3283064365386963e-10,1.4901161193847656e-08,0.999999999996627,1.0000000849312511,0.0,2.384185791015625e-07,2.3437863864967707,3.565915439128614
qwen3_30b_a3b_moe,7,up_proj,0.05,moe_expert_mean_max,128,0.2175267820712179,0.22761811246164143,0.010091330390423536,0.011394187808036804,1.043262010656528,1.0656352061165209,0.09069732669740915,0.20586919784545898,2.3437863864967707,3.565915439128614
qwen3_30b_a3b_moe,7,up_proj,0.1,moe_expert_mean_max,128,0.2175267820712179,0.23761593829840422,0.020089156227186322,0.022704586386680603,1.0884215092758271,1.1355783502134509,0.1854202402755618,0.4252505302429199,2.3437863864967707,3.565915439128614
qwen3_30b_a3b_moe,7,up_proj,0.15,moe_expert_mean_max,128,0.2175267820712179,0.24751845665741712,0.029991674586199224,0.03392861783504486,1.1355630222732365,1.2101122751680373,0.284350567497313,0.6590311527252197,2.3437863864967707,3.565915439128614
qwen3_30b_a3b_moe,7,up_proj,0.2,moe_expert_mean_max,128,0.2175267820712179,0.25732401572167873,0.03979723365046084,0.04506377875804901,1.184774895537801,1.2895380668810525,0.3876784844323993,0.9081554412841797,2.3437863864967707,3.565915439128614
qwen3_30b_a3b_moe,8,down_proj,-0.2,moe_expert_mean_max,128,0.23381829669233412,0.1887769210152328,-0.045041375677101314,-0.03877818584442139,0.7705275171262188,0.8312720692935123,-0.772548328153789,-0.40778279304504395,3.729567783478996,4.919279627409451
qwen3_30b_a3b_moe,8,down_proj,-0.15,moe_expert_mean_max,128,0.23381829669233412,0.20014663832262158,-0.03367165836971253,-0.028966113924980164,0.8223473447125187,0.8705774847383134,-0.5983321461826563,-0.3127892017364502,3.729567783478996,4.919279627409451
qwen3_30b_a3b_moe,8,down_proj,-0.1,moe_expert_mean_max,128,0.23381829669233412,0.21144533704500645,-0.02237295964732766,-0.01923123002052307,0.877700540117315,0.9117412735470742,-0.4120733756572008,-0.2133042812347412,3.729567783478996,4.919279627409451
qwen3_30b_a3b_moe,8,down_proj,-0.05,moe_expert_mean_max,128,0.23381829669233412,0.22267014009412378,-0.011148156598210335,-0.009575247764587402,0.9368310788958089,0.9548514317406382,-0.21292989887297153,-0.1091153621673584,3.729567783478996,4.919279627409451
qwen3_30b_a3b_moe,8,down_proj,0.0,moe_expert_mean_max,128,0.23381829669233412,0.23381829669233412,0.0,0.0,0.9999999982840411,1.0000000872759365,-7.450580596923828e-09,2.384185791015625e-07,3.729567783478996,4.919279627409451
qwen3_30b_a3b_moe,8,down_proj,0.05,moe_expert_mean_max,128,0.23381829669233412,0.24488719762302935,0.011068900930695236,0.01229947805404663,1.0674865844098178,1.0829168286350777,0.22768178023397923,0.35711002349853516,3.729567783478996,4.919279627409451
qwen3_30b_a3b_moe,8,down_proj,0.1,moe_expert_mean_max,128,0.23381829669233412,0.2558743441477418,0.02205604745540768,0.02452409267425537,1.1395896545419202,1.1727086834960287,0.471149243414402,0.7438297271728516,3.729567783478996,4.919279627409451
qwen3_30b_a3b_moe,8,down_proj,0.15,moe_expert_mean_max,128,0.23381829669233412,0.2667773807188496,0.032959084026515484,0.0366705060005188,1.2166289579137453,1.269945973870339,0.7315094340592623,1.1626157760620117,3.729567783478996,4.919279627409451
qwen3_30b_a3b_moe,8,down_proj,0.2,moe_expert_mean_max,128,0.23381829669233412,0.2775940850842744,0.043775788391940296,0.04873552918434143,1.2989465933417854,1.3752458312348022,1.0099476780742407,1.6161260604858398,3.729567783478996,4.919279627409451
qwen3_30b_a3b_moe,8,up_proj,-0.2,moe_expert_mean_max,128,0.22242631006520241,0.18012615863699466,-0.042300151428207755,-0.03839676082134247,0.8335896460636392,0.8711000183196349,-0.3729356052353978,-0.23427021503448486,2.504856536607922,3.57997014013149
qwen3_30b_a3b_moe,8,up_proj,-0.15,moe_expert_mean_max,128,0.22242631006520241,0.19082991068717092,-0.03159639937803149,-0.028671786189079285,0.8723537018373151,0.9016770828844433,-0.2861426854506135,-0.17869770526885986,2.504856536607922,3.57997014013149
qwen3_30b_a3b_moe,8,up_proj,-0.1,moe_expert_mean_max,128,0.22242631006520241,0.2014495253097266,-0.02097678475547582,-0.019029557704925537,0.9129506369663691,0.9333274170029694,-0.19519252516329288,-0.12117457389831543,2.504856536607922,3.57997014013149
qwen3_30b_a3b_moe,8,up_proj,-0.05,moe_expert_mean_max,128,0.22242631006520241,0.2119824590627104,-0.01044385100249201,-0.009471789002418518,0.9554685764793801,0.9660887356415024,-0.09988254029303789,-0.06163227558135986,2.504856536607922,3.57997014013149
qwen3_30b_a3b_moe,8,up_proj,0.0,moe_expert_mean_max,128,0.22242631006520241,0.22242631018161774,1.1641532182693481e-10,1.4901161193847656e-08,0.999999999373874,1.0,-1.862645149230957e-09,0.0,2.504856536607922,3.57997014013149
qwen3_30b_a3b_moe,8,up_proj,0.05,moe_expert_mean_max,128,0.22242631006520241,0.23277882451657206,0.010352514451369643,0.011653721332550049,1.0466418941367825,1.065844692420631,0.10467834305018187,0.19760608673095703,2.504856536607922,3.57997014013149
qwen3_30b_a3b_moe,8,up_proj,0.1,moe_expert_mean_max,128,0.22242631006520241,0.24303788144607097,0.020611571380868554,0.023242831230163574,1.0954960024698597,1.136025115076474,0.21438683848828077,0.40822410583496094,2.504856536607922,3.57997014013149
qwen3_30b_a3b_moe,8,up_proj,0.15,moe_expert_mean_max,128,0.22242631006520241,0.2532014849130064,0.03077517484780401,0.03476446866989136,1.1466690649698883,1.2108263921212625,0.32937150821089745,0.6327097415924072,2.504856536607922,3.57997014013149
qwen3_30b_a3b_moe,8,up_proj,0.2,moe_expert_mean_max,128,0.22242631006520241,0.2632677940418944,0.04084148397669196,0.04621574282646179,1.2002730382441817,1.290553111464001,0.4498905651271343,0.8719770908355713,2.504856536607922,3.57997014013149
qwen3_30b_a3b_moe,9,down_proj,-0.2,moe_expert_mean_max,128,0.23095618293154985,0.1865412788465619,-0.04441490408498794,-0.03894679248332977,0.7797811888519374,0.847384653386298,-0.698798961006105,-0.32289600372314453,3.5188128929040206,5.001239352741147
qwen3_30b_a3b_moe,9,down_proj,-0.15,moe_expert_mean_max,128,0.23095618293154985,0.19775603234302253,-0.03320015058852732,-0.029094532132148743,0.8297355839847644,0.8832028168261776,-0.5405260734260082,-0.24711370468139648,3.5188128929040206,5.001239352741147
qwen3_30b_a3b_moe,9,down_proj,-0.1,moe_expert_mean_max,128,0.23095618293154985,0.20889859716407955,-0.0220575857674703,-0.019318103790283203,0.8829442570385259,0.9205349927840578,-0.3717787032946944,-0.1681281328201294,3.5188128929040206,5.001239352741147
qwen3_30b_a3b_moe,9,down_proj,-0.05,moe_expert_mean_max,128,0.23095618293154985,0.21996618947014213,-0.010989993461407721,-0.009619340300559998,0.9396224826628135,0.9594451313997892,-0.1918536964803934,-0.08580398559570312,3.5188128929040206,5.001239352741147
qwen3_30b_a3b_moe,9,down_proj,0.0,moe_expert_mean_max,128,0.23095618293154985,0.23095618258230388,-3.4924596548080444e-10,2.9802322387695312e-08,1.0000000055408138,1.0000000837954233,1.862645149230957e-08,2.384185791015625e-07,3.5188128929040206,5.001239352741147
qwen3_30b_a3b_moe,9,down_proj,0.05,moe_expert_mean_max,128,0.23095618293154985,0.24186605017166585,0.010909867240116,0.012205660343170166,1.0643219620511952,1.0838118571201958,0.2045845277607441,0.3574991226196289,3.5188128929040206,5.001239352741147
qwen3_30b_a3b_moe,9,down_proj,0.1,moe_expert_mean_max,128,0.23095618293154985,0.25269341142848134,0.021737228496931493,0.024318844079971313,1.132849984390608,1.1746480003729294,0.4227566346526146,0.7449603080749512,3.5188128929040206,5.001239352741147
qwen3_30b_a3b_moe,9,down_proj,0.15,moe_expert_mean_max,128,0.23095618293154985,0.2634360002120957,0.03247981728054583,0.03633582592010498,1.2058633153163196,1.2730975598277237,0.6554315946996212,1.1648964881896973,3.5188128929040206,5.001239352741147
qwen3_30b_a3b_moe,9,down_proj,0.2,moe_expert_mean_max,128,0.23095618293154985,0.2740916989278048,0.04313551599625498,0.04832352697849274,1.283659963288486,1.379798182148062,0.9035870190709829,1.6200275421142578,3.5188128929040206,5.001239352741147
qwen3_30b_a3b_moe,9,up_proj,-0.2,moe_expert_mean_max,128,0.22298415564000607,0.18054812855552882,-0.042436027084477246,-0.03841118514537811,0.8326353862561668,0.8734343778324776,-0.37636573519557714,-0.22834956645965576,2.521112641866114,3.4821342851374704
qwen3_30b_a3b_moe,9,up_proj,-0.15,moe_expert_mean_max,128,0.22298415564000607,0.19128494756296277,-0.031699208077043295,-0.028682440519332886,0.8715997286740986,0.9034886543640919,-0.2888194480910897,-0.17412567138671875,2.521112641866114,3.4821342851374704
qwen3_30b_a3b_moe,9,up_proj,-0.1,moe_expert_mean_max,128,0.22298415564000607,0.2019382519647479,-0.02104590367525816,-0.019036486744880676,0.9124211537724771,0.9345771093984044,-0.19704961590468884,-0.11803591251373291,2.521112641866114,3.4821342851374704
qwen3_30b_a3b_moe,9,up_proj,-0.05,moe_expert_mean_max,128,0.22298415564000607,0.21250546700321138,-0.010478688636794686,-0.009475097060203552,0.9551897375191896,0.9667352903436985,-0.10084899608045816,-0.06001615524291992,2.521112641866114,3.4821342851374704
qwen3_30b_a3b_moe,9,up_proj,0.0,moe_expert_mean_max,128,0.22298415564000607,0.22298415610566735,4.656612873077393e-10,2.9802322387695312e-08,1.0000000002041478,1.0000000905580877,9.313225746154785e-10,2.384185791015625e-07,2.521112641866114,3.4821342851374704
qwen3_30b_a3b_moe,9,up_proj,0.05,moe_expert_mean_max,128,0.22298415564000607,0.23337202286347747,0.010387867223471403,0.01179686188697815,1.0469511451256444,1.0643691526862562,0.1057258527725935,0.18674778938293457,2.521112641866114,3.4821342851374704
qwen3_30b_a3b_moe,9,up_proj,0.1,moe_expert_mean_max,128,0.22298415564000607,0.2436669075395912,0.020682751899585128,0.023498177528381348,1.0961472749650196,1.1328817854931355,0.21656845416873693,0.3855166435241699,2.521112641866114,3.4821342851374704
qwen3_30b_a3b_moe,9,up_proj,0.15,moe_expert_mean_max,128,0.22298415564000607,0.25386679905932397,0.0308826434193179,0.035100728273391724,1.1476976347692538,1.2058043236993174,0.33277967292815447,0.5970795154571533,2.521112641866114,3.4821342851374704
qwen3_30b_a3b_moe,9,up_proj,0.2,moe_expert_mean_max,128,0.22298415564000607,0.26396979356650263,0.040985637926496565,0.04660126566886902,1.2017168519671435,1.283421025490785,0.4546239301562309,0.8222610950469971,2.521112641866114,3.4821342851374704
qwen3_30b_a3b_moe,10,down_proj,-0.2,moe_expert_mean_max,128,0.2330286983633414,0.1880358817288652,-0.044992816634476185,-0.03849032521247864,0.7751929628291183,0.8315409048622845,-0.7241296442225575,-0.39909517765045166,3.6189533569144023,5.207771394384637
qwen3_30b_a3b_moe,10,down_proj,-0.15,moe_expert_mean_max,128,0.2330286983633414,0.19938771531451494,-0.033640983048826456,-0.028751641511917114,0.8260809137813129,0.8707885820401697,-0.5604351293295622,-0.3061339855194092,3.6189533569144023,5.207771394384637
qwen3_30b_a3b_moe,10,down_proj,-0.1,moe_expert_mean_max,128,0.2330286983633414,0.2106723345350474,-0.02235636382829398,-0.01908920705318451,0.8803563849086574,0.9118886344671923,-0.3856944777071476,-0.2087717056274414,3.6189533569144023,5.207771394384637
qwen3_30b_a3b_moe,10,down_proj,-0.05,moe_expert_mean_max,128,0.2330286983633414,0.22188689978793263,-0.011141798575408757,-0.009504839777946472,0.9382479936959162,0.9549286055659791,-0.19915209524333477,-0.10679984092712402,3.6189533569144023,5.207771394384637
qwen3_30b_a3b_moe,10,down_proj,0.0,moe_expert_mean_max,128,0.2330286983633414,0.2330286984797567,1.1641532182693481e-10,2.9802322387695312e-08,1.0000000040225934,1.0000000837017184,1.30385160446167e-08,2.384185791015625e-07,3.6189533569144023,5.207771394384637
qwen3_30b_a3b_moe,10,down_proj,0.05,moe_expert_mean_max,128,0.2330286983633414,0.24409512802958488,0.011066429666243494,0.012837499380111694,1.0658734101890106,1.0860069641474588,0.2126259282231331,0.37393999099731445,3.6189533569144023,5.207771394384637
qwen3_30b_a3b_moe,10,down_proj,0.1,moe_expert_mean_max,128,0.2330286983633414,0.25508371309842914,0.022055014735087752,0.02561172842979431,1.1361470921508623,1.1794110676011451,0.4396497346460819,0.7796182632446289,3.6189533569144023,5.207771394384637
qwen3_30b_a3b_moe,10,down_proj,0.15,moe_expert_mean_max,128,0.2330286983633414,0.26599209068808705,0.032963392324745655,0.03831908106803894,1.2111190510883028,1.2808486851831082,0.6820597276091576,1.2197279930114746,3.6189533569144023,5.207771394384637
qwen3_30b_a3b_moe,10,down_proj,0.2,moe_expert_mean_max,128,0.2330286983633414,0.276818030863069,0.04378933249972761,0.05095607042312622,1.2911077518160579,1.3910104574068738,0.9409129712730646,1.6971912384033203,3.6189533569144023,5.207771394384637
qwen3_30b_a3b_moe,10,up_proj,-0.2,moe_expert_mean_max,128,0.22773127909749746,0.18424514879006892,-0.04348613030742854,-0.038360267877578735,0.8227888681617512,0.8718125553055034,-0.4236024282872677,-0.23591184616088867,2.6925500535763143,3.8673233807613627
qwen3_30b_a3b_moe,10,up_proj,-0.15,moe_expert_mean_max,128,0.22773127909749746,0.19524182088207453,-0.03248945821542293,-0.028642475605010986,0.8638239640413989,0.9022301368347462,-0.3256635433062911,-0.1799323558807373,2.6925500535763143,3.8673233807613627
qwen3_30b_a3b_moe,10,up_proj,-0.1,moe_expert_mean_max,128,0.22773127909749746,0.20615692774299532,-0.02157435135450214,-0.01900865137577057,0.9069627388455915,0.9337090528757048,-0.22260246332734823,-0.12199962139129639,2.6925500535763143,3.8673233807613627
qwen3_30b_a3b_moe,10,up_proj,-0.05,moe_expert_mean_max,128,0.22773127909749746,0.21698764304164797,-0.010743636055849493,-0.009460583329200745,0.9523158726780958,0.9662862250439836,-0.11414452269673347,-0.06204569339752197,2.6925500535763143,3.8673233807613627
qwen3_30b_a3b_moe,10,up_proj,0.0,moe_expert_mean_max,128,0.22773127909749746,0.22773127886466682,-2.3283064365386963e-10,0.0,1.0000000000698293,1.0000000874076669,0.0,2.384185791015625e-07,2.6925500535763143,3.8673233807613627
qwen3_30b_a3b_moe,10,up_proj,0.05,moe_expert_mean_max,128,0.22773127909749746,0.23838529747445136,0.0106540183769539,0.012679070234298706,1.0501380805663776,1.0699674044510818,0.12013680953532457,0.22967267036437988,2.6925500535763143,3.8673233807613627
qwen3_30b_a3b_moe,10,up_proj,0.1,moe_expert_mean_max,128,0.22773127909749746,0.2489472806919366,0.02121600159443915,0.0252629816532135,1.1028596815333453,1.1448302049324712,0.2465883456170559,0.47513723373413086,2.6925500535763143,3.8673233807613627
qwen3_30b_a3b_moe,10,up_proj,0.15,moe_expert_mean_max,128,0.22773127909749746,0.25941496971063316,0.031683690613135695,0.03774762153625488,1.1583014192480254,1.2249309059179305,0.3796948967501521,0.737480640411377,2.6925500535763143,3.8673233807613627
qwen3_30b_a3b_moe,10,up_proj,0.2,moe_expert_mean_max,128,0.22773127909749746,0.2697862224886194,0.042054943391121924,0.05012896656990051,1.2166072604633225,1.3106360406754005,0.5198154030367732,1.017862319946289,2.6925500535763143,3.8673233807613627
qwen3_30b_a3b_moe,11,down_proj,-0.2,moe_expert_mean_max,128,0.23266317939851433,0.18786361266393214,-0.044799566734582186,-0.03889179229736328,0.783992655706949,0.8389180153244697,-0.6627244278788567,-0.366163969039917,3.440896123195915,5.226928398483042
qwen3_30b_a3b_moe,11,down_proj,-0.15,moe_expert_mean_max,128,0.23266317939851433,0.19917382905259728,-0.033489350345917046,-0.02905474603176117,0.8330754377416255,0.8765761261400162,-0.512461700476706,-0.28056132793426514,3.440896123195915,5.226928398483042
qwen3_30b_a3b_moe,11,down_proj,-0.1,moe_expert_mean_max,128,0.23266317939851433,0.2104124395409599,-0.022250739857554436,-0.019292578101158142,0.8852984010724974,0.9159246610184246,-0.35236629098653793,-0.1911160945892334,3.440896123195915,5.226928398483042
qwen3_30b_a3b_moe,11,down_proj,-0.05,moe_expert_mean_max,128,0.23266317939851433,0.22157649311702698,-0.011086686281487346,-0.009607166051864624,0.9408668725756841,0.9570395039213181,-0.18178016878664494,-0.0976557731628418,3.440896123195915,5.226928398483042
qwen3_30b_a3b_moe,11,down_proj,0.0,moe_expert_mean_max,128,0.23266317939851433,0.2326631797477603,3.4924596548080444e-10,2.9802322387695312e-08,1.0000000067188832,1.000000085899067,2.0489096641540527e-08,2.384185791015625e-07,3.440896123195915,5.226928398483042
qwen3_30b_a3b_moe,11,down_proj,0.05,moe_expert_mean_max,128,0.23266317939851433,0.24366979440674186,0.011006615008227527,0.013753265142440796,1.0629315634383716,1.0862063674849383,0.19372565299272537,0.37770748138427734,3.440896123195915,5.226928398483042
qwen3_30b_a3b_moe,11,down_proj,0.1,moe_expert_mean_max,128,0.23266317939851433,0.25459377537481487,0.021930595976300538,0.027451515197753906,1.1299110116561109,1.1798442553441333,0.4001997783780098,0.787630558013916,3.440896123195915,5.226928398483042
qwen3_30b_a3b_moe,11,down_proj,0.15,moe_expert_mean_max,128,0.23266317939851433,0.2654326739721,0.03276949457358569,0.04108920693397522,1.2012045555516462,1.2815543004257803,0.6202806085348129,1.232518196105957,3.440896123195915,5.226928398483042
qwen3_30b_a3b_moe,11,down_proj,0.2,moe_expert_mean_max,128,0.23266317939851433,0.27618416980840266,0.04352099040988833,0.05466076731681824,1.2770962713352751,1.392032307682934,0.8548853509128094,1.71535062789917,3.440896123195915,5.226928398483042
qwen3_30b_a3b_moe,11,up_proj,-0.2,moe_expert_mean_max,128,0.22724943445064127,0.18382321659009904,-0.04342621786054224,-0.03836272656917572,0.8220615637192532,0.8724688671318778,-0.43277631513774395,-0.2355499267578125,2.71483897631762,4.8138360238720725
qwen3_30b_a3b_moe,11,up_proj,-0.15,moe_expert_mean_max,128,0.22724943445064127,0.19480314361862838,-0.03244629083201289,-0.028645217418670654,0.8632326359919745,0.9027395168401409,-0.3328524697571993,-0.1796400547027588,2.71483897631762,4.8138360238720725
qwen3_30b_a3b_moe,11,up_proj,-0.1,moe_expert_mean_max,128,0.22724943445064127,0.2057026899419725,-0.02154674450866878,-0.019011080265045166,0.9065356579575786,0.9340603962086916,-0.22761268354952335,-0.12179040908813477,2.71483897631762,4.8138360238720725
qwen3_30b_a3b_moe,11,up_proj,-0.05,moe_expert_mean_max,128,0.22724943445064127,0.21651901595760137,-0.010730418493039906,-0.009462147951126099,0.9520846700739075,0.9664680360873162,-0.11676476988941431,-0.06193351745605469,2.71483897631762,4.8138360238720725
qwen3_30b_a3b_moe,11,up_proj,0.0,moe_expert_mean_max,128,0.22724943445064127,0.2272494345670566,1.1641532182693481e-10,2.9802322387695312e-08,1.0000000000754707,1.000000085616387,0.0,2.384185791015625e-07,2.71483897631762,4.8138360238720725
qwen3_30b_a3b_moe,11,up_proj,0.05,moe_expert_mean_max,128,0.22724943445064127,0.23789138509891927,0.010641950648277998,0.012769341468811035,1.0504086492664886,1.0817440514608794,0.1230079559609294,0.3310079574584961,2.71483897631762,4.8138360238720725
qwen3_30b_a3b_moe,11,up_proj,0.1,moe_expert_mean_max,128,0.22724943445064127,0.2484424418071285,0.021193007356487215,0.02545878291130066,1.1034446540977259,1.1701703582989393,0.25260400772094727,0.6890745162963867,2.71483897631762,4.8138360238720725
qwen3_30b_a3b_moe,11,up_proj,0.15,moe_expert_mean_max,128,0.22724943445064127,0.2589003143366426,0.03165087988600135,0.03806346654891968,1.1592494429924056,1.2658249610841585,0.38915261533111334,1.0764107704162598,2.71483897631762,4.8138360238720725
qwen3_30b_a3b_moe,11,up_proj,0.2,moe_expert_mean_max,128,0.22724943445064127,0.2692628513323143,0.04201341688167304,0.05057886242866516,1.217972360882301,1.3692988836726334,0.5330392075702548,1.4954099655151367,2.71483897631762,4.8138360238720725
qwen3_30b_a3b_moe,12,down_proj,-0.2,moe_expert_mean_max,128,0.2322273919126019,0.18746238923631608,-0.0447650026762858,-0.038913339376449585,0.7825183193865314,0.8457439697098851,-0.6731186043471098,-0.3367053270339966,3.479851097810496,5.4834039863215835
qwen3_30b_a3b_moe,12,down_proj,-0.15,moe_expert_mean_max,128,0.2322273919126019,0.19876105210278183,-0.033466339809820056,-0.029075026512145996,0.8318877260446733,0.881919975952459,-0.5206723203882575,-0.25774145126342773,3.479851097810496,5.4834039863215835
qwen3_30b_a3b_moe,12,down_proj,-0.1,moe_expert_mean_max,128,0.2322273919126019,0.20999002770986408,-0.022237364202737808,-0.019308805465698242,0.8844480827983248,0.919643354518384,-0.3581336447969079,-0.1754000186920166,3.479851097810496,5.4834039863215835
qwen3_30b_a3b_moe,12,down_proj,-0.05,moe_expert_mean_max,128,0.2322273919126019,0.22114640299696475,-0.011080988915637136,-0.009616553783416748,0.9404104061459212,0.9589803519268507,-0.18481960520148277,-0.08953642845153809,3.479851097810496,5.4834039863215835
qwen3_30b_a3b_moe,12,down_proj,0.0,moe_expert_mean_max,128,0.2322273919126019,0.23222739214543253,2.3283064365386963e-10,2.9802322387695312e-08,1.0000000035773855,1.000000082775098,1.30385160446167e-08,2.384185791015625e-07,3.479851097810496,5.4834039863215835
qwen3_30b_a3b_moe,12,down_proj,0.05,moe_expert_mean_max,128,0.2322273919126019,0.24323033879045397,0.011002946877852082,0.013503044843673706,1.0634574089905138,1.0888111413243453,0.1971058938652277,0.4172096252441406,3.479851097810496,5.4834039863215835
qwen3_30b_a3b_moe,12,down_proj,0.1,moe_expert_mean_max,128,0.2322273919126019,0.25415269820950925,0.021925306296907365,0.026927471160888672,1.131039455495154,1.185509449161054,0.4073327761143446,0.8714709281921387,3.479851097810496,5.4834039863215835
qwen3_30b_a3b_moe,12,down_proj,0.15,moe_expert_mean_max,128,0.2322273919126019,0.26499206526204944,0.03276467334944755,0.04026803374290466,1.2030204098678756,1.2907958087367957,0.631573298946023,1.3660764694213867,3.479851097810496,5.4834039863215835
qwen3_30b_a3b_moe,12,down_proj,0.2,moe_expert_mean_max,128,0.2322273919126019,0.27574612363241613,0.04351873171981424,0.053519248962402344,1.2796931536987834,1.4054328197196317,0.8707820307463408,1.9046087265014648,3.479851097810496,5.4834039863215835
qwen3_30b_a3b_moe,12,up_proj,-0.2,moe_expert_mean_max,128,0.22520456870552152,0.18219989677891135,-0.04300467192661017,-0.0378541499376297,0.8281110933419975,0.87871016379306,-0.40096965804696083,-0.21810698509216309,2.6077427608096415,3.711181497815666
qwen3_30b_a3b_moe,12,up_proj,-0.15,moe_expert_mean_max,128,0.22520456870552152,0.19307434279471636,-0.032130225910805166,-0.028264179825782776,0.8680091819434123,0.9075785944964959,-0.30804394371807575,-0.16619491577148438,2.6077427608096415,3.711181497815666
qwen3_30b_a3b_moe,12,up_proj,-0.1,moe_expert_mean_max,128,0.22520456870552152,0.20386842172592878,-0.02133614697959274,-0.018757402896881104,0.9098884020689987,0.9373954068786774,-0.21040606126189232,-0.11257743835449219,2.6077427608096415,3.711181497815666
qwen3_30b_a3b_moe,12,up_proj,-0.05,moe_expert_mean_max,128,0.22520456870552152,0.21457936859223992,-0.010625200113281608,-0.0093354731798172,0.9538498742798672,0.968191824745748,-0.10781081859022379,-0.057198405265808105,2.6077427608096415,3.711181497815666
qwen3_30b_a3b_moe,12,up_proj,0.0,moe_expert_mean_max,128,0.22520456870552152,0.22520456847269088,-2.3283064365386963e-10,1.4901161193847656e-08,0.9999999988721275,1.0000000825487487,-2.7939677238464355e-09,2.384185791015625e-07,2.6077427608096415,3.711181497815666
qwen3_30b_a3b_moe,12,up_proj,0.05,moe_expert_mean_max,128,0.22520456870552152,0.23574152821674943,0.010536959511227906,0.012426048517227173,1.0484507477729221,1.0677648181192678,0.11329836491495371,0.22361207008361816,2.6077427608096415,3.711181497815666
qwen3_30b_a3b_moe,12,up_proj,0.1,moe_expert_mean_max,128,0.22520456870552152,0.24618789844680578,0.02098332974128425,0.024759560823440552,1.0993199578971142,1.140121676494969,0.23237075749784708,0.46237707138061523,2.6077427608096415,3.711181497815666
qwen3_30b_a3b_moe,12,up_proj,0.15,moe_expert_mean_max,128,0.22520456870552152,0.25654145679436624,0.03133688808884472,0.03699612617492676,1.1527316863512862,1.217381836210632,0.35751902405172586,0.7173221111297607,2.6077427608096415,3.711181497815666
qwen3_30b_a3b_moe,12,up_proj,0.2,moe_expert_mean_max,128,0.22520456870552152,0.26680011698044837,0.04159554827492684,0.049131840467453,1.2088164502619487,1.2998775836458167,0.48906102031469345,0.9895436763763428,2.6077427608096415,3.711181497815666
qwen3_30b_a3b_moe,13,down_proj,-0.2,moe_expert_mean_max,128,0.23580871103331447,0.19039891031570733,-0.04540980071760714,-0.03966440260410309,0.7827938356305136,0.8318749346512941,-0.6618016185238957,-0.3875848054885864,3.4575556638778306,6.378514334735823
qwen3_30b_a3b_moe,13,down_proj,-0.15,moe_expert_mean_max,128,0.23580871103331447,0.20186387794092298,-0.03394483309239149,-0.029630497097969055,0.832133705691767,0.8710509085422173,-0.5117523018270731,-0.2972710132598877,3.4575556638778306,6.378514334735823
qwen3_30b_a3b_moe,13,down_proj,-0.1,moe_expert_mean_max,128,0.23580871103331447,0.21325586584862322,-0.02255284518469125,-0.019673869013786316,0.8846409682813479,0.9120717455620537,-0.35188010707497597,-0.20270419120788574,3.4575556638778306,6.378514334735823
qwen3_30b_a3b_moe,13,down_proj,-0.05,moe_expert_mean_max,128,0.23580871103331447,0.22457179438788444,-0.011236916645430028,-0.009796485304832458,0.9405227443943267,0.9550244738983178,-0.18152945302426815,-0.1036837100982666,3.4575556638778306,6.378514334735823
qwen3_30b_a3b_moe,13,down_proj,0.0,moe_expert_mean_max,128,0.23580871103331447,0.2358087112661451,2.3283064365386963e-10,2.9802322387695312e-08,1.000000002340627,1.0000000857466882,7.450580596923828e-09,2.384185791015625e-07,3.4575556638778306,6.378514334735823
qwen3_30b_a3b_moe,13,down_proj,0.05,moe_expert_mean_max,128,0.23580871103331447,0.24696380528621376,0.011155094252899289,0.014786958694458008,1.0633084080770097,1.0970741246254316,0.1934562288224697,0.5014500617980957,3.4575556638778306,6.378514334735823
qwen3_30b_a3b_moe,13,down_proj,0.1,moe_expert_mean_max,128,0.23580871103331447,0.2580343864392489,0.022225675405934453,0.02949431538581848,1.1306993958886196,1.2035717457201212,0.39963829703629017,1.0515785217285156,3.4575556638778306,6.378514334735823
qwen3_30b_a3b_moe,13,down_proj,0.15,moe_expert_mean_max,128,0.23580871103331447,0.269017911166884,0.03320920013356954,0.04411536455154419,1.202441235981437,1.3204073724187295,0.6193999741226435,1.6551094055175781,3.4575556638778306,6.378514334735823
qwen3_30b_a3b_moe,13,down_proj,0.2,moe_expert_mean_max,128,0.23580871103331447,0.279911958030425,0.044103246997110546,0.0586431622505188,1.2788200790880988,1.4485846847274297,0.8536532036960125,2.317227363586426,3.4575556638778306,6.378514334735823
qwen3_30b_a3b_moe,13,up_proj,-0.2,moe_expert_mean_max,128,0.2275082344422117,0.18404661619570106,-0.043461618246510625,-0.037662118673324585,0.8201273845771976,0.8797130775935886,-0.43761449214071035,-0.21436631679534912,2.7384789663526052,4.1209443168600055
qwen3_30b_a3b_moe,13,up_proj,-0.15,moe_expert_mean_max,128,0.2275082344422117,0.19503610720857978,-0.03247212723363191,-0.028119057416915894,0.8617229533930639,0.9083553501654599,-0.3365909932181239,-0.16332221031188965,2.7384789663526052,4.1209443168600055
qwen3_30b_a3b_moe,13,up_proj,-0.1,moe_expert_mean_max,128,0.2275082344422117,0.2059447260107845,-0.02156350843142718,-0.018659964203834534,0.9054884202198435,0.9379302262469893,-0.23017988167703152,-0.11061608791351318,2.7384789663526052,4.1209443168600055
qwen3_30b_a3b_moe,13,up_proj,-0.05,moe_expert_mean_max,128,0.2275082344422117,0.21676965907681733,-0.010738575365394354,-0.009286418557167053,0.9515399226154094,0.968467940868041,-0.11808659136295319,-0.05619406700134277,2.7384789663526052,4.1209443168600055
qwen3_30b_a3b_moe,13,up_proj,0.0,moe_expert_mean_max,128,0.2275082344422117,0.2275082344422117,0.0,2.9802322387695312e-08,0.9999999988289906,1.0000000901838,-4.6566128730773926e-09,2.384185791015625e-07,2.7384789663526052,4.1209443168600055
qwen3_30b_a3b_moe,13,up_proj,0.05,moe_expert_mean_max,128,0.2275082344422117,0.238157908199355,0.010649673757143319,0.01289975643157959,1.050997898476663,1.07337087615973,0.1244084108620882,0.25801992416381836,2.7384789663526052,4.1209443168600055
qwen3_30b_a3b_moe,13,up_proj,0.1,moe_expert_mean_max,128,0.2275082344422117,0.24871628091204911,0.021208046469837427,0.025702238082885742,1.1046699614780773,1.1521251741212755,0.2554855886846781,0.5348210334777832,2.7384789663526052,4.1209443168600055
qwen3_30b_a3b_moe,13,up_proj,0.15,moe_expert_mean_max,128,0.2275082344422117,0.2591810921439901,0.03167285770177841,0.03840291500091553,1.1611600544838623,1.2366577031365378,0.39359800331294537,0.8317694664001465,2.7384789663526052,4.1209443168600055
qwen3_30b_a3b_moe,13,up_proj,0.2,moe_expert_mean_max,128,0.2275082344422117,0.26955021487083286,0.04204198042862117,0.05099722743034363,1.2206199404219558,1.3273924075840149,0.5391326742246747,1.150331974029541,2.7384789663526052,4.1209443168600055
qwen3_30b_a3b_moe,14,down_proj,-0.2,moe_expert_mean_max,128,0.22825192718300968,0.18436789675615728,-0.043884030426852405,-0.0385332852602005,0.7832934538976529,0.84635858705644,-0.6695529893040657,-0.3308253288269043,3.452399314549054,5.4804030955552046
qwen3_30b_a3b_moe,14,down_proj,-0.15,moe_expert_mean_max,128,0.22825192718300968,0.1954482445726171,-0.03280368261039257,-0.02878248691558838,0.8325217980777682,0.8824006217486693,-0.5177640859037638,-0.25321853160858154,3.452399314549054,5.4804030955552046
qwen3_30b_a3b_moe,14,down_proj,-0.1,moe_expert_mean_max,128,0.22825192718300968,0.20645743631757796,-0.021794490865431726,-0.019108846783638,0.8849088445940417,0.9199774849739274,-0.3560265451669693,-0.17230689525604248,3.452399314549054,5.4804030955552046
qwen3_30b_a3b_moe,14,down_proj,-0.05,moe_expert_mean_max,128,0.22825192718300968,0.21739283401984721,-0.01085909316316247,-0.00951412320137024,0.9406613695902415,0.959154615801797,-0.18367533572018147,-0.08794951438903809,3.452399314549054,5.4804030955552046
qwen3_30b_a3b_moe,14,down_proj,0.0,moe_expert_mean_max,128,0.22825192718300968,0.228251927299425,1.1641532182693481e-10,1.4901161193847656e-08,1.0000000008318728,1.0000001020941136,3.725290298461914e-09,4.76837158203125e-07,3.452399314549054,5.4804030955552046
qwen3_30b_a3b_moe,14,down_proj,0.05,moe_expert_mean_max,128,0.22825192718300968,0.23903232556767762,0.010780398384667933,0.013411253690719604,1.0631600945044706,1.088781245393003,0.19575835578143597,0.4146585464477539,3.452399314549054,5.4804030955552046
qwen3_30b_a3b_moe,14,down_proj,0.1,moe_expert_mean_max,128,0.22825192718300968,0.24973177106585354,0.021479843882843852,0.026725858449935913,1.1303927597837478,1.1854446668281116,0.40441045351326466,0.8661313056945801,3.452399314549054,5.4804030955552046
qwen3_30b_a3b_moe,14,down_proj,0.15,moe_expert_mean_max,128,0.22825192718300968,0.26034812605939806,0.03209619887638837,0.039940088987350464,1.2019659247233756,1.2906898131718558,0.6268224399536848,1.3576855659484863,3.452399314549054,5.4804030955552046
qwen3_30b_a3b_moe,14,down_proj,0.2,moe_expert_mean_max,128,0.22825192718300968,0.27087936259340495,0.042627435410395265,0.053050488233566284,1.2781654885183544,1.4052788169824166,0.8639197573065758,1.892880916595459,3.452399314549054,5.4804030955552046
qwen3_30b_a3b_moe,14,up_proj,-0.2,moe_expert_mean_max,128,0.22428321919869632,0.1814870957750827,-0.04279612342361361,-0.037461116909980774,0.8254798916136542,0.8779925123532041,-0.40939145162701607,-0.21787381172180176,2.653191365671736,5.6495074803807315
qwen3_30b_a3b_moe,14,up_proj,-0.15,moe_expert_mean_max,128,0.22428321919869632,0.1923098370898515,-0.03197338210884482,-0.02796962857246399,0.8659378475734918,0.9070225418643766,-0.31463543977588415,-0.1660447120666504,2.653191365671736,5.6495074803807315
qwen3_30b_a3b_moe,14,up_proj,-0.1,moe_expert_mean_max,128,0.22428321919869632,0.2030518539249897,-0.021231365273706615,-0.0185612291097641,0.9084386359270465,0.9370125243837796,-0.21499382238835096,-0.11249434947967529,2.653191365671736,5.6495074803807315
qwen3_30b_a3b_moe,14,up_proj,-0.05,moe_expert_mean_max,128,0.22428321919869632,0.21371049236040562,-0.010572726838290691,-0.009237527847290039,0.9530886398750077,0.9679941228291904,-0.11020674742758274,-0.05716586112976074,2.653191365671736,5.6495074803807315
qwen3_30b_a3b_moe,14,up_proj,0.0,moe_expert_mean_max,128,0.22428321919869632,0.2242832196643576,4.656612873077393e-10,2.9802322387695312e-08,1.0,1.0,0.0,0.0,2.653191365671736,5.6495074803807315
qwen3_30b_a3b_moe,14,up_proj,0.05,moe_expert_mean_max,128,0.22428321919869632,0.23476764233782887,0.01048442313913256,0.012863069772720337,1.0492909024615449,1.090436855324278,0.11591573525220156,0.26323699951171875,2.653191365671736,5.6495074803807315
qwen3_30b_a3b_moe,14,up_proj,0.1,moe_expert_mean_max,128,0.22428321919869632,0.24516150122508407,0.02087828202638775,0.025612175464630127,1.101085912322587,1.1890525067720203,0.23784574214369059,0.545891523361206,2.653191365671736,5.6495074803807315
qwen3_30b_a3b_moe,14,up_proj,0.15,moe_expert_mean_max,128,0.22428321919869632,0.2554626748897135,0.03117945569101721,0.038263529539108276,1.155516384964336,1.2965868375954035,0.3661122974008322,0.8493955135345459,2.653191365671736,5.6495074803807315
qwen3_30b_a3b_moe,14,up_proj,0.2,moe_expert_mean_max,128,0.22428321919869632,0.2656691602896899,0.04138594109099358,0.05083081126213074,1.2127207521298975,1.4138459972244803,0.5010554175823927,1.1752855777740479,2.653191365671736,5.6495074803807315
qwen3_30b_a3b_moe,15,down_proj,-0.2,moe_expert_mean_max,128,0.22732883889693767,0.18352128309197724,-0.04380755580496043,-0.03874419629573822,0.7803997973249035,0.8422108284186913,-0.6960766678676009,-0.3269939422607422,3.5088859356863624,5.112259140024849
qwen3_30b_a3b_moe,15,down_proj,-0.15,moe_expert_mean_max,128,0.22732883889693767,0.19457639090251178,-0.03275244799442589,-0.02894057333469391,0.8302245859310069,0.8791553757029121,-0.5384346544742584,-0.25043201446533203,3.5088859356863624,5.112259140024849
qwen3_30b_a3b_moe,15,down_proj,-0.1,moe_expert_mean_max,128,0.22732883889693767,0.20556436234619468,-0.021764476550742984,-0.019214212894439697,0.8832877546450361,0.9177204260350891,-0.37035115621984005,-0.17051184177398682,3.5088859356863624,5.112259140024849
qwen3_30b_a3b_moe,15,down_proj,-0.05,moe_expert_mean_max,128,0.22732883889693767,0.21648265467956662,-0.010846184217371047,-0.009566813707351685,0.9398034080624329,0.9579773089306625,-0.19112323503941298,-0.08708560466766357,3.5088859356863624,5.112259140024849
qwen3_30b_a3b_moe,15,down_proj,0.0,moe_expert_mean_max,128,0.22732883889693767,0.22732883878052235,-1.1641532182693481e-10,0.0,1.0000000068319772,1.0000000866614582,2.2351741790771484e-08,2.384185791015625e-07,3.5088859356863624,5.112259140024849
qwen3_30b_a3b_moe,15,down_proj,0.05,moe_expert_mean_max,128,0.22732883889693767,0.23810059821698815,0.010771759320050478,0.012401103973388672,1.0641213891578405,1.0850022362364002,0.20382092148065567,0.3771853446960449,3.5088859356863624,5.112259140024849
qwen3_30b_a3b_moe,15,down_proj,0.1,moe_expert_mean_max,128,0.22732883889693767,0.24879574531223625,0.02146690641529858,0.02472662925720215,1.1324278044394145,1.1772299553805825,0.42119671031832695,0.7864327430725098,3.5088859356863624,5.112259140024849
qwen3_30b_a3b_moe,15,down_proj,0.15,moe_expert_mean_max,128,0.22732883889693767,0.2594121793517843,0.03208334045484662,0.03697332739830017,1.205197036774238,1.2772970747104981,0.653043394908309,1.230466365814209,3.5088859356863624,5.112259140024849
qwen3_30b_a3b_moe,15,down_proj,0.2,moe_expert_mean_max,128,0.22732883889693767,0.2699479463044554,0.04261910740751773,0.049137651920318604,1.2827255870527605,1.385870274217817,0.9003397636115551,1.7122445106506348,3.5088859356863624,5.112259140024849
qwen3_30b_a3b_moe,15,up_proj,-0.2,moe_expert_mean_max,128,0.22111566050443798,0.17900336347520351,-0.04211229702923447,-0.037154510617256165,0.832068843427291,0.8830461022499092,-0.38410366605967283,-0.20396530628204346,2.5450824866209647,4.116859613215436
qwen3_30b_a3b_moe,15,up_proj,-0.15,moe_expert_mean_max,128,0.22111566050443798,0.189656259608455,-0.03145940089598298,-0.02774062752723694,0.8711227085942991,0.9109353058135414,-0.2949222382158041,-0.15532708168029785,2.5450824866209647,4.116859613215436
qwen3_30b_a3b_moe,15,up_proj,-0.1,moe_expert_mean_max,128,0.22111566050443798,0.20022760063875467,-0.020888059865683317,-0.01840922236442566,0.9120657099951296,0.9397053282776361,-0.20132939890027046,-0.10515272617340088,2.5450824866209647,4.116859613215436
qwen3_30b_a3b_moe,15,up_proj,-0.05,moe_expert_mean_max,128,0.22111566050443798,0.21071486384607852,-0.010400796658359468,-0.009161889553070068,0.9549918513682261,0.9693839900125554,-0.10310074035078287,-0.05339372158050537,2.5450824866209647,4.116859613215436
qwen3_30b_a3b_moe,15,up_proj,0.0,moe_expert_mean_max,128,0.22111566050443798,0.2211156610865146,5.820766091346741e-10,2.9802322387695312e-08,0.999999999343895,1.0000000821661696,-9.313225746154785e-10,2.384185791015625e-07,2.5450824866209647,4.116859613215436
qwen3_30b_a3b_moe,15,up_proj,0.05,moe_expert_mean_max,128,0.22111566050443798,0.23142775055021048,0.010312090045772493,0.011752292513847351,1.0471940438720915,1.0733177380042935,0.10822136420756578,0.26424098014831543,2.5450824866209647,4.116859613215436
qwen3_30b_a3b_moe,15,up_proj,0.1,moe_expert_mean_max,128,0.22111566050443798,0.24164901475887746,0.020533354254439473,0.02340938150882721,1.096683223721628,1.1520109295198913,0.2218249812722206,0.5478553771972656,2.5450824866209647,4.116859613215436
qwen3_30b_a3b_moe,15,up_proj,0.15,moe_expert_mean_max,128,0.22111566050443798,0.25177746021654457,0.030661799712106586,0.03496791422367096,1.148582400450932,1.2364737797631884,0.34108623396605253,0.8522639274597168,2.5450824866209647,4.116859613215436
qwen3_30b_a3b_moe,15,up_proj,0.2,moe_expert_mean_max,128,0.22111566050443798,0.2618112434865907,0.0406955829821527,0.046424850821495056,1.2030123214533928,1.3271292043153928,0.46629494428634644,1.1789908409118652,2.5450824866209647,4.116859613215436
qwen3_30b_a3b_moe,16,down_proj,-0.2,moe_expert_mean_max,128,0.2234691046178341,0.18058064277283847,-0.04288846184499562,-0.03825841844081879,0.7812716354590347,0.8525657068378636,-0.699419166892767,-0.29720163345336914,3.5018744886162585,5.319024249760985
qwen3_30b_a3b_moe,16,down_proj,-0.15,moe_expert_mean_max,128,0.2234691046178341,0.19141156144905835,-0.03205754316877574,-0.028577953577041626,0.8309009448727134,0.8872497628616508,-0.5410749204456806,-0.22728466987609863,3.5018744886162585,5.319024249760985
qwen3_30b_a3b_moe,16,down_proj,-0.1,moe_expert_mean_max,128,0.2234691046178341,0.20217149413656443,-0.021297610481269658,-0.01897360384464264,0.8837538698750328,0.9233448807684939,-0.37220723554491997,-0.15452325344085693,3.5018744886162585,5.319024249760985
qwen3_30b_a3b_moe,16,down_proj,-0.05,moe_expert_mean_max,128,0.2234691046178341,0.21285808773245662,-0.010611016885377467,-0.009447067975997925,0.9400441512897532,0.9609083640647287,-0.1921030394732952,-0.07880187034606934,3.5018744886162585,5.319024249760985
qwen3_30b_a3b_moe,16,down_proj,0.0,moe_expert_mean_max,128,0.2234691046178341,0.22346910450141877,-1.1641532182693481e-10,1.4901161193847656e-08,1.0000000015625266,1.0000000867260492,5.587935447692871e-09,2.384185791015625e-07,3.5018744886162585,5.319024249760985
qwen3_30b_a3b_moe,16,down_proj,0.05,moe_expert_mean_max,128,0.2234691046178341,0.23400243883952498,0.010533334221690893,0.012512177228927612,1.0638650554696136,1.0871554261430707,0.20491684041917324,0.39606714248657227,3.5018744886162585,5.319024249760985
qwen3_30b_a3b_moe,16,down_proj,0.1,moe_expert_mean_max,128,0.2234691046178341,0.24445608956739306,0.020986984949558973,0.024951845407485962,1.1318994535877975,1.181906770546418,0.42351874709129333,0.826653003692627,3.5018744886162585,5.319024249760985
qwen3_30b_a3b_moe,16,down_proj,0.15,moe_expert_mean_max,128,0.2234691046178341,0.2548281968338415,0.03135909221600741,0.037315547466278076,1.2043810028615234,1.2849163453214762,0.6567374132573605,1.2947673797607422,3.5018744886162585,5.319024249760985
qwen3_30b_a3b_moe,16,down_proj,0.2,moe_expert_mean_max,128,0.2234691046178341,0.26511700195260346,0.04164789733476937,0.04959976673126221,1.2816063392805959,1.3969034390493429,0.9055689740926027,1.8036789894104004,3.5018744886162585,5.319024249760985
qwen3_30b_a3b_moe,16,up_proj,-0.2,moe_expert_mean_max,128,0.2184829149628058,0.1769178513204679,-0.04156506364233792,-0.0376383513212204,0.8337139017628603,0.8793812664315513,-0.3733837679028511,-0.2181621789932251,2.5032808554439283,3.3287469759236648
qwen3_30b_a3b_moe,16,up_proj,-0.15,moe_expert_mean_max,128,0.2184829149628058,0.18743375106714666,-0.03104916389565915,-0.028102561831474304,0.8724494906310568,0.9080983898999309,-0.2864827327430248,-0.1662217378616333,2.5032808554439283,3.3287469759236648
qwen3_30b_a3b_moe,16,up_proj,-0.1,moe_expert_mean_max,128,0.2184829149628058,0.19786812970414758,-0.02061478525865823,-0.01864984631538391,0.9130163286254376,0.9377533339955001,-0.19542164914309978,-0.11258506774902344,2.5032808554439283,3.3287469759236648
qwen3_30b_a3b_moe,16,up_proj,-0.05,moe_expert_mean_max,128,0.2184829149628058,0.20821860304567963,-0.010264311917126179,-0.00928179919719696,0.955502388273436,0.9683766146329676,-0.09999821800738573,-0.057196974754333496,2.5032808554439283,3.3287469759236648
qwen3_30b_a3b_moe,16,up_proj,0.0,moe_expert_mean_max,128,0.2184829149628058,0.21848291519563645,2.3283064365386963e-10,1.4901161193847656e-08,0.9999999993209708,1.0,-1.862645149230957e-09,0.0,2.5032808554439283,3.3287469759236648
qwen3_30b_a3b_moe,16,up_proj,0.05,moe_expert_mean_max,128,0.2184829149628058,0.22865894250571728,0.01017602754291147,0.011596694588661194,1.046605980353528,1.0619743216277737,0.10479588434100151,0.18091320991516113,2.5032808554439283,3.3287469759236648
qwen3_30b_a3b_moe,16,up_proj,0.1,moe_expert_mean_max,128,0.2184829149628058,0.23874469776637852,0.020261782803572714,0.02309335768222809,1.095421868285255,1.1277896661480065,0.21462332736700773,0.3730044364929199,2.5032808554439283,3.3287469759236648
qwen3_30b_a3b_moe,16,up_proj,0.15,moe_expert_mean_max,128,0.2184829149628058,0.2487383148400113,0.03025539987720549,0.03448672592639923,1.1465541901218297,1.1976836975922265,0.32972783222794533,0.5769641399383545,2.5032808554439283,3.3287469759236648
qwen3_30b_a3b_moe,16,up_proj,0.2,moe_expert_mean_max,128,0.2184829149628058,0.2586380452848971,0.04015513032209128,0.045773908495903015,1.200114666850598,1.271909304022451,0.4503670334815979,0.7935254573822021,2.5032808554439283,3.3287469759236648
qwen3_30b_a3b_moe,17,down_proj,-0.2,moe_expert_mean_max,128,0.22292313654907048,0.18018537457101047,-0.04273776197806001,-0.03798756003379822,0.779197443934229,0.8389721226541886,-0.7117896238341928,-0.35807013511657715,3.5431415003116697,5.309209582535119
qwen3_30b_a3b_moe,17,down_proj,-0.15,moe_expert_mean_max,128,0.22292313654907048,0.19098035618662834,-0.031942780362442136,-0.028372466564178467,0.8292561772844108,0.8766185427028298,-0.5507448110729456,-0.27435755729675293,3.5431415003116697,5.309209582535119
qwen3_30b_a3b_moe,17,down_proj,-0.1,moe_expert_mean_max,128,0.22292313654907048,0.2017031661234796,-0.021219970425590873,-0.018835097551345825,0.8825943642824156,0.9159542031958435,-0.3789293561130762,-0.1868886947631836,3.5431415003116697,5.309209582535119
qwen3_30b_a3b_moe,17,down_proj,-0.05,moe_expert_mean_max,128,0.22292313654907048,0.21235149318818003,-0.010571643360890448,-0.009377047419548035,0.9394309962557026,0.9570549081950624,-0.19560938514769077,-0.09549498558044434,3.5431415003116697,5.309209582535119
qwen3_30b_a3b_moe,17,down_proj,0.0,moe_expert_mean_max,128,0.22292313654907048,0.2229231366654858,1.1641532182693481e-10,2.9802322387695312e-08,1.0000000047188058,1.0000000901169872,1.30385160446167e-08,2.384185791015625e-07,3.5431415003116697,5.309209582535119
qwen3_30b_a3b_moe,17,down_proj,0.05,moe_expert_mean_max,128,0.22292313654907048,0.23341601865831763,0.010492882109247148,0.012647032737731934,1.0645512168205917,1.0870549550129622,0.20873813889920712,0.3747682571411133,3.5431415003116697,5.309209582535119
qwen3_30b_a3b_moe,17,down_proj,0.1,moe_expert_mean_max,128,0.22292313654907048,0.24382819619495422,0.02090505964588374,0.0252225399017334,1.1333515039261706,1.1816884077558762,0.4315026719123125,0.7814803123474121,3.5431415003116697,5.309209582535119
qwen3_30b_a3b_moe,17,down_proj,0.15,moe_expert_mean_max,128,0.22292313654907048,0.2541578361997381,0.031234699650667608,0.03772294521331787,1.2066859937365153,1.284560409448361,0.6692538801580667,1.2228612899780273,3.5431415003116697,5.309209582535119
qwen3_30b_a3b_moe,17,down_proj,0.2,moe_expert_mean_max,128,0.22292313654907048,0.2644032270181924,0.04148009046912193,0.05014494061470032,1.2848592596946689,1.39638753626276,0.9230188019573689,1.701864242553711,3.5431415003116697,5.309209582535119
qwen3_30b_a3b_moe,17,up_proj,-0.2,moe_expert_mean_max,128,0.217892793007195,0.1764500781428069,-0.04144271486438811,-0.037745311856269836,0.8293531415617693,0.8754409492745971,-0.3939776523038745,-0.22245991230010986,2.572733796079645,4.064539044607686
qwen3_30b_a3b_moe,17,up_proj,-0.15,moe_expert_mean_max,128,0.217892793007195,0.1869351239874959,-0.030957669019699097,-0.028184309601783752,0.8690196363078087,0.9050449069082243,-0.30248434748500586,-0.1695878505706787,2.572733796079645,4.064539044607686
qwen3_30b_a3b_moe,17,up_proj,-0.1,moe_expert_mean_max,128,0.217892793007195,0.19733878911938518,-0.020554003887809813,-0.0187053382396698,0.9106182367254125,0.9356500071219357,-0.20647676475346088,-0.11492776870727539,2.572733796079645,4.064539044607686
qwen3_30b_a3b_moe,17,up_proj,-0.05,moe_expert_mean_max,128,0.217892793007195,0.20765874756034464,-0.01023404544685036,-0.009310021996498108,0.954244798617883,0.9672900240437082,-0.1057281019166112,-0.05841934680938721,2.572733796079645,4.064539044607686
qwen3_30b_a3b_moe,17,up_proj,0.0,moe_expert_mean_max,128,0.217892793007195,0.21789279324002564,2.3283064365386963e-10,1.4901161193847656e-08,0.9999999999783814,1.0000000865085727,0.0,2.384185791015625e-07,2.572733796079645,4.064539044607686
qwen3_30b_a3b_moe,17,up_proj,0.05,moe_expert_mean_max,128,0.217892793007195,0.22803886444307864,0.010146071435883641,0.012022286653518677,1.0479896568001448,1.072631547397725,0.11095821112394333,0.19154000282287598,2.572733796079645,4.064539044607686
qwen3_30b_a3b_moe,17,up_proj,0.1,moe_expert_mean_max,128,0.217892793007195,0.23809501063078642,0.020202217623591423,0.023957401514053345,1.0983249006046172,1.1505383807442504,0.2274099476635456,0.3950815200805664,2.572733796079645,4.064539044607686
qwen3_30b_a3b_moe,17,up_proj,0.15,moe_expert_mean_max,128,0.217892793007195,0.24805943376850337,0.030166640761308372,0.03580200672149658,1.1511225215426506,1.2341038282058823,0.349632210098207,0.6113767623901367,2.572733796079645,4.064539044607686
qwen3_30b_a3b_moe,17,up_proj,0.2,moe_expert_mean_max,128,0.217892793007195,0.2579304330283776,0.0400376400211826,0.04755315184593201,1.2065052141365988,1.3237386846972259,0.4779161661863327,0.8412244319915771,2.572733796079645,4.064539044607686
qwen3_30b_a3b_moe,18,down_proj,-0.2,moe_expert_mean_max,128,0.2270786875160411,0.1836222909623757,-0.0434563965536654,-0.03793957829475403,0.7623417959588799,0.8414787553820838,-0.8488168651238084,-0.3525439500808716,3.9444227100961604,5.989857360546182
qwen3_30b_a3b_moe,18,down_proj,-0.15,moe_expert_mean_max,128,0.2270786875160411,0.19460304302629083,-0.032475644489750266,-0.028334766626358032,0.8157718797730403,0.8785821283779836,-0.6583185894414783,-0.270027756690979,3.9444227100961604,5.989857360546182
qwen3_30b_a3b_moe,18,down_proj,-0.1,moe_expert_mean_max,128,0.2270786875160411,0.20550757518503815,-0.02157111233100295,-0.01880878210067749,0.8730052744207208,0.917321500494375,-0.45403536036610603,-0.18387317657470703,3.9444227100961604,5.989857360546182
qwen3_30b_a3b_moe,18,down_proj,-0.05,moe_expert_mean_max,128,0.2270786875160411,0.2163335238583386,-0.010745163657702506,-0.009363323450088501,0.9343164631426589,0.9577690205735694,-0.23495737835764885,-0.09391975402832031,3.9444227100961604,5.989857360546182
qwen3_30b_a3b_moe,18,down_proj,0.0,moe_expert_mean_max,128,0.2270786875160411,0.2270786875160411,0.0,0.0,0.9999999978363004,1.000000089337913,-7.450580596923828e-09,2.384185791015625e-07,3.9444227100961604,5.989857360546182
qwen3_30b_a3b_moe,18,down_proj,0.05,moe_expert_mean_max,128,0.2270786875160411,0.23774098872672766,0.010662301210686564,0.013251781463623047,1.070371982292941,1.0936311125545142,0.25200184620916843,0.46961069107055664,3.9444227100961604,5.989857360546182
qwen3_30b_a3b_moe,18,down_proj,0.1,moe_expert_mean_max,128,0.2270786875160411,0.24831848579924554,0.021239798283204436,0.02642384171485901,1.1457716524193355,1.1960289026265711,0.5222996938973665,0.9831910133361816,3.9444227100961604,5.989857360546182
qwen3_30b_a3b_moe,18,down_proj,0.15,moe_expert_mean_max,128,0.2270786875160411,0.25880939152557403,0.03173070400953293,0.03951132297515869,1.22656307766556,1.3080143163111484,0.812237910926342,1.544858455657959,3.9444227100961604,5.989857360546182
qwen3_30b_a3b_moe,18,down_proj,0.2,moe_expert_mean_max,128,0.2270786875160411,0.26921203592792153,0.042133348411880434,0.052509456872940063,1.3131369897584515,1.4304849276768832,1.123260660097003,2.1591148376464844,3.9444227100961604,5.989857360546182
qwen3_30b_a3b_moe,18,up_proj,-0.2,moe_expert_mean_max,128,0.2220710142282769,0.17994826438371092,-0.04212274984456599,-0.037477701902389526,0.8376752767062662,0.8773412350658628,-0.3531469078734517,-0.20764946937561035,2.451600306414205,4.232518218646697
qwen3_30b_a3b_moe,18,up_proj,-0.15,moe_expert_mean_max,128,0.2220710142282769,0.1906125919194892,-0.031458422308787704,-0.02798384428024292,0.8755452703065556,0.9065179082895309,-0.27088181022554636,-0.1582561731338501,2.451600306414205,4.232518218646697
qwen3_30b_a3b_moe,18,up_proj,-0.1,moe_expert_mean_max,128,0.2220710142282769,0.20118947105947882,-0.02088154316879809,-0.018571868538856506,0.915166651453385,0.9366649285390116,-0.18472981359809637,-0.10722017288208008,2.451600306414205,4.232518218646697
qwen3_30b_a3b_moe,18,up_proj,-0.05,moe_expert_mean_max,128,0.2220710142282769,0.2116763978265226,-0.01039461640175432,-0.009243413805961609,0.9566225083467124,0.967814476408702,-0.09450201224535704,-0.054486989974975586,2.451600306414205,4.232518218646697
qwen3_30b_a3b_moe,18,up_proj,0.0,moe_expert_mean_max,128,0.2220710142282769,0.22207101481035352,5.820766091346741e-10,2.9802322387695312e-08,1.0000000003414944,1.0000000830127727,0.0,2.384185791015625e-07,2.451600306414205,4.232518218646697
qwen3_30b_a3b_moe,18,up_proj,0.05,moe_expert_mean_max,128,0.2220710142282769,0.2323711080243811,0.010300093796104193,0.012629985809326172,1.0453905509890031,1.074805678739695,0.09898460563272238,0.23695874214172363,2.451600306414205,4.232518218646697
qwen3_30b_a3b_moe,18,up_proj,0.1,moe_expert_mean_max,128,0.2220710142282769,0.2425746078370139,0.020503593608736992,0.02517220377922058,1.0928900542484403,1.1552071986119044,0.20267065335065126,0.49164319038391113,2.451600306414205,4.232518218646697
qwen3_30b_a3b_moe,18,up_proj,0.15,moe_expert_mean_max,128,0.2220710142282769,0.25267959071788937,0.03060857648961246,0.03762218356132507,1.142599126398241,1.241623267354939,0.311288058757782,0.7653796672821045,2.451600306414205,4.232518218646697
qwen3_30b_a3b_moe,18,up_proj,0.2,moe_expert_mean_max,128,0.2220710142282769,0.26268426061142236,0.04061324638314545,0.04997566342353821,1.1946232969406534,1.334503677786369,0.4250782812014222,1.0595929622650146,2.451600306414205,4.232518218646697
qwen3_30b_a3b_moe,19,down_proj,-0.2,moe_expert_mean_max,128,0.23347671329975128,0.18872742028906941,-0.04474929301068187,-0.03931787610054016,0.7626783863202349,0.8182398730907615,-0.8440082464367151,-0.4700357913970947,3.9258679080926773,5.042906387623464
qwen3_30b_a3b_moe,19,down_proj,-0.15,moe_expert_mean_max,128,0.23347671329975128,0.20003400009591132,-0.03344271320383996,-0.0293743759393692,0.8160552949755376,0.8603208650732288,-0.6544496417045593,-0.36127424240112305,3.9258679080926773,5.042906387623464
qwen3_30b_a3b_moe,19,down_proj,-0.1,moe_expert_mean_max,128,0.23347671329975128,0.21126286778599024,-0.022213845513761044,-0.019505873322486877,0.8732169084071078,0.9045661414143473,-0.4512670747935772,-0.246873140335083,3.9258679080926773,5.042906387623464
qwen3_30b_a3b_moe,19,down_proj,-0.05,moe_expert_mean_max,128,0.23347671329975128,0.2224112959811464,-0.011065417318604887,-0.009713903069496155,0.9344347301114684,0.9510867913692838,-0.23347120732069016,-0.12655067443847656,3.9258679080926773,5.042906387623464
qwen3_30b_a3b_moe,19,down_proj,0.0,moe_expert_mean_max,128,0.23347671329975128,0.23347671329975128,0.0,0.0,0.9999999950485892,1.0000000784552106,-1.862645149230957e-08,2.384185791015625e-07,3.9258679080926773,5.042906387623464
qwen3_30b_a3b_moe,19,down_proj,0.05,moe_expert_mean_max,128,0.23347671329975128,0.24445669446140528,0.010979981161653996,0.013077199459075928,1.0702250275755707,1.0842614619827742,0.25028626434504986,0.3615860939025879,3.9258679080926773,5.042906387623464
qwen3_30b_a3b_moe,19,down_proj,0.1,moe_expert_mean_max,128,0.23347671329975128,0.255348956794478,0.021872243494726717,0.026063233613967896,1.1454448642322759,1.1756229678463441,0.5186111908406019,0.7536401748657227,3.9258679080926773,5.042906387623464
qwen3_30b_a3b_moe,19,down_proj,0.15,moe_expert_mean_max,128,0.23347671329975128,0.2661513654747978,0.032674652175046504,0.03895500302314758,1.2260188582527674,1.274682780960157,0.8062881045043468,1.17872953414917,3.9258679080926773,5.042906387623464
qwen3_30b_a3b_moe,19,down_proj,0.2,moe_expert_mean_max,128,0.23347671329975128,0.2768619228154421,0.043385209515690804,0.05174925923347473,1.3123324564439764,1.3820893903702933,1.1147267147898674,1.6396369934082031,3.9258679080926773,5.042906387623464
qwen3_30b_a3b_moe,19,up_proj,-0.2,moe_expert_mean_max,128,0.22309466905426234,0.18076584464870393,-0.04232882440555841,-0.03917376697063446,0.8362510413582722,0.8702456022159731,-0.36105041950941086,-0.23795771598815918,2.4643815658701893,3.956664125803334
qwen3_30b_a3b_moe,19,up_proj,-0.15,moe_expert_mean_max,128,0.22309466905426234,0.1914820846868679,-0.03161258436739445,-0.029259800910949707,0.8744452182386425,0.9010136609338271,-0.27691887598484755,-0.1815319061279297,2.4643815658701893,3.956664125803334
qwen3_30b_a3b_moe,19,up_proj,-0.1,moe_expert_mean_max,128,0.22309466905426234,0.20211064408067614,-0.0209840249735862,-0.019424930214881897,0.9144116271435706,0.9328695423363883,-0.18882821407169104,-0.12311112880706787,2.4643815658701893,3.956664125803334
qwen3_30b_a3b_moe,19,up_proj,-0.05,moe_expert_mean_max,128,0.22309466905426234,0.21264897321816534,-0.010445695836097002,-0.009671077132225037,0.9562339758878472,0.9658517281105017,-0.0965883806347847,-0.06262481212615967,2.4643815658701893,3.956664125803334
qwen3_30b_a3b_moe,19,up_proj,0.0,moe_expert_mean_max,128,0.22309466905426234,0.22309466905426234,0.0,1.4901161193847656e-08,0.9999999987379079,1.0,-3.725290298461914e-09,0.0,2.4643815658701893,3.956664125803334
qwen3_30b_a3b_moe,19,up_proj,0.05,moe_expert_mean_max,128,0.22309466905426234,0.23344548174645752,0.010350812692195177,0.012537062168121338,1.0458016860028425,1.0711899076797229,0.10114614013582468,0.22856640815734863,2.4643815658701893,3.956664125803334
qwen3_30b_a3b_moe,19,up_proj,0.1,moe_expert_mean_max,128,0.22309466905426234,0.2436992870643735,0.020604618010111153,0.02497723698616028,1.0937354714840644,1.1474476859435445,0.20706957206130028,0.4733133316040039,2.4643815658701893,3.956664125803334
qwen3_30b_a3b_moe,19,up_proj,0.15,moe_expert_mean_max,128,0.22309466905426234,0.2538541267858818,0.030759457731619477,0.037317097187042236,1.1439024211743691,1.2291343678694453,0.31800057273358107,0.7353863716125488,2.4643815658701893,3.956664125803334
qwen3_30b_a3b_moe,19,up_proj,0.2,moe_expert_mean_max,128,0.22309466905426234,0.2639081705128774,0.040813501458615065,0.04955306649208069,1.196408515923156,1.3166364284637186,0.4341808306053281,1.0160119533538818,2.4643815658701893,3.956664125803334
qwen3_30b_a3b_moe,20,down_proj,-0.2,moe_expert_mean_max,128,0.2389002381823957,0.19291776046156883,-0.045982477720826864,-0.03828984498977661,0.7653131174264107,0.839912047191549,-0.8321671197190881,-0.36080610752105713,3.8814920308751066,5.468479685760723
qwen3_30b_a3b_moe,20,down_proj,-0.15,moe_expert_mean_max,128,0.2389002381823957,0.20452870265580714,-0.03437153552658856,-0.028600603342056274,0.8181383760759701,0.8773549592333477,-0.6452403161674738,-0.27642881870269775,3.8814920308751066,5.468479685760723
qwen3_30b_a3b_moe,20,down_proj,-0.1,moe_expert_mean_max,128,0.2389002381823957,0.21606481133494526,-0.022835426847450435,-0.01898808777332306,0.8746806591361832,0.9164671432107692,-0.4449005424976349,-0.18828225135803223,3.8814920308751066,5.468479685760723
qwen3_30b_a3b_moe,20,down_proj,-0.05,moe_expert_mean_max,128,0.2389002381823957,0.22752297879196703,-0.011377259390428662,-0.009454011917114258,0.9352060453155555,0.957322934674489,-0.230170376598835,-0.09619784355163574,3.8814920308751066,5.468479685760723
qwen3_30b_a3b_moe,20,down_proj,0.0,moe_expert_mean_max,128,0.2389002381823957,0.23890023888088763,6.984919309616089e-10,2.9802322387695312e-08,0.9999999979483476,1.0000001095668036,-5.587935447692871e-09,4.76837158203125e-07,3.8814920308751066,5.468479685760723
qwen3_30b_a3b_moe,20,down_proj,0.05,moe_expert_mean_max,128,0.2389002381823957,0.2501937708584592,0.011293532676063478,0.013201802968978882,1.0693687300957595,1.0886627868123335,0.2467379178851843,0.41121339797973633,3.8814920308751066,5.468479685760723
qwen3_30b_a3b_moe,20,down_proj,0.1,moe_expert_mean_max,128,0.2389002381823957,0.2614008883247152,0.0225006501423195,0.026289910078048706,1.1436407815996408,1.1851864836638777,0.511254295706749,0.8588852882385254,3.8814920308751066,5.468479685760723
qwen3_30b_a3b_moe,20,down_proj,0.15,moe_expert_mean_max,128,0.2389002381823957,0.2725190609926358,0.03361882281024009,0.03926032781600952,1.2231686469280465,1.2902682593768229,0.79484973102808,1.3462491035461426,3.8814920308751066,5.468479685760723
qwen3_30b_a3b_moe,20,down_proj,0.2,moe_expert_mean_max,128,0.2389002381823957,0.28354591014795005,0.04464567196555436,0.052109479904174805,1.3083305112875732,1.404666867218795,1.0989211779087782,1.876823902130127,3.8814920308751066,5.468479685760723
qwen3_30b_a3b_moe,20,up_proj,-0.2,moe_expert_mean_max,128,0.22545590461231768,0.18257772095967084,-0.04287818365264684,-0.037649303674697876,0.8280379174623629,0.8758768233152192,-0.4108539680019021,-0.22027087211608887,2.601075151055088,4.626146696284875
qwen3_30b_a3b_moe,20,up_proj,-0.15,moe_expert_mean_max,128,0.22545590461231768,0.19342851941473782,-0.03202738519757986,-0.028112322092056274,0.8679711923406424,0.9053828519446848,-0.31559564266353846,-0.16790902614593506,2.601075151055088,4.626146696284875
qwen3_30b_a3b_moe,20,up_proj,-0.1,moe_expert_mean_max,128,0.22545590461231768,0.20419356029015034,-0.021262344322167337,-0.018657401204109192,0.9098753455684419,0.9358829321848963,-0.2155350400134921,-0.11378312110900879,2.601075151055088,4.626146696284875
qwen3_30b_a3b_moe,20,up_proj,-0.05,moe_expert_mean_max,128,0.22545590461231768,0.21487019723281264,-0.010585707379505038,-0.009286150336265564,0.9538500135088608,0.9674104498751928,-0.11042371112853289,-0.05783390998840332,2.601075151055088,4.626146696284875
qwen3_30b_a3b_moe,20,up_proj,0.0,moe_expert_mean_max,128,0.22545590461231768,0.22545590461231768,0.0,0.0,1.0000000024512983,1.0000000842796959,7.450580596923828e-09,2.384185791015625e-07,2.601075151055088,4.626146696284875
qwen3_30b_a3b_moe,20,up_proj,0.05,moe_expert_mean_max,128,0.22545590461231768,0.2359483294421807,0.010492424829863012,0.01249164342880249,1.0484355713946267,1.0795953117444141,0.11601174157112837,0.30570411682128906,2.601075151055088,4.626146696284875
qwen3_30b_a3b_moe,20,up_proj,0.1,moe_expert_mean_max,128,0.22545590461231768,0.24634524923749268,0.020889344625175,0.024867475032806396,1.0992727119652843,1.1655258892594849,0.2379018310457468,0.6357402801513672,2.601075151055088,4.626146696284875
qwen3_30b_a3b_moe,20,up_proj,0.15,moe_expert_mean_max,128,0.22545590461231768,0.2566445814445615,0.0311886768322438,0.03712388873100281,1.152633470108997,1.2582961651082394,0.36597615014761686,0.9920458793640137,2.601075151055088,4.626146696284875
qwen3_30b_a3b_moe,20,up_proj,0.2,moe_expert_mean_max,128,0.22545590461231768,0.266844394383952,0.04138848977163434,0.049257367849349976,1.208646208145685,1.3584506731871684,0.500556843355298,1.3767123222351074,2.601075151055088,4.626146696284875
qwen3_30b_a3b_moe,21,down_proj,-0.2,moe_expert_mean_max,128,0.23641129792667925,0.19101865938864648,-0.04539263853803277,-0.037670716643333435,0.778745824677466,0.8740296400617832,-0.7275900626555085,-0.23136115074157715,3.5732197420365517,5.336818100827498
qwen3_30b_a3b_moe,21,down_proj,-0.15,moe_expert_mean_max,128,0.23641129792667925,0.20248627220280468,-0.03392502572387457,-0.028136655688285828,0.8288621415475989,0.9039504223561791,-0.5631766235455871,-0.17640769481658936,3.5732197420365517,5.336818100827498
qwen3_30b_a3b_moe,21,down_proj,-0.1,moe_expert_mean_max,128,0.23641129792667925,0.21387628803495318,-0.022535009891726077,-0.018679097294807434,0.8822912715502021,0.9348955586639989,-0.3876293692737818,-0.11957287788391113,3.5732197420365517,5.336818100827498
qwen3_30b_a3b_moe,21,down_proj,-0.05,moe_expert_mean_max,128,0.23641129792667925,0.22518560837488621,-0.011225689551793039,-0.009299680590629578,0.9392573358521324,0.9668999686696438,-0.2001785570755601,-0.06079256534576416,3.5732197420365517,5.336818100827498
qwen3_30b_a3b_moe,21,down_proj,0.0,moe_expert_mean_max,128,0.23641129792667925,0.2364112981595099,2.3283064365386963e-10,2.9802322387695312e-08,1.0000000085234226,1.0000000862740936,2.7939677238464355e-08,2.384185791015625e-07,3.5732197420365517,5.336818100827498
qwen3_30b_a3b_moe,21,down_proj,0.05,moe_expert_mean_max,128,0.23641129792667925,0.24755056109279394,0.011139263166114688,0.013410598039627075,1.064775491301446,1.0873369764503193,0.21378856804221869,0.40227460861206055,3.5732197420365517,5.336818100827498
qwen3_30b_a3b_moe,21,down_proj,0.1,moe_expert_mean_max,128,0.23641129792667925,0.25860073836520314,0.02218944043852389,0.026722729206085205,1.133857747349315,1.1823014745906981,0.442131576128304,0.8396816253662109,3.5732197420365517,5.336818100827498
qwen3_30b_a3b_moe,21,down_proj,0.15,moe_expert_mean_max,128,0.23641129792667925,0.2695593297248706,0.03314803179819137,0.03993093967437744,1.2075397464069084,1.2855600924851758,0.6860404135659337,1.315291404724121,3.5732197420365517,5.336818100827498
qwen3_30b_a3b_moe,21,down_proj,0.2,moe_expert_mean_max,128,0.23641129792667925,0.2804239625111222,0.04401266458444297,0.05302971601486206,1.2861347453792442,1.3978367810984715,0.9465978117659688,1.8324384689331055,3.5732197420365517,5.336818100827498
qwen3_30b_a3b_moe,21,up_proj,-0.2,moe_expert_mean_max,128,0.22433576988987625,0.1816634979331866,-0.042672271956689656,-0.03724662959575653,0.8308613156529678,0.8816628447195564,-0.4116229871287942,-0.2094285488128662,2.579802668079497,7.148023255634292
qwen3_30b_a3b_moe,21,up_proj,-0.15,moe_expert_mean_max,128,0.22433576988987625,0.1924615855095908,-0.03187418438028544,-0.027810782194137573,0.8701514209628969,0.9098648267433374,-0.31632209289819,-0.15951776504516602,2.579802668079497,7.148023255634292
qwen3_30b_a3b_moe,21,up_proj,-0.1,moe_expert_mean_max,128,0.22433576988987625,0.2031747173750773,-0.02116105251479894,-0.01845666766166687,0.9113710664014532,0.938969014611235,-0.21613131277263165,-0.10801029205322266,2.579802668079497,7.148023255634292
qwen3_30b_a3b_moe,21,up_proj,-0.05,moe_expert_mean_max,128,0.22433576988987625,0.21380026964470744,-0.010535500245168805,-0.009185925126075745,0.9546191745819612,0.9690041705970617,-0.11078452877700329,-0.05485522747039795,2.579802668079497,7.148023255634292
qwen3_30b_a3b_moe,21,up_proj,0.0,moe_expert_mean_max,128,0.22433576988987625,0.2243357702391222,3.4924596548080444e-10,2.9802322387695312e-08,1.0000000007655065,1.0000000875689485,3.725290298461914e-09,4.76837158203125e-07,2.579802668079497,7.148023255634292
qwen3_30b_a3b_moe,21,up_proj,0.05,moe_expert_mean_max,128,0.22433576988987625,0.23477888118941337,0.010443111299537122,0.012707293033599854,1.0476234808585192,1.103339874894702,0.1165207214653492,0.6269049644470215,2.579802668079497,7.148023255634292
qwen3_30b_a3b_moe,21,up_proj,0.1,moe_expert_mean_max,128,0.22433576988987625,0.24512740841601044,0.020791638526134193,0.025315433740615845,1.0976055380222933,1.217358762916256,0.23909381963312626,1.3185935020446777,2.579802668079497,7.148023255634292
qwen3_30b_a3b_moe,21,up_proj,0.15,moe_expert_mean_max,128,0.22433576988987625,0.25537931045982987,0.03104354056995362,0.03781971335411072,1.1500683992467986,1.3431606360607953,0.3680543452501297,2.0817627906799316,2.579802668079497,7.148023255634292
qwen3_30b_a3b_moe,21,up_proj,0.2,moe_expert_mean_max,128,0.22433576988987625,0.26553267310373485,0.041196903213858604,0.05021604895591736,1.205141043881142,1.4819624181050464,0.5037575755268335,2.923795223236084,2.579802668079497,7.148023255634292
qwen3_30b_a3b_moe,22,down_proj,-0.2,moe_expert_mean_max,128,0.24077228421811014,0.1943338664714247,-0.046438417746685445,-0.03770481050014496,0.7703043216611336,0.8488622124999677,-0.7877360265702009,-0.3213156461715698,3.792254182298904,9.818139720100005
qwen3_30b_a3b_moe,22,down_proj,-0.15,moe_expert_mean_max,128,0.24077228421811014,0.20605634013190866,-0.03471594408620149,-0.02816261351108551,0.8221023440599741,0.8843575624489809,-0.6107017295435071,-0.24585330486297607,3.792254182298904,9.818139720100005
qwen3_30b_a3b_moe,22,down_proj,-0.1,moe_expert_mean_max,128,0.24077228421811014,0.21770574583206326,-0.023066538386046886,-0.018696650862693787,0.8774783742115869,0.9213372122168008,-0.42103358916938305,-0.1672353744506836,3.792254182298904,9.818139720100005
qwen3_30b_a3b_moe,22,down_proj,-0.05,moe_expert_mean_max,128,0.24077228421811014,0.22927878354676068,-0.011493500671349466,-0.00930856168270111,0.9366866345063543,0.959863066038249,-0.2178004700690508,-0.08533024787902832,3.792254182298904,9.818139720100005
qwen3_30b_a3b_moe,22,down_proj,0.0,moe_expert_mean_max,128,0.24077228421811014,0.2407722835196182,-6.984919309616089e-10,0.0,1.0000000007758376,1.0000001103037124,5.587935447692871e-09,4.76837158203125e-07,3.792254182298904,9.818139720100005
qwen3_30b_a3b_moe,22,down_proj,0.05,moe_expert_mean_max,128,0.24077228421811014,0.25218320661224425,0.011410922394134104,0.016283541917800903,1.0677113608272217,1.1209893144724272,0.23344696126878262,0.8623437881469727,3.792254182298904,9.818139720100005
qwen3_30b_a3b_moe,22,down_proj,0.1,moe_expert_mean_max,128,0.24077228421811014,0.26350867352448404,0.022736389306373894,0.03249526023864746,1.1401351751433408,1.2566169721394873,0.4837025161832571,1.8290214538574219,3.792254182298904,9.818139720100005
qwen3_30b_a3b_moe,22,down_proj,0.15,moe_expert_mean_max,128,0.24077228421811014,0.2747459204401821,0.033973636222071946,0.04862603545188904,1.2176091089785135,1.408654126626044,0.7520184013992548,2.912656784057617,3.792254182298904,9.818139720100005
qwen3_30b_a3b_moe,22,down_proj,0.2,moe_expert_mean_max,128,0.24077228421811014,0.285892337677069,0.045120053458958864,0.06466645002365112,1.3004957695549957,1.5790861505607694,1.0397430453449488,4.1274003982543945,3.792254182298904,9.818139720100005
qwen3_30b_a3b_moe,22,up_proj,-0.2,moe_expert_mean_max,128,0.22905882529448718,0.1853644901420921,-0.04369433515239507,-0.037296220660209656,0.8231641231952301,0.8800024696412933,-0.4464876903221011,-0.21639907360076904,2.7094516626941214,5.043191242890857
qwen3_30b_a3b_moe,22,up_proj,-0.15,moe_expert_mean_max,128,0.22905882529448718,0.19641706836409867,-0.03264175693038851,-0.02784876525402069,0.864074611500899,0.9085794452733504,-0.3434601482003927,-0.1648644208908081,2.7094516626941214,5.043191242890857
qwen3_30b_a3b_moe,22,up_proj,-0.1,moe_expert_mean_max,128,0.22905882529448718,0.2073855868075043,-0.021673238486982882,-0.018482565879821777,0.9071067313351108,0.9380844534031373,-0.23491077218204737,-0.11165618896484375,2.7094516626941214,5.043191242890857
qwen3_30b_a3b_moe,22,up_proj,-0.05,moe_expert_mean_max,128,0.22905882529448718,0.21826710540335625,-0.010791719891130924,-0.009199097752571106,0.9523749184454535,0.9685476374040395,-0.12053235061466694,-0.05672001838684082,2.7094516626941214,5.043191242890857
qwen3_30b_a3b_moe,22,up_proj,0.0,moe_expert_mean_max,128,0.22905882529448718,0.22905882552731782,2.3283064365386963e-10,2.9802322387695312e-08,1.0000000005321228,1.0000000780766352,2.7939677238464355e-09,2.384185791015625e-07,2.7094516626941214,5.043191242890857
qwen3_30b_a3b_moe,22,up_proj,0.05,moe_expert_mean_max,128,0.22905882529448718,0.23975810408592224,0.010699278791435063,0.014997214078903198,1.0501095977241843,1.0842646758494305,0.12702997215092182,0.32886338233947754,2.7094516626941214,5.043191242890857
qwen3_30b_a3b_moe,22,up_proj,0.1,moe_expert_mean_max,128,0.22905882529448718,0.2503624412929639,0.021303615998476744,0.029868513345718384,1.1028384635250819,1.1756297813998176,0.26092103496193886,0.6854379177093506,2.7094516626941214,5.043191242890857
qwen3_30b_a3b_moe,22,up_proj,0.15,moe_expert_mean_max,128,0.22905882529448718,0.2608694813679904,0.031810656073503196,0.04460477828979492,1.1583289399913321,1.2746936932088262,0.40205774549394846,1.072058916091919,2.7094516626941214,5.043191242890857
qwen3_30b_a3b_moe,22,up_proj,0.2,moe_expert_mean_max,128,0.22905882529448718,0.27127701276913285,0.042218187474645674,0.05919736623764038,1.21673140679236,1.3821051870847674,0.5508470050990582,1.4912583827972412,2.7094516626941214,5.043191242890857
qwen3_30b_a3b_moe,23,down_proj,-0.2,moe_expert_mean_max,128,0.2391075964551419,0.19317089673131704,-0.04593669972382486,-0.03795607388019562,0.7829842350821827,0.8661366309852879,-0.6801776848733425,-0.2555497884750366,3.488296864418321,6.2926970657803825
qwen3_30b_a3b_moe,23,down_proj,-0.15,moe_expert_mean_max,128,0.2391075964551419,0.20477600360754877,-0.03433159284759313,-0.02834707498550415,0.8322342413680751,0.8978211258523873,-0.5262505561113358,-0.19506299495697021,3.488296864418321,6.2926970657803825
qwen3_30b_a3b_moe,23,down_proj,-0.1,moe_expert_mean_max,128,0.2391075964551419,0.21630265668500215,-0.022804939770139754,-0.018817022442817688,0.8846758157094056,0.9306645963299189,-0.36205668933689594,-0.1323636770248413,3.488296864418321,6.2926970657803825
qwen3_30b_a3b_moe,23,down_proj,-0.05,moe_expert_mean_max,128,0.2391075964551419,0.22774756944272667,-0.01136002701241523,-0.009367480874061584,0.9405218892255734,0.9647096297759817,-0.18689133133739233,-0.06737053394317627,3.488296864418321,6.2926970657803825
qwen3_30b_a3b_moe,23,down_proj,0.0,moe_expert_mean_max,128,0.2391075964551419,0.23910759727004915,8.149072527885437e-10,5.960464477539063e-08,1.0000000006044067,1.0000000862042882,0.0,2.384185791015625e-07,3.488296864418321,6.2926970657803825
qwen3_30b_a3b_moe,23,down_proj,0.05,moe_expert_mean_max,128,0.2391075964551419,0.2503797394456342,0.011272142990492284,0.01470947265625,1.063353359611319,1.0963313169725533,0.19942520651966333,0.4603548049926758,3.488296864418321,6.2926970657803825
qwen3_30b_a3b_moe,23,down_proj,0.1,moe_expert_mean_max,128,0.2391075964551419,0.26156114507466555,0.022453548619523644,0.02928408980369568,1.1308419075317522,1.201942403604225,0.41224935464560986,0.9650564193725586,3.488296864418321,6.2926970657803825
qwen3_30b_a3b_moe,23,down_proj,0.15,moe_expert_mean_max,128,0.2391075964551419,0.2726491098292172,0.033541513374075294,0.0437164306640625,1.2027435383616647,1.3177271918145013,0.6393989361822605,1.5183768272399902,3.488296864418321,6.2926970657803825
qwen3_30b_a3b_moe,23,down_proj,0.2,moe_expert_mean_max,128,0.2391075964551419,0.2836410776944831,0.0445334812393412,0.05799931287765503,1.279355308127426,1.4446656241618452,0.8818661775439978,2.1249990463256836,3.488296864418321,6.2926970657803825
qwen3_30b_a3b_moe,23,up_proj,-0.2,moe_expert_mean_max,128,0.2286662304541096,0.18507261760532856,-0.04359361284878105,-0.03717775642871857,0.8231326996993811,0.8783865549141034,-0.44250707421451807,-0.21690988540649414,2.7122519763007573,4.797453789417343
qwen3_30b_a3b_moe,23,up_proj,-0.15,moe_expert_mean_max,128,0.2286662304541096,0.19610076618846506,-0.03256546426564455,-0.0277596116065979,0.8640482799467673,0.9073279095848115,-0.340425874106586,-0.16530120372772217,2.7122519763007573,4.797453789417343
qwen3_30b_a3b_moe,23,up_proj,-0.1,moe_expert_mean_max,128,0.2286662304541096,0.20704432646743953,-0.021621903986670077,-0.01842290163040161,0.9070870214345624,0.9372228355998738,-0.2328557213768363,-0.11198461055755615,2.7122519763007573,4.797453789417343
qwen3_30b_a3b_moe,23,up_proj,-0.05,moe_expert_mean_max,128,0.2286662304541096,0.2179003997007385,-0.01076583075337112,-0.009169250726699829,0.9523637970176557,0.9681026861374294,-0.11948899459093809,-0.056903719902038574,2.7122519763007573,4.797453789417343
qwen3_30b_a3b_moe,23,up_proj,0.0,moe_expert_mean_max,128,0.2286662304541096,0.22866623057052493,1.1641532182693481e-10,2.9802322387695312e-08,1.0000000011260344,1.0000000875154562,3.725290298461914e-09,2.384185791015625e-07,2.7122519763007573,4.797453789417343
qwen3_30b_a3b_moe,23,up_proj,0.05,moe_expert_mean_max,128,0.2286662304541096,0.2393392021767795,0.0106729717226699,0.014629095792770386,1.050123866642086,1.0815599000795137,0.1259559476748109,0.32122111320495605,2.7122519763007573,4.797453789417343
qwen3_30b_a3b_moe,23,up_proj,0.1,moe_expert_mean_max,128,0.2286662304541096,0.24991685582790524,0.02125062537379563,0.029150396585464478,1.1028708335458184,1.169771661772847,0.2587435897439718,0.6686403751373291,2.7122519763007573,4.797453789417343
qwen3_30b_a3b_moe,23,up_proj,0.15,moe_expert_mean_max,128,0.2286662304541096,0.2603968771873042,0.03173064673319459,0.04355591535568237,1.1583841215161066,1.2651779890411938,0.3987493459135294,1.0443952083587646,2.7122519763007573,4.797453789417343
qwen3_30b_a3b_moe,23,up_proj,0.2,moe_expert_mean_max,128,0.2286662304541096,0.2707770833512768,0.042110852897167206,0.05783775448799133,1.2168150049869015,1.3683657164857603,0.546382138505578,1.4507968425750732,2.7122519763007573,4.797453789417343
qwen3_30b_a3b_moe,24,down_proj,-0.2,moe_expert_mean_max,128,0.23950204625725746,0.19341118424199522,-0.046090862015262246,-0.03777548670768738,0.7825326771595942,0.8658141815497299,-0.7040782235562801,-0.2549666166305542,3.551077191859041,8.260559955255458
qwen3_30b_a3b_moe,24,down_proj,-0.15,moe_expert_mean_max,128,0.23950204625725746,0.20505173038691282,-0.03445031587034464,-0.028207510709762573,0.8318045635192797,0.8975704117702749,-0.545294233597815,-0.1946265697479248,3.551077191859041,8.260559955255458
qwen3_30b_a3b_moe,24,down_proj,-0.1,moe_expert_mean_max,128,0.23950204625725746,0.21661594545003027,-0.022886100807227194,-0.018721207976341248,0.8843214344839718,0.9304913802779223,-0.3755566105246544,-0.13207340240478516,3.551077191859041,8.260559955255458
qwen3_30b_a3b_moe,24,down_proj,-0.05,moe_expert_mean_max,128,0.23950204625725746,0.22810046281665564,-0.011401583440601826,-0.009318187832832336,0.9403067326094479,0.9646198119190778,-0.19407514110207558,-0.06722593307495117,3.551077191859041,8.260559955255458
qwen3_30b_a3b_moe,24,down_proj,0.0,moe_expert_mean_max,128,0.23950204625725746,0.23950204602442682,-2.3283064365386963e-10,2.9802322387695312e-08,1.0000000084630145,1.000000103461362,2.9802322387695312e-08,4.76837158203125e-07,3.551077191859041,8.260559955255458
qwen3_30b_a3b_moe,24,down_proj,0.05,moe_expert_mean_max,128,0.23950204625725746,0.2508176228730008,0.011315576615743339,0.016202419996261597,1.0636580799517732,1.1113490707227414,0.20758293010294437,0.6493015289306641,3.551077191859041,8.260559955255458
qwen3_30b_a3b_moe,24,down_proj,0.1,moe_expert_mean_max,128,0.23950204625725746,0.2620442461920902,0.022542199934832752,0.03228834271430969,1.1315563569359108,1.2350967367151073,0.4296568976715207,1.3709020614624023,3.551077191859041,8.260559955255458
qwen3_30b_a3b_moe,24,down_proj,0.15,moe_expert_mean_max,128,0.23950204625725746,0.2731791223632172,0.03367707610595971,0.04824748635292053,1.203990231723671,1.3726234908168033,0.6672800006344914,2.1728515625,3.551077191859041,8.260559955255458
qwen3_30b_a3b_moe,24,down_proj,0.2,moe_expert_mean_max,128,0.23950204625725746,0.28421959886327386,0.0447175526060164,0.06406977772712708,1.281276627040536,1.5254637227710013,0.921591061167419,3.0640974044799805,3.551077191859041,8.260559955255458
qwen3_30b_a3b_moe,24,up_proj,-0.2,moe_expert_mean_max,128,0.22848131728824228,0.18491027678828686,-0.043571040499955416,-0.0370083749294281,0.8258756116792977,0.8814880402052548,-0.43171064369380474,-0.2128816843032837,2.6687539887346476,5.05662661676684
qwen3_30b_a3b_moe,24,up_proj,-0.15,moe_expert_mean_max,128,0.22848131728824228,0.1959324989002198,-0.03254881838802248,-0.027633443474769592,0.8662043112540169,0.9097295813013054,-0.33200597018003464,-0.16215300559997559,2.6687539887346476,5.05662661676684
qwen3_30b_a3b_moe,24,up_proj,-0.1,moe_expert_mean_max,128,0.22848131728824228,0.20687035901937634,-0.021610958268865943,-0.018339380621910095,0.9085935860968061,0.9388759145154884,-0.22701707482337952,-0.10979819297790527,2.6687539887346476,5.05662661676684
qwen3_30b_a3b_moe,24,up_proj,-0.05,moe_expert_mean_max,128,0.22848131728824228,0.21772090205922723,-0.010760415229015052,-0.00912773609161377,0.9531534330743574,0.9689560864608994,-0.11645153909921646,-0.05576515197753906,2.6687539887346476,5.05662661676684
qwen3_30b_a3b_moe,24,up_proj,0.0,moe_expert_mean_max,128,0.22848131728824228,0.22848131763748825,3.4924596548080444e-10,2.9802322387695312e-08,0.9999999969770653,1.000000087504689,-9.313225746154785e-09,2.384185791015625e-07,2.6687539887346476,5.05662661676684
qwen3_30b_a3b_moe,24,up_proj,0.05,moe_expert_mean_max,128,0.22848131728824228,0.23914894449990243,0.010667627211660147,0.01459568738937378,1.0492558994071504,1.0844088462773134,0.12266472727060318,0.33545804023742676,2.6687539887346476,5.05662661676684
qwen3_30b_a3b_moe,24,up_proj,0.1,moe_expert_mean_max,128,0.22848131728824228,0.2497212664457038,0.021239949157461524,0.029040038585662842,1.1010506204707882,1.1759424652542623,0.25188884418457747,0.6992313861846924,2.6687539887346476,5.05662661676684
qwen3_30b_a3b_moe,24,up_proj,0.15,moe_expert_mean_max,128,0.22848131728824228,0.26019591733347625,0.031714600045233965,0.043367475271224976,1.1555208875030736,1.2752023918858353,0.38803859893232584,1.0937106609344482,2.6687539887346476,5.05662661676684
qwen3_30b_a3b_moe,24,up_proj,0.2,moe_expert_mean_max,128,0.22848131728824228,0.27057067153509706,0.04208935424685478,0.057560473680496216,1.2128111057520152,1.3828407339770303,0.5315015520900488,1.5214874744415283,2.6687539887346476,5.05662661676684
qwen3_30b_a3b_moe,25,down_proj,-0.2,moe_expert_mean_max,128,0.23580663627944887,0.19060101814102381,-0.04520561813842505,-0.03756505250930786,0.7879555974381283,0.8508545755158767,-0.6631057765334845,-0.31352853775024414,3.3877694536936533,8.657121909116976
qwen3_30b_a3b_moe,25,down_proj,-0.15,moe_expert_mean_max,128,0.23580663627944887,0.20202508952934295,-0.03378154675010592,-0.028054431080818176,0.8361909546422899,0.8859139021037014,-0.5127994874492288,-0.2398279905319214,3.3877694536936533,8.657121909116976
qwen3_30b_a3b_moe,25,down_proj,-0.1,moe_expert_mean_max,128,0.23580663627944887,0.21336941665504128,-0.02243721962440759,-0.018622353672981262,0.8874748928505795,0.9224178037151789,-0.35263645835220814,-0.16309070587158203,3.3877694536936533,8.657121909116976
qwen3_30b_a3b_moe,25,down_proj,-0.05,moe_expert_mean_max,128,0.23580663627944887,0.22463091311510652,-0.011175723164342344,-0.00927037000656128,0.942006891065628,0.9604258802698294,-0.18194367364048958,-0.0831913948059082,3.3877694536936533,8.657121909116976
qwen3_30b_a3b_moe,25,down_proj,0.0,moe_expert_mean_max,128,0.23580663627944887,0.23580663686152548,5.820766091346741e-10,2.9802322387695312e-08,1.00000000645509,1.0000001175714535,1.862645149230957e-08,4.76837158203125e-07,3.3877694536936533,8.657121909116976
qwen3_30b_a3b_moe,25,down_proj,0.05,moe_expert_mean_max,128,0.23580663627944887,0.24689379683695734,0.011087160557508469,0.01599612832069397,1.0616818141774529,1.113957597798496,0.19396745413541794,0.7676143646240234,3.3877694536936533,8.657121909116976
qwen3_30b_a3b_moe,25,down_proj,0.1,moe_expert_mean_max,128,0.23580663627944887,0.25788973283488303,0.022083096555434167,0.03189578652381897,1.1272954810575202,1.2409017139752103,0.40078716166317463,1.6227054595947266,3.3877694536936533,8.657121909116976
qwen3_30b_a3b_moe,25,down_proj,0.15,moe_expert_mean_max,128,0.23580663627944887,0.2687919527525082,0.032985316473059356,0.04769068956375122,1.1971007918896874,1.3823117124022624,0.6213473193347454,2.5752382278442383,3.3877694536936533,8.657121909116976
qwen3_30b_a3b_moe,25,down_proj,0.2,moe_expert_mean_max,128,0.23580663627944887,0.27959809789899737,0.0437914616195485,0.06337249279022217,1.2713754173854837,1.5398368523146333,0.8566005565226078,3.636322021484375,3.3877694536936533,8.657121909116976
qwen3_30b_a3b_moe,25,up_proj,-0.2,moe_expert_mean_max,128,0.22641416173428297,0.18327767273876816,-0.04313648899551481,-0.03684620559215546,0.822267249839564,0.8839372841594393,-0.4496602211147547,-0.20812630653381348,2.7166843837342673,5.447042112568525
qwen3_30b_a3b_moe,25,up_proj,-0.15,moe_expert_mean_max,128,0.22641416173428297,0.19419058575294912,-0.03222357598133385,-0.02751205861568451,0.8633851052898318,0.911624705844578,-0.3458863506093621,-0.1584765911102295,2.7166843837342673,5.447042112568525
qwen3_30b_a3b_moe,25,up_proj,-0.1,moe_expert_mean_max,128,0.22641416173428297,0.20501945121213794,-0.021394710522145033,-0.01825864613056183,0.9066357198442955,0.9401793953363116,-0.23656008392572403,-0.10727167129516602,2.7166843837342673,5.447042112568525
qwen3_30b_a3b_moe,25,up_proj,-0.05,moe_expert_mean_max,128,0.22641416173428297,0.21576150855980814,-0.010652653174474835,-0.00908750295639038,0.9521336793672013,0.969628475527871,-0.12137330044060946,-0.05446290969848633,2.7166843837342673,5.447042112568525
qwen3_30b_a3b_moe,25,up_proj,0.0,moe_expert_mean_max,128,0.22641416173428297,0.22641416150145233,-2.3283064365386963e-10,1.4901161193847656e-08,1.000000000686848,1.0000001032603847,3.725290298461914e-09,4.76837158203125e-07,2.7166843837342673,5.447042112568525
qwen3_30b_a3b_moe,25,up_proj,0.05,moe_expert_mean_max,128,0.22641416173428297,0.2369749282952398,0.010560766560956836,0.014240384101867676,1.0503624207501903,1.0884489216311506,0.12790457904338837,0.40844058990478516,2.7166843837342673,5.447042112568525
qwen3_30b_a3b_moe,25,up_proj,0.1,moe_expert_mean_max,128,0.22641416173428297,0.24744149984326214,0.021027338108979166,0.02836167812347412,1.1033558308214906,1.1847210565272128,0.2627051789313555,0.8530073165893555,2.7166843837342673,5.447042112568525
qwen3_30b_a3b_moe,25,up_proj,0.15,moe_expert_mean_max,128,0.22641416173428297,0.25781170174013823,0.03139754000585526,0.042357444763183594,1.159122668831165,1.2895082492656122,0.4047876847907901,1.3368949890136719,2.7166843837342673,5.447042112568525
qwen3_30b_a3b_moe,25,up_proj,0.2,moe_expert_mean_max,128,0.22641416173428297,0.26808347972109914,0.04166931798681617,0.05622163414955139,1.217813347022595,1.4035637843526647,0.5545603819191456,1.8635821342468262,2.7166843837342673,5.447042112568525
qwen3_30b_a3b_moe,26,down_proj,-0.2,moe_expert_mean_max,128,0.22722527757287025,0.18367317679803818,-0.04355210077483207,-0.037485092878341675,0.7893990967996815,0.8540919999845484,-0.6674154875800014,-0.31519079208374023,3.3493962444314738,7.88273397818474
qwen3_30b_a3b_moe,26,down_proj,-0.15,moe_expert_mean_max,128,0.22722527757287025,0.19467631948646158,-0.032548958086408675,-0.02799813449382782,0.8373509979683775,0.8884408167499858,-0.5159840658307076,-0.24099040031433105,3.3493962444314738,7.88273397818474
qwen3_30b_a3b_moe,26,down_proj,-0.1,moe_expert_mean_max,128,0.22722527757287025,0.2056044259807095,-0.02162085159216076,-0.01858733594417572,0.8883035728211949,0.9241709521888584,-0.3547209268435836,-0.16380608081817627,3.3493962444314738,7.88273397818474
qwen3_30b_a3b_moe,26,down_proj,-0.05,moe_expert_mean_max,128,0.22722527757287025,0.21645489509683102,-0.01077038247603923,-0.009254202246665955,0.9424508851909529,0.9613381976470511,-0.18296285159885883,-0.08351731300354004,3.3493962444314738,7.88273397818474
qwen3_30b_a3b_moe,26,down_proj,0.0,moe_expert_mean_max,128,0.22722527757287025,0.2272252778057009,2.3283064365386963e-10,2.9802322387695312e-08,0.9999999998700113,1.0000000876236885,0.0,2.384185791015625e-07,3.3493962444314738,7.88273397818474
qwen3_30b_a3b_moe,26,down_proj,0.05,moe_expert_mean_max,128,0.22722527757287025,0.23791323963087052,0.010687962058000267,0.015221744775772095,1.0611719474028598,1.1087505383713867,0.19492769241333008,0.6458301544189453,3.3493962444314738,7.88273397818474
qwen3_30b_a3b_moe,26,down_proj,0.1,moe_expert_mean_max,128,0.22722527757287025,0.24851658241823316,0.0212913048453629,0.030341148376464844,1.1262026471385072,1.2293278234507992,0.4026340898126364,1.3618950843811035,3.3493962444314738,7.88273397818474
qwen3_30b_a3b_moe,26,down_proj,0.15,moe_expert_mean_max,128,0.22722527757287025,0.25903323816601187,0.031807960593141615,0.045350879430770874,1.1953439659818625,1.3630179245152731,0.6239908467978239,2.155832290649414,3.3493962444314738,7.88273397818474
qwen3_30b_a3b_moe,26,down_proj,0.2,moe_expert_mean_max,128,0.22722527757287025,0.2694612719351426,0.04223599436227232,0.06024366617202759,1.2688648870352195,1.5112466224321572,0.8599318843334913,3.03610897064209,3.3493962444314738,7.88273397818474
qwen3_30b_a3b_moe,26,up_proj,-0.2,moe_expert_mean_max,128,0.22268693265505135,0.18026011041365564,-0.04242682224139571,-0.03664298355579376,0.8261064739624483,0.8815869700140299,-0.43430930003523827,-0.21449828147888184,2.6483891142269784,4.9149268731913205
qwen3_30b_a3b_moe,26,up_proj,-0.15,moe_expert_mean_max,128,0.22268693265505135,0.19099239190109074,-0.03169454075396061,-0.027359843254089355,0.8664173842630155,0.9098061639805487,-0.33384848665446043,-0.16338086128234863,2.6483891142269784,4.9149268731913205
qwen3_30b_a3b_moe,26,up_proj,-0.1,moe_expert_mean_max,128,0.22268693265505135,0.2016426685731858,-0.02104426408186555,-0.018157348036766052,0.9087647538775805,0.9389285874812847,-0.2281664302572608,-0.11062729358673096,2.6483891142269784,4.9149268731913205
qwen3_30b_a3b_moe,26,up_proj,-0.05,moe_expert_mean_max,128,0.22268693265505135,0.2122083364520222,-0.010478596203029156,-0.009036913514137268,0.9532549284194491,0.9689832623176653,-0.11698239296674728,-0.056185007095336914,2.6483891142269784,4.9149268731913205
qwen3_30b_a3b_moe,26,up_proj,0.0,moe_expert_mean_max,128,0.22268693265505135,0.22268693312071264,4.656612873077393e-10,5.960464477539063e-08,1.0000000013632164,1.0000000873964374,3.725290298461914e-09,2.384185791015625e-07,2.6483891142269784,4.9149268731913205
qwen3_30b_a3b_moe,26,up_proj,0.05,moe_expert_mean_max,128,0.22268693265505135,0.23307612910866737,0.010389196453616023,0.014403611421585083,1.0491181116899102,1.0828687952051554,0.12309364322572947,0.32882094383239746,2.6483891142269784,4.9149268731913205
qwen3_30b_a3b_moe,26,up_proj,0.1,moe_expert_mean_max,128,0.22268693265505135,0.24337373429443687,0.02068680163938552,0.02867656946182251,1.1007338034034995,1.1726049735998136,0.2526289038360119,0.6848914623260498,2.6483891142269784,4.9149268731913205
qwen3_30b_a3b_moe,26,up_proj,0.15,moe_expert_mean_max,128,0.22268693265505135,0.2535776844015345,0.030890751746483147,0.04281154274940491,1.154978388603149,1.2697772470201212,0.38895468320697546,1.0704681873321533,2.6483891142269784,4.9149268731913205
qwen3_30b_a3b_moe,26,up_proj,0.2,moe_expert_mean_max,128,0.22268693265505135,0.26368605229072273,0.04099911963567138,0.05680203437805176,1.2119902732187924,1.3750022156628587,0.5324393576011062,1.4879977703094482,2.6483891142269784,4.9149268731913205
qwen3_30b_a3b_moe,27,down_proj,-0.2,moe_expert_mean_max,128,0.22917432733811438,0.1850605607032776,-0.04411376663483679,-0.038010209798812866,0.7841766899766344,0.8394833248310329,-0.6949012894183397,-0.3623464107513428,3.4357075883010455,5.391697189992088
qwen3_30b_a3b_moe,27,down_proj,-0.15,moe_expert_mean_max,128,0.22917432733811438,0.19619597413111478,-0.0329783532069996,-0.028391927480697632,0.8332222657579871,0.8770191062808969,-0.5373326605185866,-0.2776838541030884,3.4357075883010455,5.391697189992088
qwen3_30b_a3b_moe,27,down_proj,-0.1,moe_expert_mean_max,128,0.22917432733811438,0.2072618043748662,-0.021912522963248193,-0.018849745392799377,0.8854026079073654,0.9162331806582118,-0.3694595377892256,-0.18918895721435547,3.4357075883010455,5.391697189992088
qwen3_30b_a3b_moe,27,down_proj,-0.05,moe_expert_mean_max,128,0.22917432733811438,0.21825541893485934,-0.010918908403255045,-0.009385287761688232,0.940922408184149,0.9572007572973529,-0.19059369526803493,-0.09668803215026855,3.4357075883010455,5.391697189992088
qwen3_30b_a3b_moe,27,down_proj,0.0,moe_expert_mean_max,128,0.22917432733811438,0.2291743268724531,-4.656612873077393e-10,0.0,1.0000000028159668,1.0000000841314534,9.313225746154785e-09,2.384185791015625e-07,3.4357075883010455,5.391697189992088
qwen3_30b_a3b_moe,27,down_proj,0.05,moe_expert_mean_max,128,0.22917432733811438,0.24001614737790078,0.010841820039786398,0.012994587421417236,1.0628682986352036,1.0878932557313783,0.20310685597360134,0.41981077194213867,3.4357075883010455,5.391697189992088
qwen3_30b_a3b_moe,27,down_proj,0.1,moe_expert_mean_max,128,0.22917432733811438,0.2507786154747009,0.021604288136586547,0.02590310573577881,1.12977576981072,1.183511579858584,0.4195657689124346,0.875617504119873,3.4357075883010455,5.391697189992088
qwen3_30b_a3b_moe,27,down_proj,0.15,moe_expert_mean_max,128,0.22917432733811438,0.261459598201327,0.032285270863212645,0.038721293210983276,1.200987519447173,1.2875343522706117,0.6502730920910835,1.3705062866210938,3.4357075883010455,5.391697189992088
qwen3_30b_a3b_moe,27,down_proj,0.2,moe_expert_mean_max,128,0.22917432733811438,0.27205706387758255,0.04288273653946817,0.051444679498672485,1.2767864180737767,1.4006999747691788,0.8961865454912186,1.9078283309936523,3.4357075883010455,5.391697189992088
qwen3_30b_a3b_moe,27,up_proj,-0.2,moe_expert_mean_max,128,0.22029732482042164,0.17837761365808547,-0.04191971116233617,-0.0362229198217392,0.8298265266968439,0.88630091843379,-0.41845843754708767,-0.20642948150634766,2.586612831770917,3.94507967955058
qwen3_30b_a3b_moe,27,up_proj,-0.15,moe_expert_mean_max,128,0.22029732482042164,0.18898335669655353,-0.03131396812386811,-0.027047008275985718,0.8693450657244743,0.9134523606996562,-0.32147057820111513,-0.15713393688201904,2.586612831770917,3.94507967955058
qwen3_30b_a3b_moe,27,up_proj,-0.1,moe_expert_mean_max,128,0.22029732482042164,0.19950684916693717,-0.020790475653484464,-0.017950281500816345,0.9108131447414283,0.9414355732277919,-0.2195712560787797,-0.10632824897766113,2.586612831770917,3.94507967955058
qwen3_30b_a3b_moe,27,up_proj,-0.05,moe_expert_mean_max,128,0.22029732482042164,0.20994561503175646,-0.010351709788665175,-0.008934184908866882,0.9543299828674828,0.9702760317729937,-0.11250434722751379,-0.05396616458892822,2.586612831770917,3.94507967955058
qwen3_30b_a3b_moe,27,up_proj,0.0,moe_expert_mean_max,128,0.22029732482042164,0.22029732493683696,1.1641532182693481e-10,1.4901161193847656e-08,0.9999999994987036,1.0000000848082262,-1.862645149230957e-09,2.384185791015625e-07,2.586612831770917,3.94507967955058
qwen3_30b_a3b_moe,27,up_proj,0.05,moe_expert_mean_max,128,0.22029732482042164,0.23055978724732995,0.010262462426908314,0.012106537818908691,1.0479330938715872,1.0710327484371078,0.11822612769901752,0.26088523864746094,2.586612831770917,3.94507967955058
qwen3_30b_a3b_moe,27,up_proj,0.1,moe_expert_mean_max,128,0.22029732482042164,0.24073092744220048,0.020433602621778846,0.024113386869430542,1.0982449272944639,1.1471111932510087,0.24247364327311516,0.540302038192749,2.586612831770917,3.94507967955058
qwen3_30b_a3b_moe,27,up_proj,0.15,moe_expert_mean_max,128,0.22029732482042164,0.2508088140748441,0.030511489254422486,0.036016881465911865,1.1510572344425316,1.228593928325236,0.37305823341012,0.8395674228668213,2.586612831770917,3.94507967955058
qwen3_30b_a3b_moe,27,up_proj,0.2,moe_expert_mean_max,128,0.22029732482042164,0.26079164491966367,0.04049432009924203,0.0478137731552124,1.2064981454513253,1.3158644102256902,0.5103125683963299,1.1600897312164307,2.586612831770917,3.94507967955058
qwen3_30b_a3b_moe,28,down_proj,-0.2,moe_expert_mean_max,128,0.22195406176615506,0.1794823786476627,-0.042471683118492365,-0.03564637899398804,0.7895390880130599,0.860160180403098,-0.667917369864881,-0.28818631172180176,3.3357096118747322,5.880829433670569
qwen3_30b_a3b_moe,28,down_proj,-0.15,moe_expert_mean_max,128,0.22195406176615506,0.19021398853510618,-0.03174007323104888,-0.026620447635650635,0.8374674102648999,0.8931707797329725,-0.516214044764638,-0.22015702724456787,3.3357096118747322,5.880829433670569
qwen3_30b_a3b_moe,28,down_proj,-0.1,moe_expert_mean_max,128,0.22195406176615506,0.200871309498325,-0.021082752267830074,-0.017669931054115295,0.8883900896683302,0.9274482476016787,-0.35476252902299166,-0.14951694011688232,3.3357096118747322,5.880829433670569
qwen3_30b_a3b_moe,28,down_proj,-0.05,moe_expert_mean_max,128,0.22195406176615506,0.21145204862114042,-0.010502013145014644,-0.008796080946922302,0.9424993339351293,0.9630411161631856,-0.18291995022445917,-0.07616603374481201,3.3357096118747322,5.880829433670569
qwen3_30b_a3b_moe,28,down_proj,0.0,moe_expert_mean_max,128,0.22195406176615506,0.22195406176615506,0.0,0.0,1.0000000016734107,1.0000000868127523,1.862645149230957e-09,2.384185791015625e-07,3.3357096118747322,5.880829433670569
qwen3_30b_a3b_moe,28,down_proj,0.05,moe_expert_mean_max,128,0.22195406176615506,0.23237530165351927,0.010421239887364209,0.013271510601043701,1.0611104846880597,1.0926269790306282,0.19473016448318958,0.46228647232055664,3.3357096118747322,5.880829433670569
qwen3_30b_a3b_moe,28,down_proj,0.1,moe_expert_mean_max,128,0.22195406176615506,0.24271387176122516,0.0207598099950701,0.02646934986114502,1.1260636013168102,1.1938337662521303,0.4020530488342047,0.9673933982849121,3.3357096118747322,5.880829433670569
qwen3_30b_a3b_moe,28,down_proj,0.15,moe_expert_mean_max,128,0.22195406176615506,0.2529679707949981,0.031013909028843045,0.039589107036590576,1.195107551765008,1.3044149882802845,0.6228042263537645,1.5192866325378418,3.3357096118747322,5.880829433670569
qwen3_30b_a3b_moe,28,down_proj,0.2,moe_expert_mean_max,128,0.22195406176615506,0.2631359442602843,0.04118188249412924,0.052626579999923706,1.2685069699474447,1.4252390305077576,0.857876056805253,2.122300148010254,3.3357096118747322,5.880829433670569
qwen3_30b_a3b_moe,28,up_proj,-0.2,moe_expert_mean_max,128,0.21805949974805117,0.17659964237827808,-0.04145985736977309,-0.03684677183628082,0.8299312344768648,0.883271238765905,-0.40944373793900013,-0.21217036247253418,2.5701649505477646,3.327412085595111
qwen3_30b_a3b_moe,28,up_proj,-0.15,moe_expert_mean_max,128,0.21805949974805117,0.1870896458858624,-0.030969853862188756,-0.027513012290000916,0.8694578378696903,0.9111095002893933,-0.31439538951963186,-0.16158652305603027,2.5701649505477646,3.327412085595111
qwen3_30b_a3b_moe,28,up_proj,-0.1,moe_expert_mean_max,128,0.21805949974805117,0.19749781454447657,-0.020561685203574598,-0.018259629607200623,0.9109132599720555,0.9398251086929502,-0.21463292371481657,-0.1093977689743042,2.5701649505477646,3.327412085595111
qwen3_30b_a3b_moe,28,up_proj,-0.05,moe_expert_mean_max,128,0.21805949974805117,0.20782182388938963,-0.010237675858661532,-0.009088113903999329,0.9543936329719563,0.969445793018297,-0.10991801600903273,-0.05555307865142822,2.5701649505477646,3.327412085595111
qwen3_30b_a3b_moe,28,up_proj,0.0,moe_expert_mean_max,128,0.21805949974805117,0.21805949974805117,0.0,2.9802322387695312e-08,1.0000000006747558,1.0000000863687635,1.862645149230957e-09,2.384185791015625e-07,2.5701649505477646,3.327412085595111
qwen3_30b_a3b_moe,28,up_proj,0.05,moe_expert_mean_max,128,0.21805949974805117,0.22820878005586565,0.010149280307814479,0.012052834033966064,1.047838533094281,1.0619530636764116,0.11538466345518827,0.18441295623779297,2.5701649505477646,3.327412085595111
qwen3_30b_a3b_moe,28,up_proj,0.1,moe_expert_mean_max,128,0.21805949974805117,0.23826774675399065,0.020208247005939484,0.024011582136154175,1.0980207682542995,1.1277443331998398,0.23651300091296434,0.3802509307861328,2.5701649505477646,3.327412085595111
qwen3_30b_a3b_moe,28,up_proj,0.15,moe_expert_mean_max,128,0.21805949974805117,0.24823460821062326,0.030175108462572098,0.03587302565574646,1.1506639840104376,1.1976115338406088,0.36367647163569927,0.588221549987793,2.5701649505477646,3.327412085595111
qwen3_30b_a3b_moe,28,up_proj,0.2,moe_expert_mean_max,128,0.21805949974805117,0.25810767838265747,0.0400481786346063,0.04763388633728027,1.2058913626553844,1.2718072887464957,0.497181398794055,0.8090767860412598,2.5701649505477646,3.327412085595111
qwen3_30b_a3b_moe,29,down_proj,-0.2,moe_expert_mean_max,128,0.2196505608735606,0.17774001299403608,-0.04191054787952453,-0.03548234701156616,0.7930039900584236,0.8488955915458134,-0.6535265585407615,-0.32545006275177,3.274674883501354,6.592961532941626
qwen3_30b_a3b_moe,29,down_proj,-0.15,moe_expert_mean_max,128,0.2196505608735606,0.1883351926226169,-0.03131536825094372,-0.02650095522403717,0.8402113388002824,0.8843836570921109,-0.504994060844183,-0.2490379810333252,3.274674883501354,6.592961532941626
qwen3_30b_a3b_moe,29,down_proj,-0.1,moe_expert_mean_max,128,0.2196505608735606,0.1988534356933087,-0.020797125180251896,-0.01759272813796997,0.8903213690158213,0.9213553047873585,-0.3469866942614317,-0.1694164276123047,3.274674883501354,6.592961532941626
qwen3_30b_a3b_moe,29,down_proj,-0.05,moe_expert_mean_max,128,0.2196505608735606,0.20929256861563772,-0.010357992257922888,-0.00875881314277649,0.9435186609257594,0.9598725933290803,-0.17887838184833527,-0.08645057678222656,3.274674883501354,6.592961532941626
qwen3_30b_a3b_moe,29,down_proj,0.0,moe_expert_mean_max,128,0.2196505608735606,0.21965056110639125,2.3283064365386963e-10,4.470348358154297e-08,0.9999999983400182,1.0000001032541688,-5.587935447692871e-09,4.76837158203125e-07,3.274674883501354,6.592961532941626
qwen3_30b_a3b_moe,29,down_proj,0.05,moe_expert_mean_max,128,0.2196505608735606,0.22992549603804946,0.010274935164488852,0.012165486812591553,1.0599751322099755,1.0988895238960896,0.19036340340971947,0.5862236022949219,3.274674883501354,6.592961532941626
qwen3_30b_a3b_moe,29,down_proj,0.1,moe_expert_mean_max,128,0.2196505608735606,0.2401155970292166,0.02046503615565598,0.02419254183769226,1.1236676476817562,1.2075582033702392,0.3929758835583925,1.2304186820983887,3.274674883501354,6.592961532941626
qwen3_30b_a3b_moe,29,down_proj,0.15,moe_expert_mean_max,128,0.2196505608735606,0.2502192071406171,0.030568646267056465,0.03608119487762451,1.191315992610964,1.3269731351735494,0.6086543034762144,1.9383182525634766,3.274674883501354,6.592961532941626
qwen3_30b_a3b_moe,29,down_proj,0.2,moe_expert_mean_max,128,0.2196505608735606,0.26023478154093027,0.040584220667369664,0.04783204197883606,1.2631744023916684,1.458196734168245,0.8382718004286289,2.7162203788757324,3.274674883501354,6.592961532941626
qwen3_30b_a3b_moe,29,up_proj,-0.2,moe_expert_mean_max,128,0.21543786849360913,0.1745296292938292,-0.04090823919977993,-0.03601992130279541,0.8287011915108196,0.8758578205741723,-0.42191808484494686,-0.22800040245056152,2.593106858407771,4.574396130833653
qwen3_30b_a3b_moe,29,up_proj,-0.15,moe_expert_mean_max,128,0.21543786849360913,0.18488179391715676,-0.030556074576452374,-0.026893243193626404,0.8684867613537759,0.905368112743773,-0.3240742180496454,-0.1738576889038086,2.593106858407771,4.574396130833653
qwen3_30b_a3b_moe,29,up_proj,-0.1,moe_expert_mean_max,128,0.21543786849360913,0.19515197980217636,-0.020285888691432774,-0.017846837639808655,0.9102315921334443,0.9358727794141384,-0.2213113158941269,-0.11785316467285156,2.593106858407771,4.574396130833653
qwen3_30b_a3b_moe,29,up_proj,-0.05,moe_expert_mean_max,128,0.21543786849360913,0.20533802022691816,-0.01009984826669097,-0.008882030844688416,0.9540346310840369,0.9674051728375644,-0.1133756609633565,-0.05992269515991211,2.593106858407771,4.574396130833653
qwen3_30b_a3b_moe,29,up_proj,0.0,moe_expert_mean_max,128,0.21543786849360913,0.2154378683771938,-1.1641532182693481e-10,0.0,0.9999999974808065,1.0,-7.450580596923828e-09,0.0,2.593106858407771,4.574396130833653
qwen3_30b_a3b_moe,29,up_proj,0.05,moe_expert_mean_max,128,0.21543786849360913,0.22544960165396333,0.010011733160354197,0.012438744306564331,1.048237197550073,1.0789881480328847,0.11909703724086285,0.2723071575164795,2.593106858407771,4.574396130833653
qwen3_30b_a3b_moe,29,up_proj,0.1,moe_expert_mean_max,128,0.21543786849360913,0.2353714288910851,0.019933560397475958,0.024785548448562622,1.0988614224835167,1.16421553117733,0.24421179853379726,0.5661237239837646,2.593106858407771,4.574396130833653
qwen3_30b_a3b_moe,29,up_proj,0.15,moe_expert_mean_max,128,0.21543786849360913,0.24520168907474726,0.029763820581138134,0.0370364785194397,1.151993860715762,1.2561747624851958,0.375656358897686,0.8831479549407959,2.593106858407771,4.574396130833653
qwen3_30b_a3b_moe,29,up_proj,0.2,moe_expert_mean_max,128,0.21543786849360913,0.25493882584851235,0.03950095735490322,0.049187690019607544,1.2077620202637571,1.3553976676435247,0.513759451918304,1.2252132892608643,2.593106858407771,4.574396130833653
qwen3_30b_a3b_moe,30,down_proj,-0.2,moe_expert_mean_max,128,0.2224339231615886,0.18005618639290333,-0.04237773676868528,-0.03741715848445892,0.7704192818393111,0.8481006036638314,-0.8366622235625982,-0.3392367362976074,3.767871228055286,5.378048863405167
qwen3_30b_a3b_moe,30,down_proj,-0.15,moe_expert_mean_max,128,0.2224339231615886,0.19077266834210604,-0.031661254819482565,-0.027943700551986694,0.8222099651847206,0.8837624186864413,-0.6483835130929947,-0.25959324836730957,3.767871228055286,5.378048863405167
qwen3_30b_a3b_moe,30,down_proj,-0.1,moe_expert_mean_max,128,0.2224339231615886,0.20140919368714094,-0.021024729474447668,-0.01854868233203888,0.8775667818771435,0.9209237318479697,-0.4468275960534811,-0.17660093307495117,3.767871228055286,5.378048863405167
qwen3_30b_a3b_moe,30,down_proj,-0.05,moe_expert_mean_max,128,0.2224339231615886,0.21196361153852195,-0.010470311623066664,-0.009233593940734863,0.9367405303215548,0.9596477428421543,-0.231040857732296,-0.0901186466217041,3.767871228055286,5.378048863405167
qwen3_30b_a3b_moe,30,down_proj,0.0,moe_expert_mean_max,128,0.2224339231615886,0.22243392339441925,2.3283064365386963e-10,2.9802322387695312e-08,1.000000004153442,1.0000001156297549,1.4901161193847656e-08,4.76837158203125e-07,3.767871228055286,5.378048863405167
qwen3_30b_a3b_moe,30,down_proj,0.05,moe_expert_mean_max,128,0.2224339231615886,0.2328182770870626,0.010384353925473988,0.01328122615814209,1.0676332646198308,1.0877554207838418,0.24739303439855576,0.4302816390991211,3.767871228055286,5.378048863405167
qwen3_30b_a3b_moe,30,down_proj,0.1,moe_expert_mean_max,128,0.2224339231615886,0.243114948971197,0.0206810258096084,0.02643147110939026,1.1399490759290467,1.183211708788068,0.512316582724452,0.8983221054077148,3.767871228055286,5.378048863405167
qwen3_30b_a3b_moe,30,down_proj,0.15,moe_expert_mean_max,128,0.2224339231615886,0.2533223677892238,0.03088844462763518,0.03944694995880127,1.217278378034816,1.2870448512837729,0.7960352301597595,1.4074358940124512,3.767871228055286,5.378048863405167
qwen3_30b_a3b_moe,30,down_proj,0.2,moe_expert_mean_max,128,0.2224339231615886,0.2634390831226483,0.04100515996105969,0.052324116230010986,1.2999759156048514,1.39998996376257,1.0999061483889818,1.9612274169921875,3.767871228055286,5.378048863405167
qwen3_30b_a3b_moe,30,up_proj,-0.2,moe_expert_mean_max,128,0.2167785377241671,0.17569191986694932,-0.04108661785721779,-0.03712241351604462,0.8395025210767616,0.8812077872073646,-0.363219665363431,-0.21192073822021484,2.4165474626618226,3.9379984393728718
qwen3_30b_a3b_moe,30,up_proj,-0.15,moe_expert_mean_max,128,0.2167785377241671,0.18609393469523638,-0.030684603028930724,-0.027719497680664062,0.8769944429336664,0.9095126520268623,-0.2784575531259179,-0.16142594814300537,2.4165474626618226,3.9379984393728718
qwen3_30b_a3b_moe,30,up_proj,-0.1,moe_expert_mean_max,128,0.2167785377241671,0.19641053560189903,-0.02036800212226808,-0.018397077918052673,0.916188288501638,0.9387267077466459,-0.18979065772145987,-0.10930919647216797,2.4165474626618226,3.9379984393728718
qwen3_30b_a3b_moe,30,up_proj,-0.05,moe_expert_mean_max,128,0.2167785377241671,0.20663943921681494,-0.010139098507352173,-0.009156763553619385,0.9571626830449808,0.9688791559265735,-0.09703557845205069,-0.055518388748168945,2.4165474626618226,3.9379984393728718
qwen3_30b_a3b_moe,30,up_proj,0.0,moe_expert_mean_max,128,0.2167785377241671,0.21677853749133646,-2.3283064365386963e-10,0.0,0.9999999993236703,1.0,-1.862645149230957e-09,0.0,2.4165474626618226,3.9379984393728718
qwen3_30b_a3b_moe,30,up_proj,0.05,moe_expert_mean_max,128,0.2167785377241671,0.2268258036347106,0.010047265910543501,0.013118326663970947,1.0447864633980164,1.070936671151019,0.10151754971593618,0.23053765296936035,2.4165474626618226,3.9379984393728718
qwen3_30b_a3b_moe,30,up_proj,0.1,moe_expert_mean_max,128,0.2167785377241671,0.23677939118351787,0.020000853459350765,0.026115387678146362,1.091612372109132,1.1469052172010745,0.20772824622690678,0.4774284362792969,2.4165474626618226,3.9379984393728718
qwen3_30b_a3b_moe,30,up_proj,0.15,moe_expert_mean_max,128,0.2167785377241671,0.24663756345398724,0.029859025729820132,0.03898689150810242,1.1405723271427506,1.2282628359761376,0.3188535235822201,0.7418332099914551,2.4165474626618226,3.9379984393728718
qwen3_30b_a3b_moe,30,up_proj,0.2,moe_expert_mean_max,128,0.2167785377241671,0.2563987222965807,0.039620184572413564,0.05172842741012573,1.191765363435017,1.315391668259837,0.43512539751827717,1.024993896484375,2.4165474626618226,3.9379984393728718
qwen3_30b_a3b_moe,31,down_proj,-0.2,moe_expert_mean_max,128,0.22902577940840274,0.18520077457651496,-0.04382500483188778,-0.038045868277549744,0.7647568293912885,0.844474138990917,-0.8827829491347075,-0.3592020273208618,3.91785178282779,5.555809840896827
qwen3_30b_a3b_moe,31,down_proj,-0.15,moe_expert_mean_max,128,0.22902577940840274,0.19627566717099398,-0.03275011223740876,-0.028411880135536194,0.8176613785938572,0.880926703836866,-0.6847612019628286,-0.2750113010406494,3.91785178282779,5.555809840896827
qwen3_30b_a3b_moe,31,down_proj,-0.1,moe_expert_mean_max,128,0.22902577940840274,0.20727308769710362,-0.02175269171129912,-0.018858447670936584,0.8743186972387454,0.918952744723397,-0.4723473209887743,-0.18718647956848145,3.91785178282779,5.555809840896827
qwen3_30b_a3b_moe,31,down_proj,-0.05,moe_expert_mean_max,128,0.22902577940840274,0.2181905647739768,-0.010835214634425938,-0.009387359023094177,0.9350008420510306,0.9586202382929718,-0.2444755956530571,-0.09557056427001953,3.91785178282779,5.555809840896827
qwen3_30b_a3b_moe,31,down_proj,0.0,moe_expert_mean_max,128,0.22902577940840274,0.22902577964123338,2.3283064365386963e-10,2.9802322387695312e-08,1.0000000012602586,1.0000001028030907,5.587935447692871e-09,4.76837158203125e-07,3.91785178282779,5.555809840896827
qwen3_30b_a3b_moe,31,down_proj,0.05,moe_expert_mean_max,128,0.22902577940840274,0.23977655544877052,0.010750776040367782,0.01267164945602417,1.069629974755505,1.089525432099487,0.2623118367046118,0.43824005126953125,3.91785178282779,5.555809840896827
qwen3_30b_a3b_moe,31,down_proj,0.1,moe_expert_mean_max,128,0.22902577940840274,0.2504408627282828,0.02141508331988007,0.025257229804992676,1.1442277839507364,1.1870656783427407,0.5437851436436176,0.9157137870788574,3.91785178282779,5.555809840896827
qwen3_30b_a3b_moe,31,down_proj,0.15,moe_expert_mean_max,128,0.22902577940840274,0.26101680111605674,0.031991021707654,0.037754058837890625,1.2241554754884403,1.2933381648794329,0.8458453305065632,1.4359331130981445,3.91785178282779,5.555809840896827
qwen3_30b_a3b_moe,31,down_proj,0.2,moe_expert_mean_max,128,0.22902577940840274,0.27150261355564,0.04247683414723724,0.05015942454338074,1.3098019099166007,1.409124803414033,1.1700253039598465,2.002725601196289,3.91785178282779,5.555809840896827
qwen3_30b_a3b_moe,31,up_proj,-0.2,moe_expert_mean_max,128,0.2157637868076563,0.17485707288142294,-0.04090671392623335,-0.037864625453948975,0.8366111947966707,0.8697736083047364,-0.38212429266422987,-0.24483788013458252,2.4633377394372293,5.586244115879043
qwen3_30b_a3b_moe,31,up_proj,-0.15,moe_expert_mean_max,128,0.2157637868076563,0.18521246395539492,-0.030551322852261364,-0.02828049659729004,0.8747224728155598,0.9006471352690983,-0.29313032422214746,-0.18679320812225342,2.4633377394372293,5.586244115879043
qwen3_30b_a3b_moe,31,up_proj,-0.1,moe_expert_mean_max,128,0.2157637868076563,0.19548350130207837,-0.020280285505577922,-0.018773898482322693,0.9146011019843032,0.9326165606573209,-0.19991786312311888,-0.1266878843307495,2.4633377394372293,5.586244115879043
qwen3_30b_a3b_moe,31,up_proj,-0.05,moe_expert_mean_max,128,0.2157637868076563,0.2056679674424231,-0.010095819365233183,-0.009346529841423035,0.9563309421638938,0.9657207360080088,-0.10228022187948227,-0.06444883346557617,2.4633377394372293,5.586244115879043
qwen3_30b_a3b_moe,31,up_proj,0.0,moe_expert_mean_max,128,0.2157637868076563,0.21576378669124097,-1.1641532182693481e-10,1.4901161193847656e-08,1.0,1.0,0.0,0.0,2.4633377394372293,5.586244115879043
qwen3_30b_a3b_moe,31,up_proj,0.05,moe_expert_mean_max,128,0.2157637868076563,0.22576901852153242,0.010005231713876128,0.01193895936012268,1.0457005911728268,1.0898230143165828,0.10715138167142868,0.42638635635375977,2.4633377394372293,5.586244115879043
qwen3_30b_a3b_moe,31,up_proj,0.1,moe_expert_mean_max,128,0.2157637868076563,0.235681846505031,0.0199180596973747,0.023789316415786743,1.0935295771849973,1.1877142557798772,0.219414334744215,0.8910722732543945,2.4633377394372293,5.586244115879043
qwen3_30b_a3b_moe,31,up_proj,0.15,moe_expert_mean_max,128,0.2157637868076563,0.2455005809897557,0.029736794182099402,0.035548239946365356,1.1435886077307111,1.2943985790598365,0.337041774764657,1.397498607635498,2.4633377394372293,5.586244115879043
qwen3_30b_a3b_moe,31,up_proj,0.2,moe_expert_mean_max,128,0.2157637868076563,0.25522366852965206,0.03945988172199577,0.0472131073474884,1.1959843350693022,1.4106654288420437,0.4602997303009033,1.9494128227233887,2.4633377394372293,5.586244115879043
qwen3_30b_a3b_moe,32,down_proj,-0.2,moe_expert_mean_max,128,0.23301633936353028,0.18822318024467677,-0.04479315911885351,-0.03800690174102783,0.7677198400046369,0.8426503400893249,-0.8552473522722721,-0.3626314401626587,3.849834858067998,5.652919633490685
qwen3_30b_a3b_moe,32,down_proj,-0.15,moe_expert_mean_max,128,0.23301633936353028,0.1995342985028401,-0.033482040860690176,-0.028385281562805176,0.8200281926145593,0.8794994022521995,-0.6631888784468174,-0.2777082920074463,3.849834858067998,5.652919633490685
qwen3_30b_a3b_moe,32,down_proj,-0.1,moe_expert_mean_max,128,0.23301633936353028,0.21077201678417623,-0.022244322579354048,-0.018842488527297974,0.8759992822852951,0.917959890274277,-0.4573173690587282,-0.1890714168548584,3.849834858067998,5.652919633490685
qwen3_30b_a3b_moe,32,down_proj,-0.05,moe_expert_mean_max,128,0.23301633936353028,0.22193357220385224,-0.011082767159678042,-0.009380221366882324,0.9358958775309548,0.9581022034941246,-0.23661800101399422,-0.0965585708618164,3.849834858067998,5.652919633490685
qwen3_30b_a3b_moe,32,down_proj,0.0,moe_expert_mean_max,128,0.23301633936353028,0.2330163399456069,5.820766091346741e-10,2.9802322387695312e-08,1.0000000036859449,1.0000001045784443,1.30385160446167e-08,4.76837158203125e-07,3.849834858067998,5.652919633490685
qwen3_30b_a3b_moe,32,down_proj,0.05,moe_expert_mean_max,128,0.23301633936353028,0.2440178234828636,0.011001484119333327,0.013160109519958496,1.0686143867954252,1.0904698523917946,0.2537092100828886,0.44850778579711914,3.849834858067998,5.652919633490685
qwen3_30b_a3b_moe,32,down_proj,0.1,moe_expert_mean_max,128,0.23301633936353028,0.2549356756499037,0.021919336286373436,0.026223689317703247,1.1420640098511108,1.1891243116092858,0.5257701445370913,0.9375910758972168,3.849834858067998,5.652919633490685
qwen3_30b_a3b_moe,32,down_proj,0.15,moe_expert_mean_max,128,0.23301633936353028,0.26576767466031015,0.03275133529677987,0.03918623924255371,1.2206977629014693,1.2967041887858393,0.817538058385253,1.4709224700927734,3.849834858067998,5.652919633490685
qwen3_30b_a3b_moe,32,down_proj,0.2,moe_expert_mean_max,128,0.23301633936353028,0.276511735166423,0.043495395802892745,0.05204343795776367,1.3048901950200036,1.414016854559403,1.1304699163883924,2.052504539489746,3.849834858067998,5.652919633490685
qwen3_30b_a3b_moe,32,up_proj,-0.2,moe_expert_mean_max,128,0.2180977201787755,0.17668616422452033,-0.041411555954255164,-0.03757467865943909,0.8296321487339177,0.8772518352278696,-0.4238950116559863,-0.2260594367980957,2.5713952767571855,3.901757770461686
qwen3_30b_a3b_moe,32,up_proj,-0.15,moe_expert_mean_max,128,0.2180977201787755,0.1871668726671487,-0.03093084751162678,-0.02805781364440918,0.8692319007638465,0.9064486084089228,-0.3254893412813544,-0.17228913307189941,2.5713952767571855,3.901757770461686
qwen3_30b_a3b_moe,32,up_proj,-0.1,moe_expert_mean_max,128,0.2180977201787755,0.1975638890871778,-0.020533831091597676,-0.01862195134162903,0.9107616721089515,0.9366172307813003,-0.22220489289611578,-0.1167290210723877,2.5713952767571855,3.901757770461686
qwen3_30b_a3b_moe,32,up_proj,-0.05,moe_expert_mean_max,128,0.2180977201787755,0.2078748947242275,-0.010222825454548001,-0.009268850088119507,0.9543174294931015,0.9677898729223358,-0.11379493027925491,-0.05931985378265381,2.5713952767571855,3.901757770461686
qwen3_30b_a3b_moe,32,up_proj,0.0,moe_expert_mean_max,128,0.2180977201787755,0.21809772006236017,-1.1641532182693481e-10,2.9802322387695312e-08,0.9999999987084741,1.0000000900456514,-3.725290298461914e-09,2.384185791015625e-07,2.5713952767571855,3.901757770461686
qwen3_30b_a3b_moe,32,up_proj,0.05,moe_expert_mean_max,128,0.2180977201787755,0.22823030117433518,0.010132580995559692,0.012173235416412354,1.0479153328883064,1.0704417387608822,0.11945274658501148,0.25923871994018555,2.5713952767571855,3.901757770461686
qwen3_30b_a3b_moe,32,up_proj,0.1,moe_expert_mean_max,128,0.2180977201787755,0.2382707365322858,0.02017301635351032,0.024230599403381348,1.0981747756216966,1.14584544261335,0.2448503039777279,0.536738395690918,2.5713952767571855,3.901757770461686
qwen3_30b_a3b_moe,32,up_proj,0.15,moe_expert_mean_max,128,0.2180977201787755,0.24821722833439708,0.030119508155621588,0.03616917133331299,1.150895294448707,1.2265606880619235,0.3764944113790989,0.8337855339050293,2.5713952767571855,3.901757770461686
qwen3_30b_a3b_moe,32,up_proj,0.2,moe_expert_mean_max,128,0.2180977201787755,0.2580681344261393,0.039970414247363806,0.04798567295074463,1.206199846303256,1.3129617992435776,0.5147025175392628,1.1517577171325684,2.5713952767571855,3.901757770461686
qwen3_30b_a3b_moe,33,down_proj,-0.2,moe_expert_mean_max,128,0.232482303166762,0.18784735654480755,-0.04463494662195444,-0.037240490317344666,0.7788944993397232,0.8521854242003595,-0.7609803853556514,-0.32901978492736816,3.5976515670058897,6.7110978048037175
qwen3_30b_a3b_moe,33,down_proj,-0.15,moe_expert_mean_max,128,0.232482303166762,0.199121646117419,-0.03336065704934299,-0.027811437845230103,0.8289463478312025,0.8869530097992201,-0.5893161259591579,-0.2517017126083374,3.5976515670058897,6.7110978048037175
qwen3_30b_a3b_moe,33,down_proj,-0.1,moe_expert_mean_max,128,0.232482303166762,0.21032075386028737,-0.022161549306474626,-0.01846061646938324,0.8823261780898404,0.9231389530114694,-0.40583406761288643,-0.17118167877197266,3.5976515670058897,6.7110978048037175
qwen3_30b_a3b_moe,33,down_proj,-0.05,moe_expert_mean_max,128,0.232482303166762,0.22144186357036233,-0.011040439596399665,-0.009189710021018982,0.9392624857593119,0.9608011363980367,-0.20969543792307377,-0.0873270034790039,3.5976515670058897,6.7110978048037175
qwen3_30b_a3b_moe,33,down_proj,0.0,moe_expert_mean_max,128,0.232482303166762,0.23248230339959264,2.3283064365386963e-10,2.9802322387695312e-08,1.0000000006887688,1.0000000866205996,0.0,4.76837158203125e-07,3.5976515670058897,6.7110978048037175
qwen3_30b_a3b_moe,33,down_proj,0.05,moe_expert_mean_max,128,0.232482303166762,0.24343952722847462,0.010957224061712623,0.014315396547317505,1.064800762041829,1.0998657776740466,0.2242182046175003,0.595360279083252,3.5976515670058897,6.7110978048037175
qwen3_30b_a3b_moe,33,down_proj,0.1,moe_expert_mean_max,128,0.232482303166762,0.2543111356208101,0.021828832454048097,0.028541147708892822,1.1339454145703458,1.2097047676720396,0.4639959018677473,1.2501769065856934,3.5976515670058897,6.7110978048037175
qwen3_30b_a3b_moe,33,down_proj,0.15,moe_expert_mean_max,128,0.232482303166762,0.26509485102724284,0.032612547860480845,0.04267045855522156,1.2077346230087402,1.3305126995308338,0.7204461023211479,1.970386028289795,3.5976515670058897,6.7110978048037175
qwen3_30b_a3b_moe,33,down_proj,0.2,moe_expert_mean_max,128,0.232482303166762,0.2757885438622907,0.043306240695528686,0.05669644474983215,1.2864904297096624,1.4633853636476415,0.9947634860873222,2.7625203132629395,3.5976515670058897,6.7110978048037175
qwen3_30b_a3b_moe,33,up_proj,-0.2,moe_expert_mean_max,128,0.218390594702214,0.176911402028054,-0.041479192674160004,-0.03694714605808258,0.8326079231739499,0.8834949562632893,-0.41773245111107826,-0.20934319496154785,2.5469672736022844,5.189326672233399
qwen3_30b_a3b_moe,33,up_proj,-0.15,moe_expert_mean_max,128,0.218390594702214,0.18740874470677227,-0.030981849995441735,-0.02758723497390747,0.8715275120012059,0.9112825786249059,-0.3208466563373804,-0.15941274166107178,2.5469672736022844,5.189326672233399
qwen3_30b_a3b_moe,33,up_proj,-0.1,moe_expert_mean_max,128,0.218390594702214,0.197822593501769,-0.020568001200444996,-0.018308356404304504,0.9123351838573999,0.9399441390817447,-0.2191007724031806,-0.10791194438934326,2.5469672736022844,5.189326672233399
qwen3_30b_a3b_moe,33,up_proj,-0.05,moe_expert_mean_max,128,0.218390594702214,0.20815061021130532,-0.010239984490908682,-0.009112164378166199,0.9551260027369922,0.9695071700341336,-0.11224107071757317,-0.05479133129119873,2.5469672736022844,5.189326672233399
qwen3_30b_a3b_moe,33,up_proj,0.0,moe_expert_mean_max,128,0.218390594702214,0.21839059423655272,-4.656612873077393e-10,1.4901161193847656e-08,1.0000000001346834,1.0000000877043653,0.0,2.384185791015625e-07,2.5469672736022844,5.189326672233399
qwen3_30b_a3b_moe,33,up_proj,0.05,moe_expert_mean_max,128,0.218390594702214,0.22854047280270606,0.01014987810049206,0.0129355788230896,1.0470624542883753,1.0858142304183651,0.11790459603071213,0.413970947265625,2.5469672736022844,5.189326672233399
qwen3_30b_a3b_moe,33,up_proj,0.1,moe_expert_mean_max,128,0.218390594702214,0.23859832156449556,0.02020772686228156,0.025737881660461426,1.0964241608353655,1.1789924953075286,0.24177029449492693,0.8634662628173828,2.5469672736022844,5.189326672233399
qwen3_30b_a3b_moe,33,up_proj,0.15,moe_expert_mean_max,128,0.218390594702214,0.2485623280517757,0.03017173334956169,0.03840252757072449,1.1482017718374888,1.2801670143248758,0.3719110684469342,1.3515357971191406,2.5469672736022844,5.189326672233399
qwen3_30b_a3b_moe,33,up_proj,0.2,moe_expert_mean_max,128,0.218390594702214,0.25843082123901695,0.04004022653680295,0.05092555284500122,1.2025180505395179,1.3900235817141435,0.5086580440402031,1.8814878463745117,2.5469672736022844,5.189326672233399
qwen3_30b_a3b_moe,34,down_proj,-0.2,moe_expert_mean_max,128,0.23533902363851666,0.19001411856152117,-0.04532490507699549,-0.03763222694396973,0.7729217067757508,0.8524145588746218,-0.7965326551347971,-0.3111283779144287,3.728537465374076,8.492080884426311
qwen3_30b_a3b_moe,34,down_proj,-0.15,moe_expert_mean_max,128,0.23533902363851666,0.2014560803072527,-0.03388294333126396,-0.028109237551689148,0.824194838265289,0.8871318300424152,-0.6172777898609638,-0.23794007301330566,3.728537465374076,8.492080884426311
qwen3_30b_a3b_moe,34,down_proj,-0.1,moe_expert_mean_max,128,0.23533902363851666,0.21282613440416753,-0.02251288923434913,-0.018661856651306152,0.8789655635823578,0.9232630167996062,-0.4253940898925066,-0.16177105903625488,3.728537465374076,8.492080884426311
qwen3_30b_a3b_moe,34,down_proj,-0.05,moe_expert_mean_max,128,0.23533902363851666,0.2241213764064014,-0.011217647232115269,-0.009291604161262512,0.9374794857658827,0.960865797673678,-0.21996374800801277,-0.08249974250793457,3.728537465374076,8.492080884426311
qwen3_30b_a3b_moe,34,down_proj,0.0,moe_expert_mean_max,128,0.23533902363851666,0.235339023754932,1.1641532182693481e-10,2.9802322387695312e-08,1.0000000031479108,1.0000000838213483,9.313225746154785e-09,4.76837158203125e-07,3.728537465374076,8.492080884426311
qwen3_30b_a3b_moe,34,down_proj,0.05,moe_expert_mean_max,128,0.23533902363851666,0.24647643137723207,0.01113740773871541,0.015535205602645874,1.0668096283075605,1.1128861646119206,0.2355582658201456,0.7347621917724609,3.728537465374076,8.492080884426311
qwen3_30b_a3b_moe,34,down_proj,0.1,moe_expert_mean_max,128,0.23533902363851666,0.2575310709653422,0.02219204732682556,0.030976712703704834,1.1382113972376229,1.2385154546430228,0.48785210214555264,1.5524678230285645,3.728537465374076,8.492080884426311
qwen3_30b_a3b_moe,34,down_proj,0.15,moe_expert_mean_max,128,0.23533902363851666,0.2685005785897374,0.03316155495122075,0.046317219734191895,1.2145304412580846,1.3783266868643136,0.7581089586019516,2.46248197555542,3.728537465374076,8.492080884426311
qwen3_30b_a3b_moe,34,down_proj,0.2,moe_expert_mean_max,128,0.23533902363851666,0.27938269218429923,0.044043668545782566,0.06154951453208923,1.2961156003017957,1.5339206548228017,1.0476492121815681,3.475224018096924,3.728537465374076,8.492080884426311
qwen3_30b_a3b_moe,34,up_proj,-0.2,moe_expert_mean_max,128,0.22310184710659087,0.18062811181880534,-0.04247373528778553,-0.037055566906929016,0.8256180851487215,0.8823436059662004,-0.45391680393368006,-0.21379053592681885,2.6715053223608214,4.884233962594833
qwen3_30b_a3b_moe,34,up_proj,-0.15,moe_expert_mean_max,128,0.22310184710659087,0.19137385056819767,-0.0317279965383932,-0.027668863534927368,0.8660023737520393,0.9103917256833142,-0.34908253140747547,-0.16282498836517334,2.6715053223608214,4.884233962594833
qwen3_30b_a3b_moe,34,up_proj,-0.1,moe_expert_mean_max,128,0.22310184710659087,0.2020364231429994,-0.021065423963591456,-0.01836302876472473,0.9084529412141427,0.9393314834026155,-0.23869220446795225,-0.11023926734924316,2.6715053223608214,4.884233962594833
qwen3_30b_a3b_moe,34,up_proj,-0.05,moe_expert_mean_max,128,0.22310184710659087,0.2126132403500378,-0.010488606756553054,-0.009139582514762878,0.953080029055983,0.9691911548932859,-0.12243936210870743,-0.055981993675231934,2.6715053223608214,4.884233962594833
qwen3_30b_a3b_moe,34,up_proj,0.0,moe_expert_mean_max,128,0.22310184710659087,0.22310184745583683,3.4924596548080444e-10,2.9802322387695312e-08,0.9999999981125123,1.000000082819473,-5.587935447692871e-09,2.384185791015625e-07,2.6715053223608214,4.884233962594833
qwen3_30b_a3b_moe,34,up_proj,0.05,moe_expert_mean_max,128,0.22310184710659087,0.2334999352460727,0.010398088139481843,0.014866173267364502,1.049335675076546,1.082529687750536,0.12896845303475857,0.3218834400177002,2.6715053223608214,4.884233962594833
qwen3_30b_a3b_moe,34,up_proj,0.1,moe_expert_mean_max,128,0.22310184710659087,0.24380532768554986,0.020703480578958988,0.02957889437675476,1.101216727955892,1.1718706206361478,0.26482829730957747,0.6703321933746338,2.6715053223608214,4.884233962594833
qwen3_30b_a3b_moe,34,up_proj,0.15,moe_expert_mean_max,128,0.22310184710659087,0.25401598890312016,0.030914141796529293,0.044130295515060425,1.155780037472517,1.2685847632110727,0.40796258579939604,1.0475380420684814,2.6715053223608214,4.884233962594833
qwen3_30b_a3b_moe,34,up_proj,0.2,moe_expert_mean_max,128,0.22310184710659087,0.2641300174873322,0.04102817038074136,0.058513253927230835,1.2131701681340594,1.3732805996668558,0.5587765723466873,1.4558742046356201,2.6715053223608214,4.884233962594833
qwen3_30b_a3b_moe,35,down_proj,-0.2,moe_expert_mean_max,128,0.23194594599772245,0.1875049079535529,-0.044441038044169545,-0.036878228187561035,0.7892121403580407,0.8695659427383834,-0.6788541059941053,-0.26562702655792236,3.3609632285363142,5.752369552037539
qwen3_30b_a3b_moe,35,down_proj,-0.15,moe_expert_mean_max,128,0.23194594599772245,0.19873492768965662,-0.03321101830806583,-0.027536720037460327,0.8371809619085157,0.9004858318744016,-0.5248419092968106,-0.20265913009643555,3.3609632285363142,5.752369552037539
qwen3_30b_a3b_moe,35,down_proj,-0.1,moe_expert_mean_max,128,0.23194594599772245,0.20988695428241044,-0.022058991715312004,-0.01827545464038849,0.8881687119698444,0.9325051588465819,-0.36081789899617434,-0.13745224475860596,3.3609632285363142,5.752369552037539
qwen3_30b_a3b_moe,35,down_proj,-0.05,moe_expert_mean_max,128,0.23194594599772245,0.22095818247180432,-0.010987763525918126,-0.009096100926399231,0.9423718505029509,0.9656630847619625,-0.186110052280128,-0.06992661952972412,3.3609632285363142,5.752369552037539
qwen3_30b_a3b_moe,35,down_proj,0.0,moe_expert_mean_max,128,0.23194594599772245,0.23194594611413777,1.1641532182693481e-10,2.9802322387695312e-08,1.0000000068087964,1.0000000873020327,2.0489096641540527e-08,2.384185791015625e-07,3.3609632285363142,5.752369552037539
qwen3_30b_a3b_moe,35,down_proj,0.05,moe_expert_mean_max,128,0.23194594599772245,0.24284771352540702,0.01090176752768457,0.014205843210220337,1.0612769524613068,1.0914210216611708,0.1982805859297514,0.41226911544799805,3.3609632285363142,5.752369552037539
qwen3_30b_a3b_moe,35,down_proj,0.1,moe_expert_mean_max,128,0.23194594599772245,0.25366110471077263,0.021715158713050187,0.028296679258346558,1.1264415472937135,1.1912000799387137,0.40955324098467827,0.8622293472290039,3.3609632285363142,5.752369552037539
qwen3_30b_a3b_moe,35,down_proj,0.15,moe_expert_mean_max,128,0.23194594599772245,0.26438386109657586,0.03243791509885341,0.04226642847061157,1.1957487321292906,1.3001008221738994,0.6346965059638023,1.3533244132995605,3.3609632285363142,5.752369552037539
qwen3_30b_a3b_moe,35,down_proj,0.2,moe_expert_mean_max,128,0.23194594599772245,0.2750138685805723,0.04306792258284986,0.05610927939414978,1.2694707543883936,1.4189575293862007,0.8746502604335546,1.8893165588378906,3.3609632285363142,5.752369552037539
qwen3_30b_a3b_moe,35,up_proj,-0.2,moe_expert_mean_max,128,0.22255393688101321,0.1802263945573941,-0.04232754232361913,-0.036759182810783386,0.8249743022864569,0.8812418079333302,-0.45992433931678534,-0.21777868270874023,2.684497677221625,4.779070626799321
qwen3_30b_a3b_moe,35,up_proj,-0.15,moe_expert_mean_max,128,0.22255393688101321,0.19093690917361528,-0.03161702770739794,-0.027448296546936035,0.8654925004988788,0.909538976831797,-0.3537563141435385,-0.16588735580444336,2.684497677221625,4.779070626799321
qwen3_30b_a3b_moe,35,up_proj,-0.1,moe_expert_mean_max,128,0.22255393688101321,0.2015633329283446,-0.020990603952668607,-0.018217146396636963,0.9080938680268248,0.9387448097815364,-0.24192604050040245,-0.11232972145080566,2.684497677221625,4.779070626799321
qwen3_30b_a3b_moe,35,up_proj,-0.05,moe_expert_mean_max,128,0.22255393688101321,0.21210313925985247,-0.010450797621160746,-0.009067267179489136,0.9528903097332593,0.9688884297969261,-0.1241183951497078,-0.0570523738861084,2.684497677221625,4.779070626799321
qwen3_30b_a3b_moe,35,up_proj,0.0,moe_expert_mean_max,128,0.22255393688101321,0.2225539373466745,4.656612873077393e-10,2.9802322387695312e-08,0.9999999997293509,1.000000117598857,0.0,4.76837158203125e-07,2.684497677221625,4.779070626799321
qwen3_30b_a3b_moe,35,up_proj,0.05,moe_expert_mean_max,128,0.22255393688101321,0.23291347257327288,0.01035953569225967,0.014132499694824219,1.0495477464775143,1.0813521845869294,0.13078189548105001,0.3298649787902832,2.684497677221625,4.779070626799321
qwen3_30b_a3b_moe,35,up_proj,0.1,moe_expert_mean_max,128,0.22255393688101321,0.243179626413621,0.020625689532607794,0.028131872415542603,1.1016653694470921,1.1693227152541241,0.2686005402356386,0.6865658760070801,2.684497677221625,4.779070626799321
qwen3_30b_a3b_moe,35,up_proj,0.15,moe_expert_mean_max,128,0.22255393688101321,0.25335042062215507,0.030796483741141856,0.0419917106628418,1.1564921483931154,1.2644496067729416,0.41385101713240147,1.07228422164917,2.684497677221625,4.779070626799321
qwen3_30b_a3b_moe,35,up_proj,0.2,moe_expert_mean_max,128,0.22255393688101321,0.2634240125771612,0.04087007569614798,0.055705904960632324,1.214175157188719,1.3673155614804473,0.5669513028115034,1.4893827438354492,2.684497677221625,4.779070626799321
qwen3_30b_a3b_moe,36,down_proj,-0.2,moe_expert_mean_max,128,0.23324741958640516,0.1883878882508725,-0.044859531335532665,-0.037223100662231445,0.7866959258185351,0.8709775831457418,-0.70894277933985,-0.2570188045501709,3.458257915183464,8.419473707881867
qwen3_30b_a3b_moe,36,down_proj,-0.15,moe_expert_mean_max,128,0.23324741958640516,0.19971575506497175,-0.03353166452143341,-0.02779315412044525,0.8351260680094914,0.9015820405688469,-0.5487726042047143,-0.19605326652526855,3.458257915183464,8.419473707881867
qwen3_30b_a3b_moe,36,down_proj,-0.1,moe_expert_mean_max,128,0.23324741958640516,0.21097023121546954,-0.02227718837093562,-0.018444955348968506,0.8866770942811563,0.9332618094711309,-0.37775080371648073,-0.13294565677642822,3.458257915183464,8.419473707881867
qwen3_30b_a3b_moe,36,down_proj,-0.05,moe_expert_mean_max,128,0.23324741958640516,0.22214838676154613,-0.011099032824859023,-0.00918009877204895,0.9415598167586587,0.9660547702113407,-0.19510382041335106,-0.06762051582336426,3.458257915183464,8.419473707881867
qwen3_30b_a3b_moe,36,down_proj,0.0,moe_expert_mean_max,128,0.23324741958640516,0.2332474202848971,6.984919309616089e-10,4.470348358154297e-08,1.0000000134856604,1.0000000875581758,4.284083843231201e-08,4.76837158203125e-07,3.458257915183464,8.419473707881867
qwen3_30b_a3b_moe,36,down_proj,0.05,moe_expert_mean_max,128,0.23324741958640516,0.2442646393319592,0.01101721974555403,0.015849947929382324,1.0622395182839526,1.1124083822008666,0.20845514256507158,0.7211990356445312,3.458257915183464,8.419473707881867
qwen3_30b_a3b_moe,36,down_proj,0.1,moe_expert_mean_max,128,0.23324741958640516,0.2551975034875795,0.021950083901174366,0.03159567713737488,1.1285374594139728,1.2374525105086687,0.4312235927209258,1.5234675407409668,3.458257915183464,8.419473707881867
qwen3_30b_a3b_moe,36,down_proj,0.15,moe_expert_mean_max,128,0.23324741958640516,0.2660435886355117,0.03279616904910654,0.04722851514816284,1.199171533273198,1.3765524431586518,0.6693405928090215,2.4159164428710938,3.458257915183464,8.419473707881867
qwen3_30b_a3b_moe,36,down_proj,0.2,moe_expert_mean_max,128,0.23324741958640516,0.2768005990656093,0.04355317947920412,0.0627400279045105,1.2744393769787759,1.5312884752393185,0.9239201685413718,3.408684730529785,3.458257915183464,8.419473707881867
qwen3_30b_a3b_moe,36,up_proj,-0.2,moe_expert_mean_max,128,0.22154986124951392,0.17938315437640995,-0.042166706873103976,-0.036610692739486694,0.8251147022254728,0.8836600804177506,-0.4600225957110524,-0.21913039684295654,2.6758807471333235,4.772778882325872
qwen3_30b_a3b_moe,36,up_proj,-0.15,moe_expert_mean_max,128,0.22154986124951392,0.190051420009695,-0.03149844123981893,-0.027336284518241882,0.8656124961499007,0.9114102865379982,-0.35375917702913284,-0.166861891746521,2.6758807471333235,4.772778882325872
qwen3_30b_a3b_moe,36,up_proj,-0.1,moe_expert_mean_max,128,0.22154986124951392,0.20063696056604385,-0.02091290068347007,-0.018142059445381165,0.9081846621654976,0.9400319982420523,-0.24187599681317806,-0.11295187473297119,2.6758807471333235,4.772778882325872
qwen3_30b_a3b_moe,36,up_proj,-0.05,moe_expert_mean_max,128,0.22154986124951392,0.21113723888993263,-0.010412622359581292,-0.009029477834701538,0.9529416442695742,0.9695524303012302,-0.12406485248357058,-0.05734908580780029,2.6758807471333235,4.772778882325872
qwen3_30b_a3b_moe,36,up_proj,0.0,moe_expert_mean_max,128,0.22154986124951392,0.22154986136592925,1.1641532182693481e-10,1.4901161193847656e-08,1.000000000350442,1.0000000867775938,1.862645149230957e-09,2.384185791015625e-07,2.6758807471333235,4.772778882325872
qwen3_30b_a3b_moe,36,up_proj,0.05,moe_expert_mean_max,128,0.22154986124951392,0.2318725697696209,0.010322708520106971,0.014465659856796265,1.0494827240511753,1.0812810828485975,0.1306627970188856,0.32299137115478516,2.6758807471333235,4.772778882325872
qwen3_30b_a3b_moe,36,up_proj,0.1,moe_expert_mean_max,128,0.22154986124951392,0.24210322997532785,0.020553368725813925,0.028782755136489868,1.1015195920259855,1.169168694107871,0.26828729920089245,0.6722354888916016,2.6758807471333235,4.772778882325872
qwen3_30b_a3b_moe,36,up_proj,0.15,moe_expert_mean_max,128,0.22154986124951392,0.25223987153731287,0.03069001028779894,0.042944759130477905,1.1562476304340799,1.264199818205272,0.41325813438743353,1.0498661994934082,2.6758807471333235,4.772778882325872
qwen3_30b_a3b_moe,36,up_proj,0.2,moe_expert_mean_max,128,0.22154986124951392,0.2622806215658784,0.04073076031636447,0.0569453239440918,1.213811412044481,1.3669553582946095,0.5659817447885871,1.4581918716430664,2.6758807471333235,4.772778882325872
qwen3_30b_a3b_moe,37,down_proj,-0.2,moe_expert_mean_max,128,0.23096050298772752,0.186799502116628,-0.04416100087109953,-0.03780542314052582,0.7946902396278636,0.854678254919043,-0.645591501146555,-0.32221662998199463,3.2389347034245453,6.8962172233409715
qwen3_30b_a3b_moe,37,down_proj,-0.15,moe_expert_mean_max,128,0.23096050298772752,0.1979632106376812,-0.03299729235004634,-0.02823576331138611,0.8415561081424728,0.8888981124268512,-0.4987205322831869,-0.24634218215942383,3.2389347034245453,6.8962172233409715
qwen3_30b_a3b_moe,37,down_proj,-0.1,moe_expert_mean_max,128,0.23096050298772752,0.20904642657842487,-0.021914076409302652,-0.018743887543678284,0.8912745890121914,0.9244881491993766,-0.3425776194781065,-0.16742968559265137,3.2389347034245453,6.8962172233409715
qwen3_30b_a3b_moe,37,down_proj,-0.05,moe_expert_mean_max,128,0.23096050298772752,0.22004640114028007,-0.010914101847447455,-0.009331479668617249,0.9440253828253917,0.9615030433732572,-0.17655423283576965,-0.0853579044342041,3.2389347034245453,6.8962172233409715
qwen3_30b_a3b_moe,37,down_proj,0.0,moe_expert_mean_max,128,0.23096050298772752,0.23096050310414284,1.1641532182693481e-10,2.9802322387695312e-08,1.000000005567687,1.0000001060542218,1.862645149230957e-08,4.76837158203125e-07,3.2389347034245453,6.8962172233409715
qwen3_30b_a3b_moe,37,down_proj,0.05,moe_expert_mean_max,128,0.23096050298772752,0.2417862784350291,0.010825775447301567,0.014443367719650269,1.0594024945997986,1.101363195484245,0.18778002634644508,0.5869207382202148,3.2389347034245453,6.8962172233409715
qwen3_30b_a3b_moe,37,down_proj,0.1,moe_expert_mean_max,128,0.23096050298772752,0.25252139125950634,0.021560888271778822,0.0287800133228302,1.1224503092447426,1.2130008796775382,0.3875285480171442,1.2333335876464844,3.2389347034245453,6.8962172233409715
qwen3_30b_a3b_moe,37,down_proj,0.15,moe_expert_mean_max,128,0.23096050298772752,0.2631636515725404,0.03220314858481288,0.04300481081008911,1.18937527446237,1.3359544682463749,0.6000397261232138,1.9452686309814453,3.2389347034245453,6.8962172233409715
qwen3_30b_a3b_moe,37,down_proj,0.2,moe_expert_mean_max,128,0.23096050298772752,0.2737110137240961,0.0427505107363686,0.05711278319358826,1.260424461696351,1.4713709513380702,0.8261624220758677,2.729367256164551,3.2389347034245453,6.8962172233409715
qwen3_30b_a3b_moe,37,up_proj,-0.2,moe_expert_mean_max,128,0.22189664700999856,0.17967450874857605,-0.042222138261422515,-0.036738112568855286,0.8165076283102903,0.8830286635828927,-0.5057263895869255,-0.21712863445281982,2.807694672488524,4.942841600450343
qwen3_30b_a3b_moe,37,up_proj,-0.15,moe_expert_mean_max,128,0.22189664700999856,0.19035661173984408,-0.031540035270154476,-0.02743130922317505,0.8588526106842478,0.9109217953226544,-0.3892465643584728,-0.16535186767578125,2.807694672488524,4.942841600450343
qwen3_30b_a3b_moe,37,up_proj,-0.1,moe_expert_mean_max,128,0.22189664700999856,0.20095593947917223,-0.02094070753082633,-0.01820509135723114,0.903465224216639,0.9396960940432059,-0.26637577172368765,-0.1119394302368164,2.807694672488524,4.942841600450343
qwen3_30b_a3b_moe,37,up_proj,-0.05,moe_expert_mean_max,128,0.22189664700999856,0.2114700514357537,-0.010426595574244857,-0.009060800075531006,0.9504703608904829,0.9693792387015269,-0.13675391301512718,-0.056839942932128906,2.807694672488524,4.942841600450343
qwen3_30b_a3b_moe,37,up_proj,0.0,moe_expert_mean_max,128,0.22189664700999856,0.22189664689358324,-1.1641532182693481e-10,2.9802322387695312e-08,1.0000000025040316,1.000000086698244,7.450580596923828e-09,2.384185791015625e-07,2.807694672488524,4.942841600450343
qwen3_30b_a3b_moe,37,up_proj,0.05,moe_expert_mean_max,128,0.22189664700999856,0.23223355098161846,0.010336903971619904,0.013839691877365112,1.0521935852032118,1.0831755970153094,0.14428898692131042,0.36217832565307617,2.807694672488524,4.942841600450343
qwen3_30b_a3b_moe,37,up_proj,0.1,moe_expert_mean_max,128,0.22189664700999856,0.24247872934211046,0.020582082332111895,0.027565211057662964,1.1071984536278716,1.1732692160067877,0.29653939697891474,0.7544803619384766,2.807694672488524,4.942841600450343
qwen3_30b_a3b_moe,37,up_proj,0.15,moe_expert_mean_max,128,0.22189664700999856,0.25263029255438596,0.0307336455443874,0.04117104411125183,1.1651702875159016,1.2708565375001053,0.45720227528363466,1.179412841796875,2.807694672488524,4.942841600450343
qwen3_30b_a3b_moe,37,up_proj,0.2,moe_expert_mean_max,128,0.22189664700999856,0.26268646551761776,0.0407898185076192,0.05465194582939148,1.2262736541482033,1.3765605492279125,0.6267549702897668,1.639688491821289,2.807694672488524,4.942841600450343
qwen3_30b_a3b_moe,38,down_proj,-0.2,moe_expert_mean_max,128,0.2274020476033911,0.1838754053460434,-0.0435266422573477,-0.03837147355079651,0.7900073788432733,0.8537350432315586,-0.6897174762561917,-0.32475709915161133,3.3451484022139364,8.101885387799689
qwen3_30b_a3b_moe,38,down_proj,-0.15,moe_expert_mean_max,128,0.2274020476033911,0.1948747766437009,-0.03252727095969021,-0.028659343719482422,0.8378252370624969,0.8881623347414734,-0.5332721369341016,-0.24831700325012207,3.3451484022139364,8.101885387799689
qwen3_30b_a3b_moe,38,down_proj,-0.1,moe_expert_mean_max,128,0.2274020476033911,0.2057973522460088,-0.021604695357382298,-0.01902557909488678,0.8886319398527133,0.9239778295514421,-0.3666410818696022,-0.1687946319580078,3.3451484022139364,8.101885387799689
qwen3_30b_a3b_moe,38,down_proj,-0.05,moe_expert_mean_max,128,0.2274020476033911,0.21664058195892721,-0.010761465644463897,-0.009471938014030457,0.9426212501410747,0.9612376871854382,-0.1891312412917614,-0.08606529235839844,3.3451484022139364,8.101885387799689
qwen3_30b_a3b_moe,38,down_proj,0.0,moe_expert_mean_max,128,0.2274020476033911,0.2274020476033911,0.0,2.9802322387695312e-08,1.0000000093734045,1.0000000980734356,3.166496753692627e-08,4.76837158203125e-07,3.3451484022139364,8.101885387799689
qwen3_30b_a3b_moe,38,down_proj,0.05,moe_expert_mean_max,128,0.2274020476033911,0.23807947826571763,0.010677430662326515,0.015215277671813965,1.0609891211289724,1.1102718572810772,0.20154883712530136,0.7331786155700684,3.3451484022139364,8.101885387799689
qwen3_30b_a3b_moe,38,down_proj,0.1,moe_expert_mean_max,128,0.2274020476033911,0.2486706953495741,0.021268647746182978,0.03033629059791565,1.1258244908731705,1.2327034841712001,0.41636863350868225,1.5472054481506348,3.3451484022139364,8.101885387799689
qwen3_30b_a3b_moe,38,down_proj,0.15,moe_expert_mean_max,128,0.2274020476033911,0.2591736956965178,0.031771648093126714,0.0453563928604126,1.1947581649385492,1.368636069170931,0.6453748494386673,2.450997829437256,3.3451484022139364,8.101885387799689
qwen3_30b_a3b_moe,38,down_proj,0.2,moe_expert_mean_max,128,0.2274020476033911,0.2695865685818717,0.04218452097848058,0.06026902794837952,1.2680593822809,1.5195578933221205,0.889549259096384,3.454451084136963,3.3451484022139364,8.101885387799689
qwen3_30b_a3b_moe,38,up_proj,-0.2,moe_expert_mean_max,128,0.22191818908322603,0.17963871790561825,-0.042279471177607775,-0.03682279586791992,0.8145213901987514,0.880730933573186,-0.519588639959693,-0.22352969646453857,2.8493079207509027,4.729871385813098
qwen3_30b_a3b_moe,38,up_proj,-0.15,moe_expert_mean_max,128,0.22191818908322603,0.19033258385024965,-0.03158560523297638,-0.027494758367538452,0.8572707672070118,0.9091435201718552,-0.4000899512320757,-0.17027997970581055,2.8493079207509027,4.729871385813098
qwen3_30b_a3b_moe,38,up_proj,-0.1,moe_expert_mean_max,128,0.22191818908322603,0.2009454017970711,-0.020972787286154926,-0.01824723184108734,0.9023454570700167,0.9384726959161165,-0.27391819935292006,-0.11531233787536621,2.8493079207509027,4.729871385813098
qwen3_30b_a3b_moe,38,up_proj,-0.05,moe_expert_mean_max,128,0.22191818908322603,0.21147470665164292,-0.010443482431583107,-0.009081870317459106,0.9498758808618304,0.9687479620828473,-0.14069016464054585,-0.058571457862854004,2.8493079207509027,4.729871385813098
qwen3_30b_a3b_moe,38,up_proj,0.0,moe_expert_mean_max,128,0.22191818908322603,0.22191818908322603,0.0,2.9802322387695312e-08,1.000000004635882,1.0000000867591183,1.3969838619232178e-08,2.384185791015625e-07,2.8493079207509027,4.729871385813098
qwen3_30b_a3b_moe,38,up_proj,0.05,moe_expert_mean_max,128,0.22191818908322603,0.23227365443017334,0.010355465346947312,0.014359921216964722,1.0528637325004946,1.0807928235956947,0.14858206920325756,0.32856082916259766,2.8493079207509027,4.729871385813098
qwen3_30b_a3b_moe,38,up_proj,0.1,moe_expert_mean_max,128,0.22191818908322603,0.24253905506338924,0.020620865980163217,0.028575241565704346,1.1086214135200185,1.168113168720661,0.30551115702837706,0.6836671829223633,2.8493079207509027,4.729871385813098
qwen3_30b_a3b_moe,38,up_proj,0.15,moe_expert_mean_max,128,0.22191818908322603,0.25271245860494673,0.030794269521720707,0.04263871908187866,1.1674363313723997,1.2624883259140962,0.47126934956759214,1.0674633979797363,2.8493079207509027,4.729871385813098
qwen3_30b_a3b_moe,38,up_proj,0.2,moe_expert_mean_max,128,0.22191818908322603,0.26279208064079285,0.04087389155756682,0.05654376745223999,1.229481209390022,1.3644883833684802,0.6463672230020165,1.4822678565979004,2.8493079207509027,4.729871385813098
qwen3_30b_a3b_moe,39,down_proj,-0.2,moe_expert_mean_max,128,0.2323878421448171,0.18778422591276467,-0.044603616232052445,-0.03836140036582947,0.7862842644959172,0.8563142768882038,-0.7146541029214859,-0.3115081787109375,3.413682451764824,8.01702385431865
qwen3_30b_a3b_moe,39,down_proj,-0.15,moe_expert_mean_max,128,0.2323878421448171,0.19905078108422458,-0.03333706106059253,-0.028643399477005005,0.8348732609598868,0.8901739424683051,-0.5527167487889528,-0.23810100555419922,3.413682451764824,8.01702385431865
qwen3_30b_a3b_moe,39,down_proj,-0.1,moe_expert_mean_max,128,0.2323878421448171,0.21024204639252275,-0.02214579575229436,-0.01900939643383026,0.8865515928325981,0.9253725237345487,-0.38012139685451984,-0.16179108619689941,3.413682451764824,8.01702385431865
qwen3_30b_a3b_moe,39,down_proj,-0.05,moe_expert_mean_max,128,0.2323878421448171,0.221355275134556,-0.011032567010261118,-0.009461119771003723,0.9415217466449992,0.9619628075065937,-0.19614177942276,-0.08246397972106934,3.413682451764824,8.01702385431865
qwen3_30b_a3b_moe,39,down_proj,0.0,moe_expert_mean_max,128,0.2323878421448171,0.2323878420284018,-1.1641532182693481e-10,0.0,1.0000000021826696,1.0000000842783892,9.313225746154785e-09,2.384185791015625e-07,3.413682451764824,8.01702385431865
qwen3_30b_a3b_moe,39,down_proj,0.05,moe_expert_mean_max,128,0.2323878421448171,0.24333726917393506,0.010949427029117942,0.015128791332244873,1.0622172768581943,1.1096874729006838,0.2091369740664959,0.6984372138977051,3.413682451764824,8.01702385431865
qwen3_30b_a3b_moe,39,down_proj,0.1,moe_expert_mean_max,128,0.2323878421448171,0.2542012024205178,0.02181336027570069,0.030249327421188354,1.128420255716706,1.2314062558738588,0.43216159008443356,1.4734840393066406,3.413682451764824,8.01702385431865
qwen3_30b_a3b_moe,39,down_proj,0.15,moe_expert_mean_max,128,0.2323878421448171,0.2649774121819064,0.03258957003708929,0.045356422662734985,1.1988724513751312,1.3664759124428678,0.6700300425291061,2.333542823791504,3.413682451764824,8.01702385431865
qwen3_30b_a3b_moe,39,down_proj,0.2,moe_expert_mean_max,128,0.2323878421448171,0.275663805892691,0.0432759637478739,0.06044450402259827,1.2738554179278088,1.5163609851323137,0.9237670861184597,3.2879390716552734,3.413682451764824,8.01702385431865
qwen3_30b_a3b_moe,39,up_proj,-0.2,moe_expert_mean_max,128,0.22190101200249046,0.17963117838371545,-0.04226983361877501,-0.03661175072193146,0.8111648860757547,0.8814993516634164,-0.542773125693202,-0.22688519954681396,2.90304162190342,4.926266306186701
qwen3_30b_a3b_moe,39,up_proj,-0.15,moe_expert_mean_max,128,0.22190101200249046,0.19032269809395075,-0.03157831390853971,-0.027336403727531433,0.8546303433610996,0.9097383230615185,-0.4180970676243305,-0.17281794548034668,2.90304162190342,4.926266306186701
qwen3_30b_a3b_moe,39,up_proj,-0.1,moe_expert_mean_max,128,0.22190101200249046,0.20093309856019914,-0.02096791344229132,-0.01814168691635132,0.9004990115328599,0.9388819646372958,-0.2863540891557932,-0.11701858043670654,2.90304162190342,4.926266306186701
qwen3_30b_a3b_moe,39,up_proj,-0.05,moe_expert_mean_max,128,0.22190101200249046,0.21145996532868594,-0.010441046673804522,-0.009029105305671692,0.9489074036507462,0.9689591660646947,-0.14713347051292658,-0.05943179130554199,2.90304162190342,4.926266306186701
qwen3_30b_a3b_moe,39,up_proj,0.0,moe_expert_mean_max,128,0.22190101200249046,0.22190101235173643,3.4924596548080444e-10,2.9802322387695312e-08,1.0000000024809717,1.0000000874891481,7.450580596923828e-09,2.384185791015625e-07,2.90304162190342,4.926266306186701
qwen3_30b_a3b_moe,39,up_proj,0.05,moe_expert_mean_max,128,0.22190101200249046,0.23225409793667495,0.010353085934184492,0.013109683990478516,1.0539297035496522,1.082993615686215,0.15550746396183968,0.3855404853820801,2.90304162190342,4.926266306186701
qwen3_30b_a3b_moe,39,up_proj,0.1,moe_expert_mean_max,128,0.22190101200249046,0.24251719273161143,0.02061618072912097,0.026113003492355347,1.11085831491065,1.17287512962989,0.31987748946994543,0.8030781745910645,2.90304162190342,4.926266306186701
qwen3_30b_a3b_moe,39,up_proj,0.15,moe_expert_mean_max,128,0.22190101200249046,0.2526884195394814,0.03078740753699094,0.03900530934333801,1.1709571154196952,1.2702162836800344,0.493627886287868,1.2552690505981445,2.90304162190342,4.926266306186701
qwen3_30b_a3b_moe,39,up_proj,0.2,moe_expert_mean_max,128,0.22190101200249046,0.2627660286379978,0.040865016635507345,0.051782578229904175,1.2344073520662993,1.3756361397920112,0.6773072769865394,1.7449889183044434,2.90304162190342,4.926266306186701
qwen3_30b_a3b_moe,40,down_proj,-0.2,moe_expert_mean_max,128,0.22719396417960525,0.18384648975916207,-0.04334747442044318,-0.03673069179058075,0.7937590720049886,0.8796382000454062,-0.6764135425910354,-0.2388312816619873,3.259166212688913,5.457370027150375
qwen3_30b_a3b_moe,40,down_proj,-0.15,moe_expert_mean_max,128,0.22719396417960525,0.19480716588441283,-0.03238679829519242,-0.02742542326450348,0.8408012190225217,0.908297407843677,-0.5225674519315362,-0.18196344375610352,3.259166212688913,5.457370027150375
qwen3_30b_a3b_moe,40,down_proj,-0.1,moe_expert_mean_max,128,0.22719396417960525,0.205686928704381,-0.021507035475224257,-0.018200933933258057,0.8907315147395077,0.9378903309282345,-0.3589799599722028,-0.12324285507202148,3.259166212688913,5.457370027150375
qwen3_30b_a3b_moe,40,down_proj,-0.05,moe_expert_mean_max,128,0.22719396417960525,0.2164833014830947,-0.010710662696510553,-0.009058639407157898,0.9437328366649607,0.9684473682139454,-0.18501650728285313,-0.06260919570922852,3.259166212688913,5.457370027150375
qwen3_30b_a3b_moe,40,down_proj,0.0,moe_expert_mean_max,128,0.22719396417960525,0.22719396487809718,6.984919309616089e-10,2.9802322387695312e-08,0.9999999923805234,1.0000000822574537,-2.2351741790771484e-08,2.384185791015625e-07,3.259166212688913,5.457370027150375
qwen3_30b_a3b_moe,40,down_proj,0.05,moe_expert_mean_max,128,0.22719396417960525,0.2378167131682858,0.010622748988680542,0.014207303524017334,1.059740496146853,1.0885521012376407,0.19679188448935747,0.4272575378417969,3.259166212688913,5.457370027150375
qwen3_30b_a3b_moe,40,down_proj,0.1,moe_expert_mean_max,128,0.22719396417960525,0.2483494949992746,0.021155530819669366,0.028336435556411743,1.1231753778565843,1.1849453996043724,0.40612990874797106,0.8923482894897461,3.259166212688913,5.457370027150375
qwen3_30b_a3b_moe,40,down_proj,0.15,moe_expert_mean_max,128,0.22719396417960525,0.2587904023239389,0.03159643814433366,0.04238101840019226,1.1905401626064716,1.2898747535234096,0.6288366513326764,1.3986248970031738,3.259166212688913,5.457370027150375
qwen3_30b_a3b_moe,40,down_proj,0.2,moe_expert_mean_max,128,0.22719396417960525,0.2691376404836774,0.04194367630407214,0.05633464455604553,1.2620857410266642,1.4040956028734388,0.8657897775992751,1.9497323036193848,3.259166212688913,5.457370027150375
qwen3_30b_a3b_moe,40,up_proj,-0.2,moe_expert_mean_max,128,0.22323691856581718,0.18070858484134078,-0.0425283337244764,-0.037228599190711975,0.8070532274263156,0.8773323670623707,-0.5704329935833812,-0.23233044147491455,2.97714883769074,4.479851880573038
qwen3_30b_a3b_moe,40,up_proj,-0.15,moe_expert_mean_max,128,0.22323691856581718,0.19146489654667675,-0.03177202201914042,-0.027799591422080994,0.8513790337628533,0.9065110814323092,-0.43964051734656096,-0.17706644535064697,2.97714883769074,4.479851880573038
qwen3_30b_a3b_moe,40,up_proj,-0.1,moe_expert_mean_max,128,0.22323691856581718,0.20213995303492993,-0.021096965530887246,-0.018450811505317688,0.8982135755897257,0.936660220873983,-0.30127434246242046,-0.11996448040008545,2.97714883769074,4.479851880573038
qwen3_30b_a3b_moe,40,up_proj,-0.05,moe_expert_mean_max,128,0.22323691856581718,0.21273137780372053,-0.010505540762096643,-0.009183764457702637,0.9477024776867883,0.9678120741448059,-0.15488601382821798,-0.06096339225769043,2.97714883769074,4.479851880573038
qwen3_30b_a3b_moe,40,up_proj,0.0,moe_expert_mean_max,128,0.22323691856581718,0.22323691844940186,-1.1641532182693481e-10,2.9802322387695312e-08,0.999999999603947,1.0000000878009068,-3.725290298461914e-09,2.384185791015625e-07,2.97714883769074,4.479851880573038
qwen3_30b_a3b_moe,40,up_proj,0.05,moe_expert_mean_max,128,0.22323691856581718,0.2336544650606811,0.010417546494863927,0.01239156723022461,1.0552695809024901,1.0778620524848832,0.16388801950961351,0.3114297389984131,2.97714883769074,4.479851880573038
qwen3_30b_a3b_moe,40,up_proj,0.1,moe_expert_mean_max,128,0.22323691856581718,0.24398202542215586,0.02074510685633868,0.024693936109542847,1.1136843789503375,1.1617865549100719,0.33731288369745016,0.6471078395843506,2.97714883769074,4.479851880573038
qwen3_30b_a3b_moe,40,up_proj,0.15,moe_expert_mean_max,128,0.22323691856581718,0.25421776331495494,0.03098084474913776,0.03690335154533386,1.1754278383012982,1.2522456636688322,0.5208417708054185,1.008922815322876,2.97714883769074,4.479851880573038
qwen3_30b_a3b_moe,40,up_proj,0.2,moe_expert_mean_max,128,0.22323691856581718,0.2643599424045533,0.04112302383873612,0.04901629686355591,1.2406943182755492,1.3497479557523713,0.7150761922821403,1.3989088535308838,2.97714883769074,4.479851880573038
qwen3_30b_a3b_moe,41,down_proj,-0.2,moe_expert_mean_max,128,0.2297255202429369,0.18589462398085743,-0.04383089626207948,-0.03711925446987152,0.796540957091732,0.8792350378411156,-0.6770802261307836,-0.23855161666870117,3.254492976372321,6.4228284265712405
qwen3_30b_a3b_moe,41,down_proj,-0.15,moe_expert_mean_max,128,0.2297255202429369,0.19697847706265748,-0.032747043180279434,-0.027720868587493896,0.8429351987046422,0.9079851488829195,-0.5234113819897175,-0.18176043033599854,3.254492976372321,6.4228284265712405
qwen3_30b_a3b_moe,41,down_proj,-0.1,moe_expert_mean_max,128,0.2297255202429369,0.2079799622297287,-0.02174555801320821,-0.018400460481643677,0.8921843731211326,0.9376753736315304,-0.35979960951954126,-0.12311220169067383,3.254492976372321,6.4228284265712405
qwen3_30b_a3b_moe,41,down_proj,-0.05,moe_expert_mean_max,128,0.2297255202429369,0.21889646642375737,-0.010829053819179535,-0.009159713983535767,0.9444734518412125,0.9683363692806229,-0.18557006679475307,-0.06254637241363525,3.254492976372321,6.4228284265712405
qwen3_30b_a3b_moe,41,down_proj,0.0,moe_expert_mean_max,128,0.2297255202429369,0.2297255202429369,0.0,2.9802322387695312e-08,1.000000000167344,1.0000000989662676,0.0,4.76837158203125e-07,3.254492976372321,6.4228284265712405
qwen3_30b_a3b_moe,41,down_proj,0.05,moe_expert_mean_max,128,0.2297255202429369,0.2404647908406332,0.010739270597696304,0.014376550912857056,1.0589750022677202,1.0974539456777965,0.19768452644348145,0.5012702941894531,3.254492976372321,6.4228284265712405
qwen3_30b_a3b_moe,41,down_proj,0.1,moe_expert_mean_max,128,0.2297255202429369,0.2511120904237032,0.021386570180766284,0.028658956289291382,1.1216238492107848,1.2044053032508257,0.4083125442266464,1.0513920783996582,3.254492976372321,6.4228284265712405
qwen3_30b_a3b_moe,41,down_proj,0.15,moe_expert_mean_max,128,0.2297255202429369,0.26166536659002304,0.03193984634708613,0.04284211993217468,1.188187387246066,1.3217793493750465,0.6327723171561956,1.6551246643066406,3.254492976372321,6.4228284265712405
qwen3_30b_a3b_moe,41,down_proj,0.2,moe_expert_mean_max,128,0.2297255202429369,0.2721227004658431,0.04239718022290617,0.05692121386528015,1.258922970674086,1.4505919323217742,0.8720155712217093,2.3176932334899902,3.254492976372321,6.4228284265712405
qwen3_30b_a3b_moe,41,up_proj,-0.2,moe_expert_mean_max,128,0.22418996505439281,0.1814738978864625,-0.042716067167930305,-0.03711484372615814,0.8006207028662601,0.872552800843392,-0.6206163503229618,-0.25651979446411133,3.0982643253137425,5.794981376527629
qwen3_30b_a3b_moe,41,up_proj,-0.15,moe_expert_mean_max,128,0.22418996505439281,0.19227747281547636,-0.03191249223891646,-0.027716100215911865,0.8462891928955566,0.902804633918101,-0.4787664860486984,-0.19563031196594238,3.0982643253137425,5.794981376527629
qwen3_30b_a3b_moe,41,up_proj,-0.1,moe_expert_mean_max,128,0.22418996505439281,0.20299958414398134,-0.021190380910411477,-0.018396347761154175,0.8946331395279914,0.9341053766242996,-0.32840188778936863,-0.1326296329498291,3.0982643253137425,5.794981376527629
qwen3_30b_a3b_moe,41,up_proj,-0.05,moe_expert_mean_max,128,0.22418996505439281,0.213637831970118,-0.010552133084274828,-0.009157136082649231,0.9458132224790434,0.9664912758673789,-0.1689986865967512,-0.0674448013305664,3.0982643253137425,5.794981376527629
qwen3_30b_a3b_moe,41,up_proj,0.0,moe_expert_mean_max,128,0.22418996505439281,0.22418996575288475,6.984919309616089e-10,4.470348358154297e-08,1.0000000007654453,1.0000000861853204,1.862645149230957e-09,2.384185791015625e-07,3.0982643253137425,5.794981376527629
qwen3_30b_a3b_moe,41,up_proj,0.05,moe_expert_mean_max,128,0.22418996505439281,0.23465385183226317,0.010463886777870357,0.01309862732887268,1.0573745658136717,1.0918238825904862,0.17918631620705128,0.5021610260009766,3.0982643253137425,5.794981376527629
qwen3_30b_a3b_moe,41,up_proj,0.1,moe_expert_mean_max,128,0.22418996505439281,0.24502751475665718,0.02083754970226437,0.026059329509735107,1.118129147299919,1.1920794372130743,0.36918974854052067,1.0504326820373535,3.0982643253137425,5.794981376527629
qwen3_30b_a3b_moe,41,up_proj,0.15,moe_expert_mean_max,128,0.22418996505439281,0.25530909711960703,0.031119132065214217,0.03887864947319031,1.182467876037037,1.3015408525108292,0.5706797409802675,1.6490488052368164,3.0982643253137425,5.794981376527629
qwen3_30b_a3b_moe,41,up_proj,0.2,moe_expert_mean_max,128,0.22418996505439281,0.2654968750430271,0.04130690998863429,0.05155351758003235,1.2506074635118802,1.421053292411809,0.7843680735677481,2.302631378173828,3.0982643253137425,5.794981376527629
qwen3_30b_a3b_moe,42,down_proj,-0.2,moe_expert_mean_max,128,0.2234601122327149,0.1810134631814435,-0.04244664905127138,-0.036687806248664856,0.8122979076201656,0.8844916789453141,-0.5810474865138531,-0.221052885055542,2.94494571379772,5.66216702027813
qwen3_30b_a3b_moe,42,down_proj,-0.15,moe_expert_mean_max,128,0.2234601122327149,0.19175544963218272,-0.031704662600532174,-0.02739645540714264,0.855426057064659,0.9120535101940286,-0.4481737660244107,-0.16830670833587646,2.94494571379772,5.66216702027813
qwen3_30b_a3b_moe,42,down_proj,-0.1,moe_expert_mean_max,128,0.2234601122327149,0.2024121079593897,-0.021048004273325205,-0.018183723092079163,0.9009871268726884,0.9404742134699389,-0.3073801873251796,-0.11391687393188477,2.94494571379772,5.66216702027813
qwen3_30b_a3b_moe,42,down_proj,-0.05,moe_expert_mean_max,128,0.2234601122327149,0.21298106957692653,-0.010479042655788362,-0.009051099419593811,0.9491268068189193,0.9697805117277642,-0.15816668793559074,-0.05783224105834961,2.94494571379772,5.66216702027813
qwen3_30b_a3b_moe,42,down_proj,0.0,moe_expert_mean_max,128,0.2234601122327149,0.2234601122327149,0.0,1.4901161193847656e-08,1.000000004133384,1.000000098646501,1.4901161193847656e-08,4.76837158203125e-07,2.94494571379772,5.66216702027813
qwen3_30b_a3b_moe,42,down_proj,0.05,moe_expert_mean_max,128,0.2234601122327149,0.23384715127758682,0.010387039044871926,0.014384478330612183,1.0537714561008176,1.09055880847947,0.1676887422800064,0.4817781448364258,2.94494571379772,5.66216702027813
qwen3_30b_a3b_moe,42,down_proj,0.1,moe_expert_mean_max,128,0.2234601122327149,0.24414024164434522,0.020680129411630332,0.02862948179244995,1.1106164431414347,1.1893186779816851,0.34550650976598263,1.0071864128112793,2.94494571379772,5.66216702027813
qwen3_30b_a3b_moe,42,down_proj,0.15,moe_expert_mean_max,128,0.2234601122327149,0.2543375827372074,0.03087747050449252,0.04272884130477905,1.1707214009787799,1.2970221935684874,0.5341008771210909,1.5801753997802734,2.94494571379772,5.66216702027813
qwen3_30b_a3b_moe,42,down_proj,0.2,moe_expert_mean_max,128,0.2234601122327149,0.2644375020172447,0.040977389784529805,0.056676775217056274,1.2342847473106735,1.4144792524781145,0.7341630663722754,2.2050538063049316,2.94494571379772,5.66216702027813
qwen3_30b_a3b_moe,42,up_proj,-0.2,moe_expert_mean_max,128,0.2216917056357488,0.17944211442954838,-0.04224959120620042,-0.03683948516845703,0.7963036822300676,0.878367879899328,-0.672944757156074,-0.23899006843566895,3.2069238588947746,5.8667888872558756
qwen3_30b_a3b_moe,42,up_proj,-0.15,moe_expert_mean_max,128,0.2216917056357488,0.1901264633052051,-0.0315652423305437,-0.027508974075317383,0.8428249679319073,0.9073134139917035,-0.5197273995727301,-0.18211615085601807,3.2069238588947746,5.8667888872558756
qwen3_30b_a3b_moe,42,up_proj,-0.1,moe_expert_mean_max,128,0.2216917056357488,0.20073101308662444,-0.02096069254912436,-0.018257901072502136,0.8921622310177856,0.9372128117689379,-0.3569171167910099,-0.1233680248260498,3.2069238588947746,5.8667888872558756
qwen3_30b_a3b_moe,42,up_proj,-0.05,moe_expert_mean_max,128,0.2216917056357488,0.2112534788902849,-0.010438226745463908,-0.00908777117729187,0.9444914553665237,0.9680975612893213,-0.1838947758078575,-0.0626838207244873,3.2069238588947746,5.8667888872558756
qwen3_30b_a3b_moe,42,up_proj,0.0,moe_expert_mean_max,128,0.2216917056357488,0.2216917062178254,5.820766091346741e-10,2.9802322387695312e-08,1.0000000020822544,1.0000000970328613,5.587935447692871e-09,4.76837158203125e-07,3.2069238588947746,5.8667888872558756
qwen3_30b_a3b_moe,42,up_proj,0.05,moe_expert_mean_max,128,0.2216917056357488,0.23204368085134774,0.01035197521559894,0.01319834589958191,1.0588872992162535,1.0924963190330257,0.19547152239829302,0.5107965469360352,3.2069238588947746,5.8667888872558756
qwen3_30b_a3b_moe,42,up_proj,0.1,moe_expert_mean_max,128,0.2216917056357488,0.24230751406867057,0.020615808432921767,0.026317715644836426,1.1213656803840366,1.1935484038090711,0.40327107068151236,1.0688409805297852,3.2069238588947746,5.8667888872558756
qwen3_30b_a3b_moe,42,up_proj,0.15,moe_expert_mean_max,128,0.2216917056357488,0.2524814468342811,0.030789741198532283,0.03935438394546509,1.1876611846759841,1.3039473643309378,0.6242000116035342,1.678502082824707,3.2069238588947746,5.8667888872558756
qwen3_30b_a3b_moe,42,up_proj,0.2,moe_expert_mean_max,128,0.2216917056357488,0.26256385375745595,0.04087214812170714,0.05230492353439331,1.2580145182362066,1.4245578781327939,0.8591133402660489,2.344554901123047,3.2069238588947746,5.8667888872558756
qwen3_30b_a3b_moe,43,down_proj,-0.2,moe_expert_mean_max,128,0.21724005148280412,0.17613675200846046,-0.04110329947434366,-0.03662915527820587,0.8296716669765405,0.8851629184749152,-0.4830824611708522,-0.22349238395690918,2.631243980590084,5.727498180480436
qwen3_30b_a3b_moe,43,down_proj,-0.15,moe_expert_mean_max,128,0.21724005148280412,0.18654521740972996,-0.030694834073074162,-0.027346834540367126,0.8691564574976272,0.9125725468817474,-0.3716319836676121,-0.17014861106872559,2.631243980590084,5.727498180480436
qwen3_30b_a3b_moe,43,down_proj,-0.1,moe_expert_mean_max,128,0.21724005148280412,0.19686662964522839,-0.020373421837575734,-0.018146872520446777,0.9106334702751256,0.9408309623200302,-0.25420152861624956,-0.11515295505523682,2.631243980590084,5.727498180480436
qwen3_30b_a3b_moe,43,down_proj,-0.05,moe_expert_mean_max,128,0.21724005148280412,0.20709889440331608,-0.010141157079488039,-0.009030833840370178,0.9542100927946289,0.969964442457115,-0.13044631388038397,-0.058454275131225586,2.631243980590084,5.727498180480436
qwen3_30b_a3b_moe,43,down_proj,0.0,moe_expert_mean_max,128,0.21724005148280412,0.21724005159921944,1.1641532182693481e-10,2.9802322387695312e-08,1.0000000011746966,1.0000000895823438,3.725290298461914e-09,4.76837158203125e-07,2.631243980590084,5.727498180480436
qwen3_30b_a3b_moe,43,down_proj,0.05,moe_expert_mean_max,128,0.21724005148280412,0.22728827723767608,0.010048225754871964,0.013776898384094238,1.048123423434753,1.0911847032056325,0.13752641808241606,0.4853663444519043,2.631243980590084,5.727498180480436
qwen3_30b_a3b_moe,43,down_proj,0.1,moe_expert_mean_max,128,0.21724005148280412,0.23724188725464046,0.02000183577183634,0.02744385600090027,1.0987076193551568,1.1906839916530756,0.2825462659820914,1.0149903297424316,2.631243980590084,5.727498180480436
qwen3_30b_a3b_moe,43,down_proj,0.15,moe_expert_mean_max,128,0.21724005148280412,0.24709932890255004,0.029859277419745922,0.04099613428115845,1.1518873283349924,1.299256090300436,0.4354988718405366,1.5929079055786133,2.631243980590084,5.727498180480436
qwen3_30b_a3b_moe,43,down_proj,0.2,moe_expert_mean_max,128,0.21724005148280412,0.2568591757444665,0.039619124261662364,0.05442896485328674,1.207805153802681,1.4177282920929068,0.5968510350212455,2.223522663116455,2.631243980590084,5.727498180480436
qwen3_30b_a3b_moe,43,up_proj,-0.2,moe_expert_mean_max,128,0.2209204126847908,0.17882420518435538,-0.04209620750043541,-0.037146031856536865,0.7962131436781748,0.880402472203788,-0.6769680883735418,-0.23051750659942627,3.2030983204551338,6.086518092411019
qwen3_30b_a3b_moe,43,up_proj,-0.15,moe_expert_mean_max,128,0.2209204126847908,0.18946979951579124,-0.03145061316899955,-0.027739986777305603,0.8427630879964992,0.9088891596473899,-0.5227841790765524,-0.17561101913452148,3.2030983204551338,6.086518092411019
qwen3_30b_a3b_moe,43,up_proj,-0.1,moe_expert_mean_max,128,0.2209204126847908,0.2000358400400728,-0.02088457264471799,-0.01841259002685547,0.8921255579738397,0.9382976354742565,-0.3589802710339427,-0.11892783641815186,3.2030983204551338,6.086518092411019
qwen3_30b_a3b_moe,43,up_proj,-0.05,moe_expert_mean_max,128,0.2209204126847908,0.21052008029073477,-0.010400332394056022,-0.009165436029434204,0.944475722648623,0.9686576487592904,-0.18493846524506807,-0.06041061878204346,3.2030983204551338,6.086518092411019
qwen3_30b_a3b_moe,43,up_proj,0.0,moe_expert_mean_max,128,0.2209204126847908,0.2209204128012061,1.1641532182693481e-10,2.9802322387695312e-08,1.0000000066442976,1.0000000806958045,2.2351741790771484e-08,2.384185791015625e-07,3.2030983204551338,6.086518092411019
qwen3_30b_a3b_moe,43,up_proj,0.05,moe_expert_mean_max,128,0.2209204126847908,0.23123484861571342,0.010314435930922627,0.014815330505371094,1.0588967757249035,1.0945067297241446,0.19653747975826263,0.5057086944580078,3.2030983204551338,6.086518092411019
qwen3_30b_a3b_moe,43,up_proj,0.1,moe_expert_mean_max,128,0.2209204126847908,0.24146153579931706,0.020541123114526272,0.02954787015914917,1.121377159586499,1.1979448991443629,0.40542275458574295,1.0592098236083984,3.2030983204551338,6.086518092411019
qwen3_30b_a3b_moe,43,up_proj,0.15,moe_expert_mean_max,128,0.2209204126847908,0.25159874791279435,0.03067833522800356,0.04419013857841492,1.187665912059072,1.3111589262133228,0.6274544466286898,1.6650218963623047,3.2030983204551338,6.086518092411019
qwen3_30b_a3b_moe,43,up_proj,0.2,moe_expert_mean_max,128,0.2209204126847908,0.2616448887856677,0.04072447610087693,0.05873444676399231,1.2580022390805286,1.4350724487612694,0.8634841479361057,2.328087329864502,3.2030983204551338,6.086518092411019
qwen3_30b_a3b_moe,44,down_proj,-0.2,moe_expert_mean_max,128,0.21995521325152367,0.17824178433511406,-0.04171342891640961,-0.036393821239471436,0.8219158069581376,0.8828325849974084,-0.5378975039348006,-0.23360466957092285,2.782038555066738,5.918409568594143
qwen3_30b_a3b_moe,44,down_proj,-0.15,moe_expert_mean_max,128,0.21995521325152367,0.188799797790125,-0.03115541546139866,-0.027171120047569275,0.8630056229215358,0.9107700690567274,-0.41447343304753304,-0.17791485786437988,2.782038555066738,5.918409568594143
qwen3_30b_a3b_moe,44,down_proj,-0.1,moe_expert_mean_max,128,0.21995521325152367,0.19927276659291238,-0.020682446658611298,-0.0180303156375885,0.9062972236477789,0.9395917136692151,-0.2839766498655081,-0.12045514583587646,2.782038555066738,5.918409568594143
qwen3_30b_a3b_moe,44,down_proj,-0.05,moe_expert_mean_max,128,0.21995521325152367,0.2096585649996996,-0.010296648251824081,-0.008972853422164917,0.9519172210902521,0.969325394551584,-0.1459729950875044,-0.06116962432861328,2.782038555066738,5.918409568594143
qwen3_30b_a3b_moe,44,down_proj,0.0,moe_expert_mean_max,128,0.21995521325152367,0.21995521348435432,2.3283064365386963e-10,2.9802322387695312e-08,0.9999999995117943,1.0000000890702994,-1.862645149230957e-09,2.384185791015625e-07,2.782038555066738,5.918409568594143
qwen3_30b_a3b_moe,44,down_proj,0.05,moe_expert_mean_max,128,0.21995521325152367,0.23016085685230792,0.010205643600784242,0.01352652907371521,1.050688257617479,1.0929751512543266,0.15443513076752424,0.5295014381408691,2.782038555066738,5.918409568594143
qwen3_30b_a3b_moe,44,down_proj,0.1,moe_expert_mean_max,128,0.21995521325152367,0.24027378321625292,0.02031856996472925,0.02692556381225586,1.1041335296839858,1.1945944475051617,0.3178575923666358,1.108232021331787,2.782038555066738,5.918409568594143
qwen3_30b_a3b_moe,44,down_proj,0.15,moe_expert_mean_max,128,0.21995521325152367,0.25029240793082863,0.030337194679304957,0.04019242525100708,1.1604967515674096,1.3056620108410795,0.4908271348103881,1.7407712936401367,2.782038555066738,5.918409568594143
qwen3_30b_a3b_moe,44,down_proj,0.2,moe_expert_mean_max,128,0.21995521325152367,0.2602152758045122,0.04026006255298853,0.05332252383232117,1.219948870232216,1.4270559787532255,0.6739404322579503,2.4321203231811523,2.782038555066738,5.918409568594143
qwen3_30b_a3b_moe,44,up_proj,-0.2,moe_expert_mean_max,128,0.2179325451143086,0.17644571873825043,-0.04148682637605816,-0.036614105105400085,0.7987336606279829,0.8817413258950554,-0.68506084010005,-0.22794771194458008,3.1931580676752085,5.557668925815966
qwen3_30b_a3b_moe,44,up_proj,-0.15,moe_expert_mean_max,128,0.2179325451143086,0.18693791213445365,-0.03099463297985494,-0.027342036366462708,0.8446962280626542,0.9099256036148428,-0.5293017905205488,-0.1736215353012085,3.1931580676752085,5.557668925815966
qwen3_30b_a3b_moe,44,up_proj,-0.1,moe_expert_mean_max,128,0.2179325451143086,0.1973511369433254,-0.020581408170983195,-0.01814800500869751,0.8934420048506724,0.9390108460867962,-0.36364907026290894,-0.11755871772766113,3.1931580676752085,5.557668925815966
qwen3_30b_a3b_moe,44,up_proj,-0.05,moe_expert_mean_max,128,0.2179325451143086,0.2076833281898871,-0.01024921692442149,-0.009033545851707458,0.945147285497466,0.9690256877617841,-0.18744825571775436,-0.05970406532287598,3.1931580676752085,5.557668925815966
qwen3_30b_a3b_moe,44,up_proj,0.0,moe_expert_mean_max,128,0.2179325451143086,0.2179325451143086,0.0,2.9802322387695312e-08,1.000000001005332,1.0000001022081666,1.862645149230957e-09,4.76837158203125e-07,3.1931580676752085,5.557668925815966
qwen3_30b_a3b_moe,44,up_proj,0.05,moe_expert_mean_max,128,0.2179325451143086,0.22809698595665395,0.010164440842345357,0.013459622859954834,1.0582004934490434,1.0895436337890627,0.19944305066019297,0.510859489440918,3.1931580676752085,5.557668925815966
qwen3_30b_a3b_moe,44,up_proj,0.1,moe_expert_mean_max,128,0.2179325451143086,0.238174962811172,0.020242417696863413,0.026820391416549683,1.1199623316515097,1.1871052821174004,0.4116795603185892,1.0674629211425781,3.1931580676752085,5.557668925815966
qwen3_30b_a3b_moe,44,up_proj,0.15,moe_expert_mean_max,128,0.2179325451143086,0.24816492048557848,0.03023237537126988,0.040077775716781616,1.1855133075040911,1.293403065955299,0.6375634670257568,1.6739072799682617,3.1931580676752085,5.557668925815966
qwen3_30b_a3b_moe,44,up_proj,0.2,moe_expert_mean_max,128,0.2179325451143086,0.2580654282355681,0.04013288312125951,0.05322748422622681,1.2550963060358575,1.4092191286966054,0.8780075535178185,2.3346548080444336,3.1931580676752085,5.557668925815966
qwen3_30b_a3b_moe,45,down_proj,-0.2,moe_expert_mean_max,128,0.21283915673848242,0.17249538388568908,-0.040343772852793336,-0.03620050847530365,0.8314668317093288,0.8836611991333055,-0.5031321085989475,-0.22990095615386963,2.6548208617111304,6.254261229075023
qwen3_30b_a3b_moe,45,down_proj,-0.15,moe_expert_mean_max,128,0.21283915673848242,0.18270564184058458,-0.03013351489789784,-0.02702970802783966,0.8704746381181476,0.9114111438458791,-0.38759143371134996,-0.1750633716583252,2.6548208617111304,6.254261229075023
qwen3_30b_a3b_moe,45,down_proj,-0.1,moe_expert_mean_max,128,0.21283915673848242,0.1928342228056863,-0.02000493393279612,-0.017938420176506042,0.9114888525431575,0.9400325366353852,-0.2655004896223545,-0.11850368976593018,2.6548208617111304,6.254261229075023
qwen3_30b_a3b_moe,45,down_proj,-0.05,moe_expert_mean_max,128,0.21283915673848242,0.2028792971977964,-0.009959859540686011,-0.008928060531616211,0.9546235441711635,0.9695527648358214,-0.13644936587661505,-0.060167789459228516,2.6548208617111304,6.254261229075023
qwen3_30b_a3b_moe,45,down_proj,0.0,moe_expert_mean_max,128,0.21283915673848242,0.21283915627282113,-4.656612873077393e-10,0.0,1.000000004105098,1.0000001048419471,1.30385160446167e-08,4.76837158203125e-07,2.6548208617111304,6.254261229075023
qwen3_30b_a3b_moe,45,down_proj,0.05,moe_expert_mean_max,128,0.21283915673848242,0.22271222178824246,0.009873065049760044,0.013826370239257812,1.0477470823196833,1.0959956174686158,0.14431545604020357,0.5503945350646973,2.6548208617111304,6.254261229075023
qwen3_30b_a3b_moe,45,down_proj,0.1,moe_expert_mean_max,128,0.21283915673848242,0.23249702446628362,0.019657867727801204,0.027509570121765137,1.0980018328296288,1.2012063105591013,0.29699708987027407,1.1536240577697754,2.6548208617111304,6.254261229075023
qwen3_30b_a3b_moe,45,down_proj,0.15,moe_expert_mean_max,128,0.21283915673848242,0.24219222425017506,0.029353067511692643,0.04104474186897278,1.1509100079849859,1.3165168023788223,0.45857951138168573,1.8147611618041992,2.6548208617111304,6.254261229075023
qwen3_30b_a3b_moe,45,down_proj,0.2,moe_expert_mean_max,128,0.21283915673848242,0.2517965823644772,0.0389574256259948,0.054659485816955566,1.2066266559586982,1.4428968951608108,0.6296342713758349,2.5393662452697754,2.6548208617111304,6.254261229075023
qwen3_30b_a3b_moe,45,up_proj,-0.2,moe_expert_mean_max,128,0.2130036789458245,0.17251578462310135,-0.04048789432272315,-0.036234334111213684,0.7982789076066613,0.8800720789731686,-0.7113013230264187,-0.2368004322052002,3.222296964639865,7.369974741410745
qwen3_30b_a3b_moe,45,up_proj,-0.15,moe_expert_mean_max,128,0.2130036789458245,0.18275685084518045,-0.030246828100644052,-0.02705700695514679,0.8443141903669134,0.9086333147362161,-0.5499596986919641,-0.1804056167602539,3.222296964639865,7.369974741410745
qwen3_30b_a3b_moe,45,up_proj,-0.1,moe_expert_mean_max,128,0.2130036789458245,0.19291971903294325,-0.020083959912881255,-0.017957910895347595,0.8931569028946417,0.938121588922727,-0.37811893224716187,-0.12218034267425537,3.222296964639865,7.369974741410745
qwen3_30b_a3b_moe,45,up_proj,-0.05,moe_expert_mean_max,128,0.2130036789458245,0.20300255971960723,-0.01000111922621727,-0.008938446640968323,0.9449878174227986,0.968566786522582,-0.195057125762105,-0.06206560134887695,3.222296964639865,7.369974741410745
qwen3_30b_a3b_moe,45,up_proj,0.0,moe_expert_mean_max,128,0.2130036789458245,0.21300367906223983,1.1641532182693481e-10,2.9802322387695312e-08,0.9999999981052768,1.0000000872916077,-1.30385160446167e-08,4.76837158203125e-07,3.222296964639865,7.369974741410745
qwen3_30b_a3b_moe,45,up_proj,0.05,moe_expert_mean_max,128,0.2130036789458245,0.22292149241548032,0.009917813469655812,0.013784408569335938,1.0583996573012697,1.1050278471385988,0.20788295846432447,0.8300032615661621,3.222296964639865,7.369974741410745
qwen3_30b_a3b_moe,45,up_proj,0.1,moe_expert_mean_max,128,0.2130036789458245,0.23275456321425736,0.019750884268432856,0.027421176433563232,1.1204070657715413,1.2210867247561825,0.4294828427955508,1.7471814155578613,3.222296964639865,7.369974741410745
qwen3_30b_a3b_moe,45,up_proj,0.15,moe_expert_mean_max,128,0.2130036789458245,0.24250155582558364,0.029497876879759133,0.04090598225593567,1.1862576155926547,1.3493350723703397,0.6657559471204877,2.7606892585754395,3.222296964639865,7.369974741410745
qwen3_30b_a3b_moe,45,up_proj,0.2,moe_expert_mean_max,128,0.2130036789458245,0.2521612658165395,0.03915758687071502,0.054234713315963745,1.2562028160934342,1.4910530323220856,0.9177285907790065,3.880643367767334,3.222296964639865,7.369974741410745
qwen3_30b_a3b_moe,46,down_proj,-0.2,moe_expert_mean_max,128,0.21166639891453087,0.1715442561544478,-0.04012214276008308,-0.03587426245212555,0.8193717658611355,0.8858503672278438,-0.5586741324514151,-0.22428393363952637,2.818542203421583,5.250116136259517
qwen3_30b_a3b_moe,46,down_proj,-0.15,moe_expert_mean_max,128,0.21166639891453087,0.18169809062965214,-0.02996830828487873,-0.026789098978042603,0.8610069418330293,0.9131040523990274,-0.43054690957069397,-0.17073523998260498,2.818542203421583,5.250116136259517
qwen3_30b_a3b_moe,46,down_proj,-0.1,moe_expert_mean_max,128,0.21166639891453087,0.19177089864388108,-0.01989550027064979,-0.017780736088752747,0.9049016953105439,0.9411962210242385,-0.29503137059509754,-0.1155390739440918,2.818542203421583,5.250116136259517
qwen3_30b_a3b_moe,46,down_proj,-0.05,moe_expert_mean_max,128,0.21166639891453087,0.20176088868174702,-0.009905510232783854,-0.008850589394569397,0.951186535135197,0.9701526585931995,-0.15167597122490406,-0.058644771575927734,2.818542203421583,5.250116136259517
qwen3_30b_a3b_moe,46,down_proj,0.0,moe_expert_mean_max,128,0.21166639891453087,0.21166639879811555,-1.1641532182693481e-10,1.4901161193847656e-08,1.0000000008367245,1.0000000865784375,3.725290298461914e-09,2.384185791015625e-07,2.818542203421583,5.250116136259517
qwen3_30b_a3b_moe,46,down_proj,0.05,moe_expert_mean_max,128,0.21166639891453087,0.2214858834631741,0.009819484548643231,0.013055533170700073,1.0514890841512645,1.0864467904442405,0.160508144646883,0.4721541404724121,2.818542203421583,5.250116136259517
qwen3_30b_a3b_moe,46,down_proj,0.1,moe_expert_mean_max,128,0.21166639891453087,0.23121792206075042,0.01955152314621955,0.02599465847015381,1.1058098310874394,1.1803665589274575,0.3303931374102831,0.9851241111755371,2.818542203421583,5.250116136259517
qwen3_30b_a3b_moe,46,down_proj,0.15,moe_expert_mean_max,128,0.21166639891453087,0.24086120980791748,0.029194810893386602,0.03881371021270752,1.1631278942715386,1.2824054438711663,0.5102349240332842,1.5424389839172363,2.818542203421583,5.250116136259517
qwen3_30b_a3b_moe,46,down_proj,0.2,moe_expert_mean_max,128,0.21166639891453087,0.2504145553102717,0.03874815639574081,0.051508963108062744,1.2236191778027465,1.3932653710839045,0.7006511222571135,2.147932529449463,2.818542203421583,5.250116136259517
qwen3_30b_a3b_moe,46,up_proj,-0.2,moe_expert_mean_max,128,0.2109827877720818,0.17084949440322816,-0.04013329336885363,-0.03579778969287872,0.7896442917861213,0.8828699574030431,-0.8337171962484717,-0.23193657398223877,3.501259427654537,8.121442921188011
qwen3_30b_a3b_moe,46,up_proj,-0.15,moe_expert_mean_max,128,0.2109827877720818,0.1809972827322781,-0.029985505039803684,-0.026733174920082092,0.8373028141559787,0.9107989971109779,-0.646478857845068,-0.17663252353668213,3.501259427654537,8.121442921188011
qwen3_30b_a3b_moe,46,up_proj,-0.1,moe_expert_mean_max,128,0.2109827877720818,0.19106977060437202,-0.019913017167709768,-0.017744436860084534,0.8880973546347855,0.9396116179998677,-0.4458102183416486,-0.11957883834838867,3.501259427654537,8.121442921188011
qwen3_30b_a3b_moe,46,up_proj,-0.05,moe_expert_mean_max,128,0.2109827877720818,0.20106541423592716,-0.009917373536154628,-0.008832946419715881,0.9422501038003286,0.9693356332812407,-0.23068634327501059,-0.06072044372558594,3.501259427654537,8.121442921188011
qwen3_30b_a3b_moe,46,up_proj,0.0,moe_expert_mean_max,128,0.2109827877720818,0.21098278800491244,2.3283064365386963e-10,1.4901161193847656e-08,0.9999999971354465,1.000000101842141,-7.450580596923828e-09,4.76837158203125e-07,3.501259427654537,8.121442921188011
qwen3_30b_a3b_moe,46,up_proj,0.05,moe_expert_mean_max,128,0.2109827877720818,0.22082060703542084,0.009837819263339043,0.012536406517028809,1.0616040083278695,1.110405482009878,0.24744501151144505,0.9132823944091797,3.501259427654537,8.121442921188011
qwen3_30b_a3b_moe,46,up_proj,0.1,moe_expert_mean_max,128,0.2109827877720818,0.2305776928551495,0.019594905083067715,0.025009065866470337,1.1273385906065305,1.23300052260235,0.5129415020346642,1.9273977279663086,3.501259427654537,8.121442921188011
qwen3_30b_a3b_moe,46,up_proj,0.15,moe_expert_mean_max,128,0.2109827877720818,0.24025301542133093,0.029270227649249136,0.03741583228111267,1.1975012362305284,1.3691306527779492,0.7978868596255779,3.053476333618164,3.501259427654537,8.121442921188011
qwen3_30b_a3b_moe,46,up_proj,0.2,moe_expert_mean_max,128,0.2109827877720818,0.24984565027989447,0.03886286250781268,0.04975485801696777,1.2724121367312358,1.5202903561593235,1.1037919707596302,4.30388069152832,3.501259427654537,8.121442921188011
qwen3_30b_a3b_moe,47,down_proj,-0.2,moe_expert_mean_max,128,0.23083789937663823,0.18723800277803093,-0.0435998965986073,-0.03669793903827667,0.7476185273488325,0.8572118580247061,-1.128565488383174,-0.3127295970916748,4.491186115286051,8.321017060040031
qwen3_30b_a3b_moe,47,down_proj,-0.15,moe_expert_mean_max,128,0.23083789937663823,0.1982751094037667,-0.03256278997287154,-0.02740691602230072,0.8037597430201946,0.8908736435386141,-0.8786742547526956,-0.2390047311782837,4.491186115286051,8.321017060040031
qwen3_30b_a3b_moe,47,down_proj,-0.1,moe_expert_mean_max,128,0.23083789937663823,0.20922159124165773,-0.0216163081349805,-0.018192782998085022,0.8642947103933014,0.9258573005778874,-0.6084442092105746,-0.1623847484588623,4.491186115286051,8.321017060040031
qwen3_30b_a3b_moe,47,down_proj,-0.05,moe_expert_mean_max,128,0.23083789937663823,0.22007620858494192,-0.01076169079169631,-0.00905674695968628,0.9295795184909438,0.9622148091848027,-0.31617011688649654,-0.08275580406188965,4.491186115286051,8.321017060040031
qwen3_30b_a3b_moe,47,down_proj,0.0,moe_expert_mean_max,128,0.23083789937663823,0.2308378992602229,-1.1641532182693481e-10,2.9802322387695312e-08,0.9999999972213446,1.0000000925139814,-1.4901161193847656e-08,4.76837158203125e-07,4.491186115286051,8.321017060040031
qwen3_30b_a3b_moe,47,down_proj,0.05,moe_expert_mean_max,128,0.23083789937663823,0.241505766636692,0.010667867260053754,0.01540401577949524,1.0759742706032327,1.111754329480553,0.3420777190476656,0.7997574806213379,4.491186115286051,8.321017060040031
qwen3_30b_a3b_moe,47,down_proj,0.1,moe_expert_mean_max,128,0.23083789937663823,0.25207905506249517,0.02124115568585694,0.03058144450187683,1.1579555066418181,1.2359975682361104,0.7122483011335135,1.6888904571533203,4.491186115286051,8.321017060040031
qwen3_30b_a3b_moe,47,down_proj,0.15,moe_expert_mean_max,128,0.23083789937663823,0.2625571796670556,0.03171928029041737,0.045527905225753784,1.2464349413083746,1.3741258349860035,1.1128859780728817,2.6773900985717773,4.491186115286051,8.321017060040031
qwen3_30b_a3b_moe,47,down_proj,0.2,moe_expert_mean_max,128,0.23083789937663823,0.2729396806098521,0.04210178123321384,0.06023964285850525,1.3419451212748583,1.5276902320863304,1.5465705264359713,3.7763566970825195,4.491186115286051,8.321017060040031
qwen3_30b_a3b_moe,47,up_proj,-0.2,moe_expert_mean_max,128,0.2191254576900974,0.17731092649046332,-0.041814531199634075,-0.035168036818504333,0.7512105322039734,0.8910539869845019,-1.3192839920520782,-0.2040342092514038,4.668709869545436,9.182103074627596
qwen3_30b_a3b_moe,47,up_proj,-0.15,moe_expert_mean_max,128,0.2191254576900974,0.18787320819683373,-0.03125224949326366,-0.026261329650878906,0.8062860512925184,0.9171239387623094,-1.0299853971228004,-0.15521037578582764,4.668709869545436,9.182103074627596
qwen3_30b_a3b_moe,47,up_proj,-0.1,moe_expert_mean_max,128,0.2191254576900974,0.19836371904239058,-0.020761738647706807,-0.017430216073989868,0.8658439544697168,0.9439565800396863,-0.7152598705142736,-0.104958176612854,4.668709869545436,9.182103074627596
qwen3_30b_a3b_moe,47,up_proj,-0.05,moe_expert_mean_max,128,0.2191254576900974,0.20878142851870507,-0.010344029171392322,-0.008676022291183472,0.9302736810613985,0.9715742529977669,-0.3727802140638232,-0.053235769271850586,4.668709869545436,9.182103074627596
qwen3_30b_a3b_moe,47,up_proj,0.0,moe_expert_mean_max,128,0.2191254576900974,0.2191254576900974,0.0,2.9802322387695312e-08,1.0000000018373394,1.0000001046789282,1.862645149230957e-09,9.5367431640625e-07,4.668709869545436,9.182103074627596
qwen3_30b_a3b_moe,47,up_proj,0.05,moe_expert_mean_max,128,0.2191254576900974,0.22939508699346334,0.010269629303365946,0.014317035675048828,1.075486241564859,1.1172414153186887,0.40586720779538155,1.0493154525756836,4.668709869545436,9.182103074627596
qwen3_30b_a3b_moe,47,up_proj,0.1,moe_expert_mean_max,128,0.2191254576900974,0.23958973621483892,0.02046427852474153,0.028485596179962158,1.1572378845524336,1.2482288910214157,0.8478708313778043,2.221658706665039,4.668709869545436,9.182103074627596
qwen3_30b_a3b_moe,47,up_proj,0.15,moe_expert_mean_max,128,0.2191254576900974,0.24970899696927518,0.030583539279177785,0.04250249266624451,1.2458066431416117,1.3945731170772135,1.3293493436649442,3.5314455032348633,4.668709869545436,9.182103074627596
qwen3_30b_a3b_moe,47,up_proj,0.2,moe_expert_mean_max,128,0.2191254576900974,0.2597525803139433,0.040627122623845935,0.05636438727378845,1.341794534885902,1.5580749846720197,1.8539568046107888,4.994793891906738,4.668709869545436,9.182103074627596
